ISO-10303-21;
HEADER;
FILE_DESCRIPTION(('FreeCAD Model'),'2;1');
FILE_NAME('Open CASCADE Shape Model','2023-02-15T14:35:51',(''),(''),
  'Open CASCADE STEP processor 7.6','FreeCAD','Unknown');
FILE_SCHEMA(('AUTOMOTIVE_DESIGN { 1 0 10303 214 1 1 1 1 }'));
ENDSEC;
DATA;
#1 = APPLICATION_PROTOCOL_DEFINITION('international standard',
  'automotive_design',2000,#2);
#2 = APPLICATION_CONTEXT(
  'core data for automotive mechanical design processes');
#3 = SHAPE_DEFINITION_REPRESENTATION(#4,#10);
#4 = PRODUCT_DEFINITION_SHAPE('','',#5);
#5 = PRODUCT_DEFINITION('design','',#6,#9);
#6 = PRODUCT_DEFINITION_FORMATION('','',#7);
#7 = PRODUCT('Body','Body','',(#8));
#8 = PRODUCT_CONTEXT('',#2,'mechanical');
#9 = PRODUCT_DEFINITION_CONTEXT('part definition',#2,'design');
#10 = ADVANCED_BREP_SHAPE_REPRESENTATION('',(#11,#15),#1733);
#11 = AXIS2_PLACEMENT_3D('',#12,#13,#14);
#12 = CARTESIAN_POINT('',(0.,0.,0.));
#13 = DIRECTION('',(0.,0.,1.));
#14 = DIRECTION('',(1.,0.,-0.));
#15 = MANIFOLD_SOLID_BREP('',#16);
#16 = CLOSED_SHELL('',(#17,#397,#602,#753,#904,#1001,#1172,#1289,#1406,
    #1469,#1575,#1642,#1684,#1726));
#17 = ADVANCED_FACE('',(#18),#32,.T.);
#18 = FACE_BOUND('',#19,.T.);
#19 = EDGE_LOOP('',(#20,#121,#213,#307));
#20 = ORIENTED_EDGE('',*,*,#21,.T.);
#21 = EDGE_CURVE('',#22,#24,#26,.T.);
#22 = VERTEX_POINT('',#23);
#23 = CARTESIAN_POINT('',(-2.,-3.5527136788E-15,-1.818989403546E-12));
#24 = VERTEX_POINT('',#25);
#25 = CARTESIAN_POINT('',(-2.1,-3.10862446895E-15,2.22044604925E-16));
#26 = SURFACE_CURVE('',#27,(#31,#43),.PCURVE_S1.);
#27 = LINE('',#28,#29);
#28 = CARTESIAN_POINT('',(-2.,-3.316450047883E-15,-7.363998406358E-31));
#29 = VECTOR('',#30,1.);
#30 = DIRECTION('',(-1.,1.009741958683E-28,2.796511909008E-27));
#31 = PCURVE('',#32,#37);
#32 = PLANE('',#33);
#33 = AXIS2_PLACEMENT_3D('',#34,#35,#36);
#34 = CARTESIAN_POINT('',(-2.05,3.45591040233E-15,1.499999999999));
#35 = DIRECTION('',(-1.375244004697E-13,1.,6.923971551436E-17));
#36 = DIRECTION('',(-1.,-1.375244004697E-13,-3.053655116985E-29));
#37 = DEFINITIONAL_REPRESENTATION('',(#38),#42);
#38 = LINE('',#39,#40);
#39 = CARTESIAN_POINT('',(-5.E-02,-1.499999999999));
#40 = VECTOR('',#41,1.);
#41 = DIRECTION('',(1.,2.817526309814E-27));
#42 = ( GEOMETRIC_REPRESENTATION_CONTEXT(2) 
PARAMETRIC_REPRESENTATION_CONTEXT() REPRESENTATION_CONTEXT('2D SPACE',''
  ) );
#43 = PCURVE('',#44,#115);
#44 = B_SPLINE_SURFACE_WITH_KNOTS('',1,9,(
    (#45,#46,#47,#48,#49,#50,#51,#52,#53,#54,#55,#56,#57,#58,#59,#60,#61
      ,#62,#63,#64,#65,#66,#67,#68,#69,#70,#71,#72,#73,#74,#75,#76,#77
      ,#78,#79)
    ,(#80,#81,#82,#83,#84,#85,#86,#87,#88,#89,#90,#91,#92,#93,#94,#95
      ,#96,#97,#98,#99,#100,#101,#102,#103,#104,#105,#106,#107,#108,#109
      ,#110,#111,#112,#113,#114
    )),.UNSPECIFIED.,.F.,.F.,.F.,(2,2),(10,8,9,8,10),(0.,0.1),(0.,
    1.573976207022,3.147952414045,4.721928621067,6.295904828089),
  .UNSPECIFIED.);
#45 = CARTESIAN_POINT('',(-2.,-3.330669073875E-15,-7.395570986447E-31));
#46 = CARTESIAN_POINT('',(-1.999999635562,-0.349065090385,0.277777782689
    ));
#47 = CARTESIAN_POINT('',(-1.93145829333,-0.698133877069,0.555555594003)
  );
#48 = CARTESIAN_POINT('',(-1.794392607221,-1.031815185333,0.833333198254
    ));
#49 = CARTESIAN_POINT('',(-1.592778505341,-1.334743071708,1.111111328848
    ));
#50 = CARTESIAN_POINT('',(-1.334754137053,-1.592793252425,1.388888724906
    ));
#51 = CARTESIAN_POINT('',(-1.031812956191,-1.794383942321,1.666666726142
    ));
#52 = CARTESIAN_POINT('',(-0.698132395498,-1.931460300943,1.944444440902
    ));
#53 = CARTESIAN_POINT('',(-0.349065807839,-1.999999627483,2.222222227482
    ));
#54 = CARTESIAN_POINT('',(0.349065854719,-2.000000008531,2.777777777258)
  );
#55 = CARTESIAN_POINT('',(0.69813050476,-1.931460989867,3.055555565654)
  );
#56 = CARTESIAN_POINT('',(1.031822949708,-1.794384950924,3.333333274078)
  );
#57 = CARTESIAN_POINT('',(1.334730205291,-1.592785237377,3.611111288969)
  );
#58 = CARTESIAN_POINT('',(1.592808250919,-1.334754504693,3.888888663288)
  );
#59 = CARTESIAN_POINT('',(1.794373122078,-1.031808343769,4.166666820996)
  );
#60 = CARTESIAN_POINT('',(1.931464111171,-0.698135451923,4.444444398173)
  );
#61 = CARTESIAN_POINT('',(1.9999993339,-0.349065091185,4.722222231239));
#62 = CARTESIAN_POINT('',(2.000000003191,-2.537003940262E-10,
    4.999999999956));
#63 = CARTESIAN_POINT('',(1.999999628927,0.349065090218,5.2777777828));
#64 = CARTESIAN_POINT('',(1.931458294561,0.698133874804,5.555555593941)
  );
#65 = CARTESIAN_POINT('',(1.794392613563,1.031815188444,5.833333198273)
  );
#66 = CARTESIAN_POINT('',(1.592778491102,1.334743069037,6.111111328811)
  );
#67 = CARTESIAN_POINT('',(1.334754156842,1.592793253746,6.388888725051)
  );
#68 = CARTESIAN_POINT('',(1.031812934822,1.794383941978,6.666666725893)
  );
#69 = CARTESIAN_POINT('',(0.69813241416,1.931460301043,6.944444441158));
#70 = CARTESIAN_POINT('',(0.349065794798,1.999999627459,7.222222227304)
  );
#71 = CARTESIAN_POINT('',(-0.349065827418,2.000000008516,7.777777777626)
  );
#72 = CARTESIAN_POINT('',(-0.698130652144,1.931460989947,8.055555563685)
  );
#73 = CARTESIAN_POINT('',(-1.031822564338,1.794384950707,8.333333279212)
  );
#74 = CARTESIAN_POINT('',(-1.33473090735,1.592785238438,8.611111279606)
  );
#75 = CARTESIAN_POINT('',(-1.592807274775,1.334754502682,8.888888676373)
  );
#76 = CARTESIAN_POINT('',(-1.794374194637,1.031808346258,9.16666680653)
  );
#77 = CARTESIAN_POINT('',(-1.931463169795,0.698135450588,9.444444410909)
  );
#78 = CARTESIAN_POINT('',(-1.999999991468,0.349065091227,9.722222222335)
  );
#79 = CARTESIAN_POINT('',(-1.999999644259,5.697395888404E-10,
    10.000000004813));
#80 = CARTESIAN_POINT('',(-2.1,-1.68753899743E-14,2.22044604925E-16));
#81 = CARTESIAN_POINT('',(-2.099999635562,-0.366518383264,0.277777782687
    ));
#82 = CARTESIAN_POINT('',(-2.028031347677,-0.733040460872,0.555555593982
    ));
#83 = CARTESIAN_POINT('',(-1.884111767728,-1.083406059384,0.83333319832)
  );
#84 = CARTESIAN_POINT('',(-1.672418159053,-1.401480223344,1.111111328745
    ));
#85 = CARTESIAN_POINT('',(-1.401491291952,-1.672432908169,1.388888724971
    ));
#86 = CARTESIAN_POINT('',(-1.083403827232,-1.884103102155,1.66666672613)
  );
#87 = CARTESIAN_POINT('',(-0.73303898085,-2.028033355377,1.944444440895)
  );
#88 = CARTESIAN_POINT('',(-0.36651910036,-2.099999627483,2.222222227479)
  );
#89 = CARTESIAN_POINT('',(0.36651914724,-2.100000008531,2.777777777258)
  );
#90 = CARTESIAN_POINT('',(0.733037090112,-2.028034044301,3.055555565639)
  );
#91 = CARTESIAN_POINT('',(1.083413820749,-1.884104110758,3.333333274125)
  );
#92 = CARTESIAN_POINT('',(1.401467360189,-1.67242489312,3.611111288874)
  );
#93 = CARTESIAN_POINT('',(1.672447904634,-1.40149165633,3.888888663395)
  );
#94 = CARTESIAN_POINT('',(1.884092282583,-1.083399217819,4.166666820919)
  );
#95 = CARTESIAN_POINT('',(2.028037165519,-0.733042035726,4.444444398199)
  );
#96 = CARTESIAN_POINT('',(2.0999993339,-0.366518384063,4.722222231231));
#97 = CARTESIAN_POINT('',(2.100000003191,-2.536719723167E-10,
    4.999999999956));
#98 = CARTESIAN_POINT('',(2.099999628927,0.366518383096,5.277777782798)
  );
#99 = CARTESIAN_POINT('',(2.028031348908,0.733040458606,5.555555593912)
  );
#100 = CARTESIAN_POINT('',(1.884111774069,1.083406062496,5.833333198359)
  );
#101 = CARTESIAN_POINT('',(1.672418144814,1.401480220673,6.111111328678)
  );
#102 = CARTESIAN_POINT('',(1.40149131174,1.67243290949,6.388888725144));
#103 = CARTESIAN_POINT('',(1.083403805863,1.884103101812,6.666666725865)
  );
#104 = CARTESIAN_POINT('',(0.733038999512,2.028033355476,6.944444441154)
  );
#105 = CARTESIAN_POINT('',(0.366519087319,2.099999627459,7.222222227301)
  );
#106 = CARTESIAN_POINT('',(-0.366519119939,2.100000008516,7.777777777625
    ));
#107 = CARTESIAN_POINT('',(-0.733037237496,2.028034044381,8.055555563675
    ));
#108 = CARTESIAN_POINT('',(-1.083413435378,1.88410411054,8.333333279263)
  );
#109 = CARTESIAN_POINT('',(-1.40146806225,1.672424894182,8.611111279459)
  );
#110 = CARTESIAN_POINT('',(-1.672446928486,1.401491654316,8.888888676558
    ));
#111 = CARTESIAN_POINT('',(-1.884093355144,1.08339922031,9.166666806404)
  );
#112 = CARTESIAN_POINT('',(-2.028036224142,0.73304203439,9.444444410942)
  );
#113 = CARTESIAN_POINT('',(-2.099999991468,0.366518384106,9.722222222334
    ));
#114 = CARTESIAN_POINT('',(-2.099999644259,5.69682523377E-10,
    10.000000004809));
#115 = DEFINITIONAL_REPRESENTATION('',(#116),#120);
#116 = LINE('',#117,#118);
#117 = CARTESIAN_POINT('',(0.,0.));
#118 = VECTOR('',#119,1.);
#119 = DIRECTION('',(1.,0.));
#120 = ( GEOMETRIC_REPRESENTATION_CONTEXT(2) 
PARAMETRIC_REPRESENTATION_CONTEXT() REPRESENTATION_CONTEXT('2D SPACE',''
  ) );
#121 = ORIENTED_EDGE('',*,*,#122,.T.);
#122 = EDGE_CURVE('',#24,#123,#125,.T.);
#123 = VERTEX_POINT('',#124);
#124 = CARTESIAN_POINT('',(-2.1,9.992007221626E-15,3.));
#125 = SURFACE_CURVE('',#126,(#129,#135),.PCURVE_S1.);
#126 = B_SPLINE_CURVE_WITH_KNOTS('',1,(#127,#128),.UNSPECIFIED.,.F.,.F.,
  (2,2),(0.,3.),.PIECEWISE_BEZIER_KNOTS.);
#127 = CARTESIAN_POINT('',(-2.1,-3.10862446895E-15,2.22044604925E-16));
#128 = CARTESIAN_POINT('',(-2.1,9.992007221626E-15,3.));
#129 = PCURVE('',#32,#130);
#130 = DEFINITIONAL_REPRESENTATION('',(#131),#134);
#131 = B_SPLINE_CURVE_WITH_KNOTS('',1,(#132,#133),.UNSPECIFIED.,.F.,.F.,
  (2,2),(0.,3.),.PIECEWISE_BEZIER_KNOTS.);
#132 = CARTESIAN_POINT('',(5.E-02,-1.499999999999));
#133 = CARTESIAN_POINT('',(5.E-02,1.500000000001));
#134 = ( GEOMETRIC_REPRESENTATION_CONTEXT(2) 
PARAMETRIC_REPRESENTATION_CONTEXT() REPRESENTATION_CONTEXT('2D SPACE',''
  ) );
#135 = PCURVE('',#136,#207);
#136 = B_SPLINE_SURFACE_WITH_KNOTS('',1,9,(
    (#137,#138,#139,#140,#141,#142,#143,#144,#145,#146,#147,#148,#149
      ,#150,#151,#152,#153,#154,#155,#156,#157,#158,#159,#160,#161,#162
      ,#163,#164,#165,#166,#167,#168,#169,#170,#171)
    ,(#172,#173,#174,#175,#176,#177,#178,#179,#180,#181,#182,#183,#184
      ,#185,#186,#187,#188,#189,#190,#191,#192,#193,#194,#195,#196,#197
      ,#198,#199,#200,#201,#202,#203,#204,#205,#206
  )),.UNSPECIFIED.,.F.,.F.,.F.,(2,2),(10,8,9,8,10),(0.,3.),(0.,
    1.573976207022,3.147952414045,4.721928621067,6.295904828089),
  .UNSPECIFIED.);
#137 = CARTESIAN_POINT('',(-2.1,-3.10862446895E-15,2.22044604925E-16));
#138 = CARTESIAN_POINT('',(-2.099999635562,-0.366518383264,
    0.277777782687));
#139 = CARTESIAN_POINT('',(-2.028031347677,-0.733040460872,
    0.555555593982));
#140 = CARTESIAN_POINT('',(-1.884111767727,-1.083406059385,0.83333319832
    ));
#141 = CARTESIAN_POINT('',(-1.672418159054,-1.401480223344,
    1.111111328745));
#142 = CARTESIAN_POINT('',(-1.401491291951,-1.672432908169,
    1.388888724971));
#143 = CARTESIAN_POINT('',(-1.083403827232,-1.884103102154,1.66666672613
    ));
#144 = CARTESIAN_POINT('',(-0.73303898085,-2.028033355377,1.944444440895
    ));
#145 = CARTESIAN_POINT('',(-0.36651910036,-2.099999627483,2.222222227479
    ));
#146 = CARTESIAN_POINT('',(0.36651914724,-2.100000008531,2.777777777258)
  );
#147 = CARTESIAN_POINT('',(0.733037090112,-2.028034044301,3.055555565639
    ));
#148 = CARTESIAN_POINT('',(1.083413820749,-1.884104110757,3.333333274125
    ));
#149 = CARTESIAN_POINT('',(1.401467360189,-1.672424893121,3.611111288874
    ));
#150 = CARTESIAN_POINT('',(1.672447904633,-1.401491656329,3.888888663395
    ));
#151 = CARTESIAN_POINT('',(1.884092282583,-1.08339921782,4.166666820919)
  );
#152 = CARTESIAN_POINT('',(2.028037165519,-0.733042035726,4.444444398199
    ));
#153 = CARTESIAN_POINT('',(2.0999993339,-0.366518384063,4.722222231231)
  );
#154 = CARTESIAN_POINT('',(2.100000003191,-2.536861831715E-10,
    4.999999999956));
#155 = CARTESIAN_POINT('',(2.099999628927,0.366518383096,5.277777782798)
  );
#156 = CARTESIAN_POINT('',(2.028031348908,0.733040458606,5.555555593912)
  );
#157 = CARTESIAN_POINT('',(1.88411177407,1.083406062496,5.833333198359)
  );
#158 = CARTESIAN_POINT('',(1.672418144813,1.401480220672,6.111111328678)
  );
#159 = CARTESIAN_POINT('',(1.401491311741,1.672432909491,6.388888725144)
  );
#160 = CARTESIAN_POINT('',(1.083403805863,1.884103101811,6.666666725865)
  );
#161 = CARTESIAN_POINT('',(0.733038999512,2.028033355476,6.944444441154)
  );
#162 = CARTESIAN_POINT('',(0.366519087319,2.099999627459,7.222222227301)
  );
#163 = CARTESIAN_POINT('',(-0.366519119939,2.100000008516,7.777777777625
    ));
#164 = CARTESIAN_POINT('',(-0.733037237496,2.028034044381,8.055555563675
    ));
#165 = CARTESIAN_POINT('',(-1.083413435378,1.88410411054,8.333333279263)
  );
#166 = CARTESIAN_POINT('',(-1.40146806225,1.672424894182,8.611111279459)
  );
#167 = CARTESIAN_POINT('',(-1.672446928486,1.401491654316,8.888888676558
    ));
#168 = CARTESIAN_POINT('',(-1.884093355144,1.08339922031,9.166666806404)
  );
#169 = CARTESIAN_POINT('',(-2.028036224142,0.733042034391,9.444444410942
    ));
#170 = CARTESIAN_POINT('',(-2.099999991468,0.366518384106,9.722222222334
    ));
#171 = CARTESIAN_POINT('',(-2.099999644259,5.696967342317E-10,
    10.000000004809));
#172 = CARTESIAN_POINT('',(-2.1,9.992007221626E-15,3.));
#173 = CARTESIAN_POINT('',(-2.099999635635,-0.36651838327,3.277777782687
    ));
#174 = CARTESIAN_POINT('',(-2.028031348199,-0.733040461042,
    3.555555593994));
#175 = CARTESIAN_POINT('',(-1.88411176592,-1.083406058719,3.833333198292
    ));
#176 = CARTESIAN_POINT('',(-1.672418161957,-1.401480224511,
    4.111111328775));
#177 = CARTESIAN_POINT('',(-1.401491289655,-1.672432907397,
    4.388888724958));
#178 = CARTESIAN_POINT('',(-1.083403828209,-1.884103102288,
    4.666666726133));
#179 = CARTESIAN_POINT('',(-0.73303898069,-2.028033355481,4.944444440896
    ));
#180 = CARTESIAN_POINT('',(-0.366519100367,-2.099999627557,
    5.222222227481));
#181 = CARTESIAN_POINT('',(0.366519147238,-2.10000000853,5.777777777259)
  );
#182 = CARTESIAN_POINT('',(0.733037090331,-2.028034044268,6.055555565649
    ));
#183 = CARTESIAN_POINT('',(1.083413819727,-1.884104110688,6.333333274064
    ));
#184 = CARTESIAN_POINT('',(1.40146736268,-1.672424893953,6.61111128901)
  );
#185 = CARTESIAN_POINT('',(1.672447901588,-1.401491655209,6.888888663257
    ));
#186 = CARTESIAN_POINT('',(1.884092284673,-1.083399218523,7.166666820989
    ));
#187 = CARTESIAN_POINT('',(2.028037164877,-0.733042035581,7.444444398183
    ));
#188 = CARTESIAN_POINT('',(2.099999334033,-0.36651838407,7.722222231233)
  );
#189 = CARTESIAN_POINT('',(2.100000003191,-2.536444387857E-10,
    7.999999999958));
#190 = CARTESIAN_POINT('',(2.099999629001,0.366518383103,8.2777777828));
#191 = CARTESIAN_POINT('',(2.02803134943,0.733040458777,8.555555593889)
  );
#192 = CARTESIAN_POINT('',(1.88411177226,1.08340606183,8.833333198426));
#193 = CARTESIAN_POINT('',(1.672418147722,1.401480221841,9.111111328578)
  );
#194 = CARTESIAN_POINT('',(1.401491309439,1.672432908717,9.388888725236)
  );
#195 = CARTESIAN_POINT('',(1.083403806844,1.884103101946,9.666666725819)
  );
#196 = CARTESIAN_POINT('',(0.733038999349,2.02803335558,9.944444441164)
  );
#197 = CARTESIAN_POINT('',(0.366519087329,2.099999627533,10.222222227302
    ));
#198 = CARTESIAN_POINT('',(-0.366519119942,2.100000008515,
    10.777777777627));
#199 = CARTESIAN_POINT('',(-0.733037237685,2.028034044348,
    11.055555563674));
#200 = CARTESIAN_POINT('',(-1.083413434434,1.884104110472,
    11.333333279251));
#201 = CARTESIAN_POINT('',(-1.401468064598,1.672424895013,
    11.611111279503));
#202 = CARTESIAN_POINT('',(-1.672446925638,1.401491653198,
    11.888888676505));
#203 = CARTESIAN_POINT('',(-1.884093357018,1.083399221012,
    12.166666806438));
#204 = CARTESIAN_POINT('',(-2.028036223689,0.733042034246,
    12.444444410932));
#205 = CARTESIAN_POINT('',(-2.09999999147,0.366518384112,12.722222222336
    ));
#206 = CARTESIAN_POINT('',(-2.09999964433,5.695965921149E-10,
    13.000000004811));
#207 = DEFINITIONAL_REPRESENTATION('',(#208),#212);
#208 = LINE('',#209,#210);
#209 = CARTESIAN_POINT('',(0.,0.));
#210 = VECTOR('',#211,1.);
#211 = DIRECTION('',(1.,0.));
#212 = ( GEOMETRIC_REPRESENTATION_CONTEXT(2) 
PARAMETRIC_REPRESENTATION_CONTEXT() REPRESENTATION_CONTEXT('2D SPACE',''
  ) );
#213 = ORIENTED_EDGE('',*,*,#214,.T.);
#214 = EDGE_CURVE('',#123,#215,#217,.T.);
#215 = VERTEX_POINT('',#216);
#216 = CARTESIAN_POINT('',(-2.,1.06581410364E-14,2.999999999998));
#217 = SURFACE_CURVE('',#218,(#222,#229),.PCURVE_S1.);
#218 = LINE('',#219,#220);
#219 = CARTESIAN_POINT('',(-2.1,1.022827085254E-14,3.));
#220 = VECTOR('',#221,1.);
#221 = DIRECTION('',(1.,-1.009741958683E-28,-2.796511909008E-27));
#222 = PCURVE('',#32,#223);
#223 = DEFINITIONAL_REPRESENTATION('',(#224),#228);
#224 = LINE('',#225,#226);
#225 = CARTESIAN_POINT('',(5.E-02,1.500000000001));
#226 = VECTOR('',#227,1.);
#227 = DIRECTION('',(-1.,-2.817526309814E-27));
#228 = ( GEOMETRIC_REPRESENTATION_CONTEXT(2) 
PARAMETRIC_REPRESENTATION_CONTEXT() REPRESENTATION_CONTEXT('2D SPACE',''
  ) );
#229 = PCURVE('',#230,#301);
#230 = B_SPLINE_SURFACE_WITH_KNOTS('',1,9,(
    (#231,#232,#233,#234,#235,#236,#237,#238,#239,#240,#241,#242,#243
      ,#244,#245,#246,#247,#248,#249,#250,#251,#252,#253,#254,#255,#256
      ,#257,#258,#259,#260,#261,#262,#263,#264,#265)
    ,(#266,#267,#268,#269,#270,#271,#272,#273,#274,#275,#276,#277,#278
      ,#279,#280,#281,#282,#283,#284,#285,#286,#287,#288,#289,#290,#291
      ,#292,#293,#294,#295,#296,#297,#298,#299,#300
  )),.UNSPECIFIED.,.F.,.F.,.F.,(2,2),(10,8,9,8,10),(0.,0.1),(0.,
    1.573976207022,3.147952414045,4.721928621067,6.295904828089),
  .UNSPECIFIED.);
#231 = CARTESIAN_POINT('',(-2.1,9.992007221626E-15,3.));
#232 = CARTESIAN_POINT('',(-2.099999635635,-0.36651838327,3.277777782687
    ));
#233 = CARTESIAN_POINT('',(-2.028031348199,-0.733040461042,
    3.555555593994));
#234 = CARTESIAN_POINT('',(-1.88411176592,-1.083406058719,3.833333198292
    ));
#235 = CARTESIAN_POINT('',(-1.672418161957,-1.401480224511,
    4.111111328775));
#236 = CARTESIAN_POINT('',(-1.401491289655,-1.672432907397,
    4.388888724958));
#237 = CARTESIAN_POINT('',(-1.083403828209,-1.884103102288,
    4.666666726133));
#238 = CARTESIAN_POINT('',(-0.73303898069,-2.028033355481,4.944444440896
    ));
#239 = CARTESIAN_POINT('',(-0.366519100367,-2.099999627557,
    5.222222227481));
#240 = CARTESIAN_POINT('',(0.366519147238,-2.10000000853,5.777777777259)
  );
#241 = CARTESIAN_POINT('',(0.733037090331,-2.028034044268,6.055555565649
    ));
#242 = CARTESIAN_POINT('',(1.083413819727,-1.884104110688,6.333333274064
    ));
#243 = CARTESIAN_POINT('',(1.40146736268,-1.672424893953,6.61111128901)
  );
#244 = CARTESIAN_POINT('',(1.672447901588,-1.401491655209,6.888888663257
    ));
#245 = CARTESIAN_POINT('',(1.884092284673,-1.083399218523,7.166666820989
    ));
#246 = CARTESIAN_POINT('',(2.028037164877,-0.733042035581,7.444444398183
    ));
#247 = CARTESIAN_POINT('',(2.099999334033,-0.36651838407,7.722222231233)
  );
#248 = CARTESIAN_POINT('',(2.100000003191,-2.536444387857E-10,
    7.999999999958));
#249 = CARTESIAN_POINT('',(2.099999629001,0.366518383103,8.2777777828));
#250 = CARTESIAN_POINT('',(2.02803134943,0.733040458777,8.555555593889)
  );
#251 = CARTESIAN_POINT('',(1.88411177226,1.08340606183,8.833333198426));
#252 = CARTESIAN_POINT('',(1.672418147722,1.401480221841,9.111111328578)
  );
#253 = CARTESIAN_POINT('',(1.401491309439,1.672432908717,9.388888725236)
  );
#254 = CARTESIAN_POINT('',(1.083403806844,1.884103101946,9.666666725819)
  );
#255 = CARTESIAN_POINT('',(0.733038999349,2.02803335558,9.944444441164)
  );
#256 = CARTESIAN_POINT('',(0.366519087329,2.099999627533,10.222222227302
    ));
#257 = CARTESIAN_POINT('',(-0.366519119942,2.100000008515,
    10.777777777627));
#258 = CARTESIAN_POINT('',(-0.733037237685,2.028034044348,
    11.055555563674));
#259 = CARTESIAN_POINT('',(-1.083413434434,1.884104110472,
    11.333333279251));
#260 = CARTESIAN_POINT('',(-1.401468064598,1.672424895013,
    11.611111279503));
#261 = CARTESIAN_POINT('',(-1.672446925638,1.401491653198,
    11.888888676505));
#262 = CARTESIAN_POINT('',(-1.884093357018,1.083399221012,
    12.166666806438));
#263 = CARTESIAN_POINT('',(-2.028036223689,0.733042034246,
    12.444444410932));
#264 = CARTESIAN_POINT('',(-2.09999999147,0.366518384112,12.722222222336
    ));
#265 = CARTESIAN_POINT('',(-2.09999964433,5.695965921149E-10,
    13.000000004811));
#266 = CARTESIAN_POINT('',(-2.,2.420286193683E-14,3.));
#267 = CARTESIAN_POINT('',(-1.999999635635,-0.349065090391,
    3.277777782689));
#268 = CARTESIAN_POINT('',(-1.931458293851,-0.698133877239,
    3.555555594015));
#269 = CARTESIAN_POINT('',(-1.794392605414,-1.031815184668,
    3.833333198226));
#270 = CARTESIAN_POINT('',(-1.592778508245,-1.334743072876,
    4.111111328878));
#271 = CARTESIAN_POINT('',(-1.334754134756,-1.592793251652,
    4.388888724893));
#272 = CARTESIAN_POINT('',(-1.031812957169,-1.794383942455,
    4.666666726145));
#273 = CARTESIAN_POINT('',(-0.698132395338,-1.931460301047,
    4.944444440903));
#274 = CARTESIAN_POINT('',(-0.349065807846,-1.999999627557,
    5.222222227484));
#275 = CARTESIAN_POINT('',(0.349065854716,-2.00000000853,5.77777777726)
  );
#276 = CARTESIAN_POINT('',(0.698130504978,-1.931460989834,6.055555565664
    ));
#277 = CARTESIAN_POINT('',(1.031822948687,-1.794384950856,6.333333274017
    ));
#278 = CARTESIAN_POINT('',(1.33473020778,-1.592785238207,6.611111289105)
  );
#279 = CARTESIAN_POINT('',(1.592808247876,-1.334754503575,6.88888866315)
  );
#280 = CARTESIAN_POINT('',(1.794373124167,-1.031808344471,7.166666821065
    ));
#281 = CARTESIAN_POINT('',(1.93146411053,-0.698135451778,7.444444398157)
  );
#282 = CARTESIAN_POINT('',(1.999999334033,-0.349065091191,7.722222231241
    ));
#283 = CARTESIAN_POINT('',(2.000000003191,-2.536724164059E-10,
    7.999999999958));
#284 = CARTESIAN_POINT('',(1.999999629001,0.349065090224,8.277777782802)
  );
#285 = CARTESIAN_POINT('',(1.931458295083,0.698133874974,8.555555593918)
  );
#286 = CARTESIAN_POINT('',(1.794392611753,1.031815187779,8.83333319834)
  );
#287 = CARTESIAN_POINT('',(1.59277849401,1.334743070205,9.111111328711)
  );
#288 = CARTESIAN_POINT('',(1.334754154539,1.592793252974,9.388888725143)
  );
#289 = CARTESIAN_POINT('',(1.031812935805,1.794383942111,9.666666725848)
  );
#290 = CARTESIAN_POINT('',(0.698132413996,1.931460301147,9.944444441167)
  );
#291 = CARTESIAN_POINT('',(0.349065794808,1.999999627533,10.222222227306
    ));
#292 = CARTESIAN_POINT('',(-0.349065827421,2.000000008515,
    10.777777777628));
#293 = CARTESIAN_POINT('',(-0.698130652332,1.931460989914,
    11.055555563684));
#294 = CARTESIAN_POINT('',(-1.031822563393,1.794384950638,
    11.333333279199));
#295 = CARTESIAN_POINT('',(-1.334730909699,1.592785239269,
    11.611111279649));
#296 = CARTESIAN_POINT('',(-1.592807271925,1.334754501562,11.88888867632
    ));
#297 = CARTESIAN_POINT('',(-1.794374196512,1.031808346961,
    12.166666806564));
#298 = CARTESIAN_POINT('',(-1.931463169342,0.698135450443,12.4444444109)
  );
#299 = CARTESIAN_POINT('',(-1.99999999147,0.349065091234,12.722222222337
    ));
#300 = CARTESIAN_POINT('',(-1.99999964433,5.696529914445E-10,
    13.000000004815));
#301 = DEFINITIONAL_REPRESENTATION('',(#302),#306);
#302 = LINE('',#303,#304);
#303 = CARTESIAN_POINT('',(0.,0.));
#304 = VECTOR('',#305,1.);
#305 = DIRECTION('',(1.,0.));
#306 = ( GEOMETRIC_REPRESENTATION_CONTEXT(2) 
PARAMETRIC_REPRESENTATION_CONTEXT() REPRESENTATION_CONTEXT('2D SPACE',''
  ) );
#307 = ORIENTED_EDGE('',*,*,#308,.T.);
#308 = EDGE_CURVE('',#215,#22,#309,.T.);
#309 = SURFACE_CURVE('',#310,(#313,#319),.PCURVE_S1.);
#310 = B_SPLINE_CURVE_WITH_KNOTS('',1,(#311,#312),.UNSPECIFIED.,.F.,.F.,
  (2,2),(0.,3.),.PIECEWISE_BEZIER_KNOTS.);
#311 = CARTESIAN_POINT('',(-2.,1.06581410364E-14,2.999999999998));
#312 = CARTESIAN_POINT('',(-2.,-3.5527136788E-15,-1.818989403546E-12));
#313 = PCURVE('',#32,#314);
#314 = DEFINITIONAL_REPRESENTATION('',(#315),#318);
#315 = B_SPLINE_CURVE_WITH_KNOTS('',1,(#316,#317),.UNSPECIFIED.,.F.,.F.,
  (2,2),(0.,3.),.PIECEWISE_BEZIER_KNOTS.);
#316 = CARTESIAN_POINT('',(-5.E-02,1.499999999999));
#317 = CARTESIAN_POINT('',(-5.E-02,-1.500000000001));
#318 = ( GEOMETRIC_REPRESENTATION_CONTEXT(2) 
PARAMETRIC_REPRESENTATION_CONTEXT() REPRESENTATION_CONTEXT('2D SPACE',''
  ) );
#319 = PCURVE('',#320,#391);
#320 = B_SPLINE_SURFACE_WITH_KNOTS('',1,9,(
    (#321,#322,#323,#324,#325,#326,#327,#328,#329,#330,#331,#332,#333
      ,#334,#335,#336,#337,#338,#339,#340,#341,#342,#343,#344,#345,#346
      ,#347,#348,#349,#350,#351,#352,#353,#354,#355)
    ,(#356,#357,#358,#359,#360,#361,#362,#363,#364,#365,#366,#367,#368
      ,#369,#370,#371,#372,#373,#374,#375,#376,#377,#378,#379,#380,#381
      ,#382,#383,#384,#385,#386,#387,#388,#389,#390
  )),.UNSPECIFIED.,.F.,.F.,.F.,(2,2),(10,8,9,8,10),(0.,3.),(0.,
    1.573976207022,3.147952414045,4.721928621067,6.295904828089),
  .UNSPECIFIED.);
#321 = CARTESIAN_POINT('',(-2.,1.06581410364E-14,2.999999999998));
#322 = CARTESIAN_POINT('',(-1.999999635635,-0.349065090391,
    3.277777782688));
#323 = CARTESIAN_POINT('',(-1.931458293851,-0.69813387724,3.555555594014
    ));
#324 = CARTESIAN_POINT('',(-1.794392605414,-1.031815184667,
    3.833333198224));
#325 = CARTESIAN_POINT('',(-1.592778508245,-1.334743072877,
    4.111111328876));
#326 = CARTESIAN_POINT('',(-1.334754134756,-1.592793251651,
    4.388888724891));
#327 = CARTESIAN_POINT('',(-1.031812957169,-1.794383942455,
    4.666666726143));
#328 = CARTESIAN_POINT('',(-0.698132395338,-1.931460301047,
    4.944444440901));
#329 = CARTESIAN_POINT('',(-0.349065807846,-1.999999627557,
    5.222222227482));
#330 = CARTESIAN_POINT('',(0.349065854716,-2.00000000853,5.777777777258)
  );
#331 = CARTESIAN_POINT('',(0.698130504978,-1.931460989834,6.055555565662
    ));
#332 = CARTESIAN_POINT('',(1.031822948687,-1.794384950856,6.333333274016
    ));
#333 = CARTESIAN_POINT('',(1.334730207781,-1.592785238206,6.611111289102
    ));
#334 = CARTESIAN_POINT('',(1.592808247875,-1.334754503576,6.888888663149
    ));
#335 = CARTESIAN_POINT('',(1.794373124167,-1.031808344471,7.166666821063
    ));
#336 = CARTESIAN_POINT('',(1.93146411053,-0.698135451778,7.444444398155)
  );
#337 = CARTESIAN_POINT('',(1.999999334033,-0.349065091191,7.722222231239
    ));
#338 = CARTESIAN_POINT('',(2.000000003191,-2.536586496404E-10,
    7.999999999956));
#339 = CARTESIAN_POINT('',(1.999999629001,0.349065090224,8.2777777828));
#340 = CARTESIAN_POINT('',(1.931458295083,0.698133874974,8.555555593916)
  );
#341 = CARTESIAN_POINT('',(1.794392611754,1.031815187779,8.833333198338)
  );
#342 = CARTESIAN_POINT('',(1.59277849401,1.334743070205,9.111111328709)
  );
#343 = CARTESIAN_POINT('',(1.33475415454,1.592793252973,9.388888725141)
  );
#344 = CARTESIAN_POINT('',(1.031812935804,1.794383942112,9.666666725846)
  );
#345 = CARTESIAN_POINT('',(0.698132413996,1.931460301146,9.944444441165)
  );
#346 = CARTESIAN_POINT('',(0.349065794808,1.999999627533,10.222222227304
    ));
#347 = CARTESIAN_POINT('',(-0.349065827421,2.000000008515,
    10.777777777626));
#348 = CARTESIAN_POINT('',(-0.698130652333,1.931460989914,
    11.055555563682));
#349 = CARTESIAN_POINT('',(-1.031822563393,1.794384950639,
    11.333333279198));
#350 = CARTESIAN_POINT('',(-1.334730909699,1.592785239269,
    11.611111279647));
#351 = CARTESIAN_POINT('',(-1.592807271925,1.334754501563,
    11.888888676319));
#352 = CARTESIAN_POINT('',(-1.794374196512,1.031808346961,
    12.166666806561));
#353 = CARTESIAN_POINT('',(-1.931463169342,0.698135450443,
    12.444444410898));
#354 = CARTESIAN_POINT('',(-1.99999999147,0.349065091234,12.722222222335
    ));
#355 = CARTESIAN_POINT('',(-1.99999964433,5.696394467236E-10,
    13.000000004813));
#356 = CARTESIAN_POINT('',(-2.,-3.5527136788E-15,-1.818989403546E-12));
#357 = CARTESIAN_POINT('',(-1.999999635562,-0.349065090385,
    0.277777782688));
#358 = CARTESIAN_POINT('',(-1.93145829333,-0.698133877069,0.555555594001
    ));
#359 = CARTESIAN_POINT('',(-1.794392607221,-1.031815185333,
    0.833333198252));
#360 = CARTESIAN_POINT('',(-1.592778505341,-1.334743071708,
    1.111111328846));
#361 = CARTESIAN_POINT('',(-1.334754137053,-1.592793252425,
    1.388888724904));
#362 = CARTESIAN_POINT('',(-1.031812956191,-1.794383942321,1.66666672614
    ));
#363 = CARTESIAN_POINT('',(-0.698132395498,-1.931460300943,1.9444444409)
  );
#364 = CARTESIAN_POINT('',(-0.349065807839,-1.999999627483,2.22222222748
    ));
#365 = CARTESIAN_POINT('',(0.349065854719,-2.000000008531,2.777777777256
    ));
#366 = CARTESIAN_POINT('',(0.69813050476,-1.931460989867,3.055555565652)
  );
#367 = CARTESIAN_POINT('',(1.031822949707,-1.794384950924,3.333333274077
    ));
#368 = CARTESIAN_POINT('',(1.334730205292,-1.592785237377,3.611111288967
    ));
#369 = CARTESIAN_POINT('',(1.592808250918,-1.334754504693,3.888888663286
    ));
#370 = CARTESIAN_POINT('',(1.794373122079,-1.031808343769,4.166666820994
    ));
#371 = CARTESIAN_POINT('',(1.931464111171,-0.698135451923,4.444444398171
    ));
#372 = CARTESIAN_POINT('',(1.9999993339,-0.349065091185,4.722222231237)
  );
#373 = CARTESIAN_POINT('',(2.000000003191,-2.537001719816E-10,
    4.999999999955));
#374 = CARTESIAN_POINT('',(1.999999628927,0.349065090218,5.277777782798)
  );
#375 = CARTESIAN_POINT('',(1.931458294561,0.698133874803,5.555555593939)
  );
#376 = CARTESIAN_POINT('',(1.794392613563,1.031815188445,5.83333319827)
  );
#377 = CARTESIAN_POINT('',(1.592778491102,1.334743069036,6.11111132881)
  );
#378 = CARTESIAN_POINT('',(1.334754156841,1.592793253747,6.388888725049)
  );
#379 = CARTESIAN_POINT('',(1.031812934823,1.794383941977,6.666666725891)
  );
#380 = CARTESIAN_POINT('',(0.69813241416,1.931460301043,6.944444441156)
  );
#381 = CARTESIAN_POINT('',(0.349065794798,1.999999627459,7.222222227302)
  );
#382 = CARTESIAN_POINT('',(-0.349065827418,2.000000008516,7.777777777624
    ));
#383 = CARTESIAN_POINT('',(-0.698130652144,1.931460989948,8.055555563684
    ));
#384 = CARTESIAN_POINT('',(-1.031822564337,1.794384950706,8.33333327921)
  );
#385 = CARTESIAN_POINT('',(-1.334730907351,1.592785238441,8.611111279604
    ));
#386 = CARTESIAN_POINT('',(-1.592807274774,1.334754502679,8.888888676372
    ));
#387 = CARTESIAN_POINT('',(-1.794374194638,1.03180834626,9.166666806527)
  );
#388 = CARTESIAN_POINT('',(-1.931463169795,0.698135450587,9.444444410908
    ));
#389 = CARTESIAN_POINT('',(-1.999999991468,0.349065091227,9.722222222334
    ));
#390 = CARTESIAN_POINT('',(-1.999999644259,5.697393667958E-10,
    10.000000004811));
#391 = DEFINITIONAL_REPRESENTATION('',(#392),#396);
#392 = LINE('',#393,#394);
#393 = CARTESIAN_POINT('',(0.,0.));
#394 = VECTOR('',#395,1.);
#395 = DIRECTION('',(1.,0.));
#396 = ( GEOMETRIC_REPRESENTATION_CONTEXT(2) 
PARAMETRIC_REPRESENTATION_CONTEXT() REPRESENTATION_CONTEXT('2D SPACE',''
  ) );
#397 = ADVANCED_FACE('',(#398),#44,.F.);
#398 = FACE_BOUND('',#399,.F.);
#399 = EDGE_LOOP('',(#400,#455,#456,#511));
#400 = ORIENTED_EDGE('',*,*,#401,.F.);
#401 = EDGE_CURVE('',#22,#402,#404,.T.);
#402 = VERTEX_POINT('',#403);
#403 = CARTESIAN_POINT('',(-1.999999644259,5.697502612005E-10,
    10.000000004812));
#404 = SURFACE_CURVE('',#405,(#441,#448),.PCURVE_S1.);
#405 = B_SPLINE_CURVE_WITH_KNOTS('',9,(#406,#407,#408,#409,#410,#411,
    #412,#413,#414,#415,#416,#417,#418,#419,#420,#421,#422,#423,#424,
    #425,#426,#427,#428,#429,#430,#431,#432,#433,#434,#435,#436,#437,
    #438,#439,#440),.UNSPECIFIED.,.F.,.F.,(10,8,9,8,10),(0.,
    1.573976207022,3.147952414045,4.721928621067,6.295904828089),
  .UNSPECIFIED.);
#406 = CARTESIAN_POINT('',(-2.,-3.330669073875E-15,-7.395570986447E-31)
  );
#407 = CARTESIAN_POINT('',(-1.999999635562,-0.349065090385,
    0.277777782689));
#408 = CARTESIAN_POINT('',(-1.93145829333,-0.698133877069,0.555555594003
    ));
#409 = CARTESIAN_POINT('',(-1.794392607221,-1.031815185333,
    0.833333198254));
#410 = CARTESIAN_POINT('',(-1.592778505341,-1.334743071708,
    1.111111328848));
#411 = CARTESIAN_POINT('',(-1.334754137053,-1.592793252425,
    1.388888724906));
#412 = CARTESIAN_POINT('',(-1.031812956191,-1.794383942321,
    1.666666726142));
#413 = CARTESIAN_POINT('',(-0.698132395498,-1.931460300943,
    1.944444440902));
#414 = CARTESIAN_POINT('',(-0.349065807839,-1.999999627483,
    2.222222227482));
#415 = CARTESIAN_POINT('',(0.349065854719,-2.000000008531,2.777777777258
    ));
#416 = CARTESIAN_POINT('',(0.69813050476,-1.931460989867,3.055555565654)
  );
#417 = CARTESIAN_POINT('',(1.031822949708,-1.794384950924,3.333333274078
    ));
#418 = CARTESIAN_POINT('',(1.334730205291,-1.592785237377,3.611111288969
    ));
#419 = CARTESIAN_POINT('',(1.592808250919,-1.334754504693,3.888888663288
    ));
#420 = CARTESIAN_POINT('',(1.794373122078,-1.031808343769,4.166666820996
    ));
#421 = CARTESIAN_POINT('',(1.931464111171,-0.698135451923,4.444444398173
    ));
#422 = CARTESIAN_POINT('',(1.9999993339,-0.349065091185,4.722222231239)
  );
#423 = CARTESIAN_POINT('',(2.000000003191,-2.537003940262E-10,
    4.999999999956));
#424 = CARTESIAN_POINT('',(1.999999628927,0.349065090218,5.2777777828));
#425 = CARTESIAN_POINT('',(1.931458294561,0.698133874804,5.555555593941)
  );
#426 = CARTESIAN_POINT('',(1.794392613563,1.031815188444,5.833333198273)
  );
#427 = CARTESIAN_POINT('',(1.592778491102,1.334743069037,6.111111328811)
  );
#428 = CARTESIAN_POINT('',(1.334754156842,1.592793253746,6.388888725051)
  );
#429 = CARTESIAN_POINT('',(1.031812934822,1.794383941978,6.666666725893)
  );
#430 = CARTESIAN_POINT('',(0.69813241416,1.931460301043,6.944444441158)
  );
#431 = CARTESIAN_POINT('',(0.349065794798,1.999999627459,7.222222227304)
  );
#432 = CARTESIAN_POINT('',(-0.349065827418,2.000000008516,7.777777777626
    ));
#433 = CARTESIAN_POINT('',(-0.698130652144,1.931460989947,8.055555563685
    ));
#434 = CARTESIAN_POINT('',(-1.031822564338,1.794384950707,8.333333279212
    ));
#435 = CARTESIAN_POINT('',(-1.33473090735,1.592785238438,8.611111279606)
  );
#436 = CARTESIAN_POINT('',(-1.592807274775,1.334754502682,8.888888676373
    ));
#437 = CARTESIAN_POINT('',(-1.794374194637,1.031808346258,9.16666680653)
  );
#438 = CARTESIAN_POINT('',(-1.931463169795,0.698135450588,9.444444410909
    ));
#439 = CARTESIAN_POINT('',(-1.999999991468,0.349065091227,9.722222222335
    ));
#440 = CARTESIAN_POINT('',(-1.999999644259,5.697395888404E-10,
    10.000000004813));
#441 = PCURVE('',#44,#442);
#442 = DEFINITIONAL_REPRESENTATION('',(#443),#447);
#443 = LINE('',#444,#445);
#444 = CARTESIAN_POINT('',(0.,0.));
#445 = VECTOR('',#446,1.);
#446 = DIRECTION('',(0.,1.));
#447 = ( GEOMETRIC_REPRESENTATION_CONTEXT(2) 
PARAMETRIC_REPRESENTATION_CONTEXT() REPRESENTATION_CONTEXT('2D SPACE',''
  ) );
#448 = PCURVE('',#320,#449);
#449 = DEFINITIONAL_REPRESENTATION('',(#450),#454);
#450 = LINE('',#451,#452);
#451 = CARTESIAN_POINT('',(3.,0.));
#452 = VECTOR('',#453,1.);
#453 = DIRECTION('',(0.,1.));
#454 = ( GEOMETRIC_REPRESENTATION_CONTEXT(2) 
PARAMETRIC_REPRESENTATION_CONTEXT() REPRESENTATION_CONTEXT('2D SPACE',''
  ) );
#455 = ORIENTED_EDGE('',*,*,#21,.T.);
#456 = ORIENTED_EDGE('',*,*,#457,.T.);
#457 = EDGE_CURVE('',#24,#458,#460,.T.);
#458 = VERTEX_POINT('',#459);
#459 = CARTESIAN_POINT('',(-2.099999644259,5.697076286364E-10,
    10.000000004808));
#460 = SURFACE_CURVE('',#461,(#497,#504),.PCURVE_S1.);
#461 = B_SPLINE_CURVE_WITH_KNOTS('',9,(#462,#463,#464,#465,#466,#467,
    #468,#469,#470,#471,#472,#473,#474,#475,#476,#477,#478,#479,#480,
    #481,#482,#483,#484,#485,#486,#487,#488,#489,#490,#491,#492,#493,
    #494,#495,#496),.UNSPECIFIED.,.F.,.F.,(10,8,9,8,10),(0.,
    1.573976207022,3.147952414045,4.721928621067,6.295904828089),
  .UNSPECIFIED.);
#462 = CARTESIAN_POINT('',(-2.1,-1.68753899743E-14,2.22044604925E-16));
#463 = CARTESIAN_POINT('',(-2.099999635562,-0.366518383264,
    0.277777782687));
#464 = CARTESIAN_POINT('',(-2.028031347677,-0.733040460872,
    0.555555593982));
#465 = CARTESIAN_POINT('',(-1.884111767728,-1.083406059384,0.83333319832
    ));
#466 = CARTESIAN_POINT('',(-1.672418159053,-1.401480223344,
    1.111111328745));
#467 = CARTESIAN_POINT('',(-1.401491291952,-1.672432908169,
    1.388888724971));
#468 = CARTESIAN_POINT('',(-1.083403827232,-1.884103102155,1.66666672613
    ));
#469 = CARTESIAN_POINT('',(-0.73303898085,-2.028033355377,1.944444440895
    ));
#470 = CARTESIAN_POINT('',(-0.36651910036,-2.099999627483,2.222222227479
    ));
#471 = CARTESIAN_POINT('',(0.36651914724,-2.100000008531,2.777777777258)
  );
#472 = CARTESIAN_POINT('',(0.733037090112,-2.028034044301,3.055555565639
    ));
#473 = CARTESIAN_POINT('',(1.083413820749,-1.884104110758,3.333333274125
    ));
#474 = CARTESIAN_POINT('',(1.401467360189,-1.67242489312,3.611111288874)
  );
#475 = CARTESIAN_POINT('',(1.672447904634,-1.40149165633,3.888888663395)
  );
#476 = CARTESIAN_POINT('',(1.884092282583,-1.083399217819,4.166666820919
    ));
#477 = CARTESIAN_POINT('',(2.028037165519,-0.733042035726,4.444444398199
    ));
#478 = CARTESIAN_POINT('',(2.0999993339,-0.366518384063,4.722222231231)
  );
#479 = CARTESIAN_POINT('',(2.100000003191,-2.536719723167E-10,
    4.999999999956));
#480 = CARTESIAN_POINT('',(2.099999628927,0.366518383096,5.277777782798)
  );
#481 = CARTESIAN_POINT('',(2.028031348908,0.733040458606,5.555555593912)
  );
#482 = CARTESIAN_POINT('',(1.884111774069,1.083406062496,5.833333198359)
  );
#483 = CARTESIAN_POINT('',(1.672418144814,1.401480220673,6.111111328678)
  );
#484 = CARTESIAN_POINT('',(1.40149131174,1.67243290949,6.388888725144));
#485 = CARTESIAN_POINT('',(1.083403805863,1.884103101812,6.666666725865)
  );
#486 = CARTESIAN_POINT('',(0.733038999512,2.028033355476,6.944444441154)
  );
#487 = CARTESIAN_POINT('',(0.366519087319,2.099999627459,7.222222227301)
  );
#488 = CARTESIAN_POINT('',(-0.366519119939,2.100000008516,7.777777777625
    ));
#489 = CARTESIAN_POINT('',(-0.733037237496,2.028034044381,8.055555563675
    ));
#490 = CARTESIAN_POINT('',(-1.083413435378,1.88410411054,8.333333279263)
  );
#491 = CARTESIAN_POINT('',(-1.40146806225,1.672424894182,8.611111279459)
  );
#492 = CARTESIAN_POINT('',(-1.672446928486,1.401491654316,8.888888676558
    ));
#493 = CARTESIAN_POINT('',(-1.884093355144,1.08339922031,9.166666806404)
  );
#494 = CARTESIAN_POINT('',(-2.028036224142,0.73304203439,9.444444410942)
  );
#495 = CARTESIAN_POINT('',(-2.099999991468,0.366518384106,9.722222222334
    ));
#496 = CARTESIAN_POINT('',(-2.099999644259,5.69682523377E-10,
    10.000000004809));
#497 = PCURVE('',#44,#498);
#498 = DEFINITIONAL_REPRESENTATION('',(#499),#503);
#499 = LINE('',#500,#501);
#500 = CARTESIAN_POINT('',(0.1,0.));
#501 = VECTOR('',#502,1.);
#502 = DIRECTION('',(0.,1.));
#503 = ( GEOMETRIC_REPRESENTATION_CONTEXT(2) 
PARAMETRIC_REPRESENTATION_CONTEXT() REPRESENTATION_CONTEXT('2D SPACE',''
  ) );
#504 = PCURVE('',#136,#505);
#505 = DEFINITIONAL_REPRESENTATION('',(#506),#510);
#506 = LINE('',#507,#508);
#507 = CARTESIAN_POINT('',(0.,0.));
#508 = VECTOR('',#509,1.);
#509 = DIRECTION('',(0.,1.));
#510 = ( GEOMETRIC_REPRESENTATION_CONTEXT(2) 
PARAMETRIC_REPRESENTATION_CONTEXT() REPRESENTATION_CONTEXT('2D SPACE',''
  ) );
#511 = ORIENTED_EDGE('',*,*,#512,.F.);
#512 = EDGE_CURVE('',#402,#458,#513,.T.);
#513 = SURFACE_CURVE('',#514,(#517,#524),.PCURVE_S1.);
#514 = B_SPLINE_CURVE_WITH_KNOTS('',1,(#515,#516),.UNSPECIFIED.,.F.,.F.,
  (2,2),(0.,0.1),.PIECEWISE_BEZIER_KNOTS.);
#515 = CARTESIAN_POINT('',(-1.999999644259,5.697395888404E-10,
    10.000000004813));
#516 = CARTESIAN_POINT('',(-2.099999644259,5.69682523377E-10,
    10.000000004809));
#517 = PCURVE('',#44,#518);
#518 = DEFINITIONAL_REPRESENTATION('',(#519),#523);
#519 = LINE('',#520,#521);
#520 = CARTESIAN_POINT('',(0.,6.295904828089));
#521 = VECTOR('',#522,1.);
#522 = DIRECTION('',(1.,0.));
#523 = ( GEOMETRIC_REPRESENTATION_CONTEXT(2) 
PARAMETRIC_REPRESENTATION_CONTEXT() REPRESENTATION_CONTEXT('2D SPACE',''
  ) );
#524 = PCURVE('',#525,#596);
#525 = B_SPLINE_SURFACE_WITH_KNOTS('',1,9,(
    (#526,#527,#528,#529,#530,#531,#532,#533,#534,#535,#536,#537,#538
      ,#539,#540,#541,#542,#543,#544,#545,#546,#547,#548,#549,#550,#551
      ,#552,#553,#554,#555,#556,#557,#558,#559,#560)
    ,(#561,#562,#563,#564,#565,#566,#567,#568,#569,#570,#571,#572,#573
      ,#574,#575,#576,#577,#578,#579,#580,#581,#582,#583,#584,#585,#586
      ,#587,#588,#589,#590,#591,#592,#593,#594,#595
  )),.UNSPECIFIED.,.F.,.F.,.F.,(2,2),(10,8,9,8,10),(0.,0.1),(0.,
    1.573976207022,3.147952414045,4.721928621067,6.295904828089),
  .UNSPECIFIED.);
#526 = CARTESIAN_POINT('',(-1.999999644259,5.697500249369E-10,
    10.000000004811));
#527 = CARTESIAN_POINT('',(-1.99999925501,-0.349065025885,
    10.277777787839));
#528 = CARTESIAN_POINT('',(-1.931457949352,-0.698133743824,
    10.555555598897));
#529 = CARTESIAN_POINT('',(-1.794392276847,-1.031815002177,
    10.833333203053));
#530 = CARTESIAN_POINT('',(-1.592778213401,-1.33474282108,
    11.111111334096));
#531 = CARTESIAN_POINT('',(-1.33475389402,-1.592792961911,
    11.388888729611));
#532 = CARTESIAN_POINT('',(-1.03181276796,-1.794383612296,
    11.666666731221));
#533 = CARTESIAN_POINT('',(-0.698132268615,-1.931459946832,
    11.944444445836));
#534 = CARTESIAN_POINT('',(-0.349065745038,-1.999999260753,
    12.222222232441));
#535 = CARTESIAN_POINT('',(0.349065789797,-1.999999642039,
    12.777777782216));
#536 = CARTESIAN_POINT('',(0.698130375039,-1.931460636207,
    13.055555570644));
#537 = CARTESIAN_POINT('',(1.031822761495,-1.7943846219,13.333333278932)
  );
#538 = CARTESIAN_POINT('',(1.334729956415,-1.592784947945,13.61111129414
    ));
#539 = CARTESIAN_POINT('',(1.592807963743,-1.334754257254,
    13.888888668006));
#540 = CARTESIAN_POINT('',(1.794372784511,-1.031808159675,
    14.166666826142));
#541 = CARTESIAN_POINT('',(1.931463768828,-0.698135323682,
    14.444444402959));
#542 = CARTESIAN_POINT('',(1.999998957875,-0.349065028271,
    14.722222236318));
#543 = CARTESIAN_POINT('',(1.999999640255,-1.338637645176E-09,
    15.000000004869));
#544 = CARTESIAN_POINT('',(1.999999254289,0.349065025238,15.277777787874
    ));
#545 = CARTESIAN_POINT('',(1.931457946805,0.698133743521,15.555555598785
    ));
#546 = CARTESIAN_POINT('',(1.794392284297,1.031815002659,15.833333203329
    ));
#547 = CARTESIAN_POINT('',(1.592778199358,1.334742820778,16.111111333669
    ));
#548 = CARTESIAN_POINT('',(1.334753913498,1.592792962295,16.388888730081
    ));
#549 = CARTESIAN_POINT('',(1.031812746589,1.794383612293,16.666666730819
    ));
#550 = CARTESIAN_POINT('',(0.698132287336,1.931459946982,16.944444446128
    ));
#551 = CARTESIAN_POINT('',(0.349065731926,1.999999260905,17.22222223226)
  );
#552 = CARTESIAN_POINT('',(-0.349065762364,1.99999964221,17.777777782583
    ));
#553 = CARTESIAN_POINT('',(-0.698130523165,1.931460636369,
    18.055555568674));
#554 = CARTESIAN_POINT('',(-1.031822374181,1.794384621958,
    18.333333284103));
#555 = CARTESIAN_POINT('',(-1.334730661918,1.59278494823,18.611111284668
    ));
#556 = CARTESIAN_POINT('',(-1.592806982342,1.334754257043,
    18.888888681226));
#557 = CARTESIAN_POINT('',(-1.794373864235,1.031808160983,
    19.166666811569));
#558 = CARTESIAN_POINT('',(-1.93146281981,0.69813532243,19.444444415788)
  );
#559 = CARTESIAN_POINT('',(-1.999999619557,0.349065028291,
    19.722222227366));
#560 = CARTESIAN_POINT('',(-1.999999279615,1.663602811064E-09,
    20.000000009748));
#561 = CARTESIAN_POINT('',(-2.099999644259,5.696934035626E-10,
    10.000000004808));
#562 = CARTESIAN_POINT('',(-2.09999925501,-0.366518318764,
    10.277777787833));
#563 = CARTESIAN_POINT('',(-2.0280310037,-0.733040327627,10.555555598877
    ));
#564 = CARTESIAN_POINT('',(-1.884111437353,-1.083405876227,
    10.833333203108));
#565 = CARTESIAN_POINT('',(-1.672417867114,-1.401479972717,
    11.111111334008));
#566 = CARTESIAN_POINT('',(-1.401491048919,-1.672432617654,
    11.388888729655));
#567 = CARTESIAN_POINT('',(-1.083403639001,-1.88410277213,
    11.666666731217));
#568 = CARTESIAN_POINT('',(-0.733038853967,-2.028033001265,
    11.944444445825));
#569 = CARTESIAN_POINT('',(-0.366519037559,-2.099999260753,
    12.222222232436));
#570 = CARTESIAN_POINT('',(0.366519082318,-2.099999642039,
    12.777777782213));
#571 = CARTESIAN_POINT('',(0.733036960391,-2.028033690641,
    13.055555570629));
#572 = CARTESIAN_POINT('',(1.083413632535,-1.884103781734,
    13.333333278977));
#573 = CARTESIAN_POINT('',(1.401467111314,-1.672424603689,
    13.611111294019));
#574 = CARTESIAN_POINT('',(1.672447617455,-1.401491408889,13.88888866814
    ));
#575 = CARTESIAN_POINT('',(1.884091945017,-1.083399033727,
    14.166666826055));
#576 = CARTESIAN_POINT('',(2.028036823175,-0.733041907484,
    14.444444402977));
#577 = CARTESIAN_POINT('',(2.099998957875,-0.36651832115,14.722222236312
    ));
#578 = CARTESIAN_POINT('',(2.099999640255,-1.338566590903E-09,
    15.000000004866));
#579 = CARTESIAN_POINT('',(2.099999254289,0.366518318117,15.277777787868
    ));
#580 = CARTESIAN_POINT('',(2.028031001152,0.733040327324,15.555555598772
    ));
#581 = CARTESIAN_POINT('',(1.884111444804,1.08340587671,15.833333203362)
  );
#582 = CARTESIAN_POINT('',(1.672417853068,1.401479972415,16.111111333604
    ));
#583 = CARTESIAN_POINT('',(1.401491068399,1.672432618038,16.38888873012)
  );
#584 = CARTESIAN_POINT('',(1.083403617629,1.884102772128,16.666666730807
    ));
#585 = CARTESIAN_POINT('',(0.733038872689,2.028033001416,16.944444446121
    ));
#586 = CARTESIAN_POINT('',(0.366519024447,2.099999260905,17.222222232254
    ));
#587 = CARTESIAN_POINT('',(-0.366519054885,2.09999964221,17.777777782581
    ));
#588 = CARTESIAN_POINT('',(-0.733037108517,2.028033690803,18.05555556866
    ));
#589 = CARTESIAN_POINT('',(-1.083413245222,1.884103781792,
    18.333333284147));
#590 = CARTESIAN_POINT('',(-1.401467816818,1.672424603974,
    18.611111284547));
#591 = CARTESIAN_POINT('',(-1.672446636054,1.401491408678,
    18.888888681363));
#592 = CARTESIAN_POINT('',(-1.884093024742,1.083399035034,
    19.166666811477));
#593 = CARTESIAN_POINT('',(-2.028035874157,0.733041906233,
    19.444444415806));
#594 = CARTESIAN_POINT('',(-2.099999619557,0.36651832117,19.722222227363
    ));
#595 = CARTESIAN_POINT('',(-2.099999279615,1.66348979036E-09,
    20.000000009743));
#596 = DEFINITIONAL_REPRESENTATION('',(#597),#601);
#597 = LINE('',#598,#599);
#598 = CARTESIAN_POINT('',(0.,0.));
#599 = VECTOR('',#600,1.);
#600 = DIRECTION('',(1.,0.));
#601 = ( GEOMETRIC_REPRESENTATION_CONTEXT(2) 
PARAMETRIC_REPRESENTATION_CONTEXT() REPRESENTATION_CONTEXT('2D SPACE',''
  ) );
#602 = ADVANCED_FACE('',(#603),#136,.F.);
#603 = FACE_BOUND('',#604,.F.);
#604 = EDGE_LOOP('',(#605,#606,#607,#662));
#605 = ORIENTED_EDGE('',*,*,#457,.F.);
#606 = ORIENTED_EDGE('',*,*,#122,.T.);
#607 = ORIENTED_EDGE('',*,*,#608,.T.);
#608 = EDGE_CURVE('',#123,#609,#611,.T.);
#609 = VERTEX_POINT('',#610);
#610 = CARTESIAN_POINT('',(-2.09999964433,5.696074865195E-10,
    13.00000000481));
#611 = SURFACE_CURVE('',#612,(#648,#655),.PCURVE_S1.);
#612 = B_SPLINE_CURVE_WITH_KNOTS('',9,(#613,#614,#615,#616,#617,#618,
    #619,#620,#621,#622,#623,#624,#625,#626,#627,#628,#629,#630,#631,
    #632,#633,#634,#635,#636,#637,#638,#639,#640,#641,#642,#643,#644,
    #645,#646,#647),.UNSPECIFIED.,.F.,.F.,(10,8,9,8,10),(0.,
    1.573976207022,3.147952414045,4.721928621067,6.295904828089),
  .UNSPECIFIED.);
#613 = CARTESIAN_POINT('',(-2.1,9.992007221626E-15,3.));
#614 = CARTESIAN_POINT('',(-2.099999635635,-0.36651838327,3.277777782687
    ));
#615 = CARTESIAN_POINT('',(-2.028031348199,-0.733040461042,
    3.555555593994));
#616 = CARTESIAN_POINT('',(-1.88411176592,-1.083406058719,3.833333198292
    ));
#617 = CARTESIAN_POINT('',(-1.672418161957,-1.401480224511,
    4.111111328775));
#618 = CARTESIAN_POINT('',(-1.401491289655,-1.672432907397,
    4.388888724958));
#619 = CARTESIAN_POINT('',(-1.083403828209,-1.884103102288,
    4.666666726133));
#620 = CARTESIAN_POINT('',(-0.73303898069,-2.028033355481,4.944444440896
    ));
#621 = CARTESIAN_POINT('',(-0.366519100367,-2.099999627557,
    5.222222227481));
#622 = CARTESIAN_POINT('',(0.366519147238,-2.10000000853,5.777777777259)
  );
#623 = CARTESIAN_POINT('',(0.733037090331,-2.028034044268,6.055555565649
    ));
#624 = CARTESIAN_POINT('',(1.083413819727,-1.884104110688,6.333333274064
    ));
#625 = CARTESIAN_POINT('',(1.40146736268,-1.672424893953,6.61111128901)
  );
#626 = CARTESIAN_POINT('',(1.672447901588,-1.401491655209,6.888888663257
    ));
#627 = CARTESIAN_POINT('',(1.884092284673,-1.083399218523,7.166666820989
    ));
#628 = CARTESIAN_POINT('',(2.028037164877,-0.733042035581,7.444444398183
    ));
#629 = CARTESIAN_POINT('',(2.099999334033,-0.36651838407,7.722222231233)
  );
#630 = CARTESIAN_POINT('',(2.100000003191,-2.536444387857E-10,
    7.999999999958));
#631 = CARTESIAN_POINT('',(2.099999629001,0.366518383103,8.2777777828));
#632 = CARTESIAN_POINT('',(2.02803134943,0.733040458777,8.555555593889)
  );
#633 = CARTESIAN_POINT('',(1.88411177226,1.08340606183,8.833333198426));
#634 = CARTESIAN_POINT('',(1.672418147722,1.401480221841,9.111111328578)
  );
#635 = CARTESIAN_POINT('',(1.401491309439,1.672432908717,9.388888725236)
  );
#636 = CARTESIAN_POINT('',(1.083403806844,1.884103101946,9.666666725819)
  );
#637 = CARTESIAN_POINT('',(0.733038999349,2.02803335558,9.944444441164)
  );
#638 = CARTESIAN_POINT('',(0.366519087329,2.099999627533,10.222222227302
    ));
#639 = CARTESIAN_POINT('',(-0.366519119942,2.100000008515,
    10.777777777627));
#640 = CARTESIAN_POINT('',(-0.733037237685,2.028034044348,
    11.055555563674));
#641 = CARTESIAN_POINT('',(-1.083413434434,1.884104110472,
    11.333333279251));
#642 = CARTESIAN_POINT('',(-1.401468064598,1.672424895013,
    11.611111279503));
#643 = CARTESIAN_POINT('',(-1.672446925638,1.401491653198,
    11.888888676505));
#644 = CARTESIAN_POINT('',(-1.884093357018,1.083399221012,
    12.166666806438));
#645 = CARTESIAN_POINT('',(-2.028036223689,0.733042034246,
    12.444444410932));
#646 = CARTESIAN_POINT('',(-2.09999999147,0.366518384112,12.722222222336
    ));
#647 = CARTESIAN_POINT('',(-2.09999964433,5.695965921149E-10,
    13.000000004811));
#648 = PCURVE('',#136,#649);
#649 = DEFINITIONAL_REPRESENTATION('',(#650),#654);
#650 = LINE('',#651,#652);
#651 = CARTESIAN_POINT('',(3.,0.));
#652 = VECTOR('',#653,1.);
#653 = DIRECTION('',(0.,1.));
#654 = ( GEOMETRIC_REPRESENTATION_CONTEXT(2) 
PARAMETRIC_REPRESENTATION_CONTEXT() REPRESENTATION_CONTEXT('2D SPACE',''
  ) );
#655 = PCURVE('',#230,#656);
#656 = DEFINITIONAL_REPRESENTATION('',(#657),#661);
#657 = LINE('',#658,#659);
#658 = CARTESIAN_POINT('',(0.,0.));
#659 = VECTOR('',#660,1.);
#660 = DIRECTION('',(0.,1.));
#661 = ( GEOMETRIC_REPRESENTATION_CONTEXT(2) 
PARAMETRIC_REPRESENTATION_CONTEXT() REPRESENTATION_CONTEXT('2D SPACE',''
  ) );
#662 = ORIENTED_EDGE('',*,*,#663,.F.);
#663 = EDGE_CURVE('',#458,#609,#664,.T.);
#664 = SURFACE_CURVE('',#665,(#668,#675),.PCURVE_S1.);
#665 = B_SPLINE_CURVE_WITH_KNOTS('',1,(#666,#667),.UNSPECIFIED.,.F.,.F.,
  (2,2),(0.,3.),.PIECEWISE_BEZIER_KNOTS.);
#666 = CARTESIAN_POINT('',(-2.099999644259,5.696967342317E-10,
    10.000000004809));
#667 = CARTESIAN_POINT('',(-2.09999964433,5.695965921149E-10,
    13.000000004811));
#668 = PCURVE('',#136,#669);
#669 = DEFINITIONAL_REPRESENTATION('',(#670),#674);
#670 = LINE('',#671,#672);
#671 = CARTESIAN_POINT('',(0.,6.295904828089));
#672 = VECTOR('',#673,1.);
#673 = DIRECTION('',(1.,0.));
#674 = ( GEOMETRIC_REPRESENTATION_CONTEXT(2) 
PARAMETRIC_REPRESENTATION_CONTEXT() REPRESENTATION_CONTEXT('2D SPACE',''
  ) );
#675 = PCURVE('',#676,#747);
#676 = B_SPLINE_SURFACE_WITH_KNOTS('',1,9,(
    (#677,#678,#679,#680,#681,#682,#683,#684,#685,#686,#687,#688,#689
      ,#690,#691,#692,#693,#694,#695,#696,#697,#698,#699,#700,#701,#702
      ,#703,#704,#705,#706,#707,#708,#709,#710,#711)
    ,(#712,#713,#714,#715,#716,#717,#718,#719,#720,#721,#722,#723,#724
      ,#725,#726,#727,#728,#729,#730,#731,#732,#733,#734,#735,#736,#737
      ,#738,#739,#740,#741,#742,#743,#744,#745,#746
  )),.UNSPECIFIED.,.F.,.F.,.F.,(2,2),(10,8,9,8,10),(0.,3.),(0.,
    1.573976207022,3.147952414045,4.721928621067,6.295904828089),
  .UNSPECIFIED.);
#677 = CARTESIAN_POINT('',(-2.099999644259,5.697078364619E-10,
    10.000000004808));
#678 = CARTESIAN_POINT('',(-2.09999925501,-0.366518318764,
    10.277777787833));
#679 = CARTESIAN_POINT('',(-2.0280310037,-0.733040327627,10.555555598877
    ));
#680 = CARTESIAN_POINT('',(-1.884111437353,-1.083405876228,
    10.833333203108));
#681 = CARTESIAN_POINT('',(-1.672417867114,-1.401479972716,
    11.111111334008));
#682 = CARTESIAN_POINT('',(-1.401491048919,-1.672432617655,
    11.388888729655));
#683 = CARTESIAN_POINT('',(-1.083403639001,-1.884102772129,
    11.666666731217));
#684 = CARTESIAN_POINT('',(-0.733038853967,-2.028033001266,
    11.944444445825));
#685 = CARTESIAN_POINT('',(-0.366519037559,-2.099999260753,
    12.222222232436));
#686 = CARTESIAN_POINT('',(0.366519082318,-2.099999642039,
    12.777777782213));
#687 = CARTESIAN_POINT('',(0.733036960391,-2.028033690641,
    13.055555570629));
#688 = CARTESIAN_POINT('',(1.083413632535,-1.884103781734,
    13.333333278977));
#689 = CARTESIAN_POINT('',(1.401467111314,-1.672424603689,
    13.611111294019));
#690 = CARTESIAN_POINT('',(1.672447617456,-1.401491408889,13.88888866814
    ));
#691 = CARTESIAN_POINT('',(1.884091945017,-1.083399033727,
    14.166666826055));
#692 = CARTESIAN_POINT('',(2.028036823175,-0.733041907484,
    14.444444402977));
#693 = CARTESIAN_POINT('',(2.099998957875,-0.36651832115,14.722222236312
    ));
#694 = CARTESIAN_POINT('',(2.099999640255,-1.338580579713E-09,
    15.000000004866));
#695 = CARTESIAN_POINT('',(2.099999254289,0.366518318117,15.277777787868
    ));
#696 = CARTESIAN_POINT('',(2.028031001152,0.733040327324,15.555555598772
    ));
#697 = CARTESIAN_POINT('',(1.884111444804,1.08340587671,15.833333203362)
  );
#698 = CARTESIAN_POINT('',(1.672417853068,1.401479972415,16.111111333604
    ));
#699 = CARTESIAN_POINT('',(1.401491068399,1.672432618037,16.38888873012)
  );
#700 = CARTESIAN_POINT('',(1.083403617629,1.884102772128,16.666666730807
    ));
#701 = CARTESIAN_POINT('',(0.733038872689,2.028033001416,16.944444446121
    ));
#702 = CARTESIAN_POINT('',(0.366519024447,2.099999260905,17.222222232254
    ));
#703 = CARTESIAN_POINT('',(-0.366519054885,2.09999964221,17.777777782581
    ));
#704 = CARTESIAN_POINT('',(-0.733037108517,2.028033690803,18.05555556866
    ));
#705 = CARTESIAN_POINT('',(-1.083413245222,1.884103781792,
    18.333333284147));
#706 = CARTESIAN_POINT('',(-1.401467816818,1.672424603974,
    18.611111284547));
#707 = CARTESIAN_POINT('',(-1.672446636053,1.401491408679,
    18.888888681363));
#708 = CARTESIAN_POINT('',(-1.884093024742,1.083399035034,
    19.166666811477));
#709 = CARTESIAN_POINT('',(-2.028035874157,0.733041906233,
    19.444444415806));
#710 = CARTESIAN_POINT('',(-2.099999619557,0.36651832117,19.722222227363
    ));
#711 = CARTESIAN_POINT('',(-2.099999279615,1.663504001215E-09,
    20.000000009743));
#712 = CARTESIAN_POINT('',(-2.09999964433,5.696076943451E-10,
    13.000000004809));
#713 = CARTESIAN_POINT('',(-2.099999255159,-0.366518318783,
    13.277777787834));
#714 = CARTESIAN_POINT('',(-2.02803100429,-0.733040327824,13.55555559888
    ));
#715 = CARTESIAN_POINT('',(-1.884111435612,-1.083405875599,
    13.833333203086));
#716 = CARTESIAN_POINT('',(-1.672417870076,-1.401479973934,
    14.111111334066));
#717 = CARTESIAN_POINT('',(-1.401491046672,-1.672432616941,
    14.388888729589));
#718 = CARTESIAN_POINT('',(-1.083403640015,-1.884102772329,
    14.666666731257));
#719 = CARTESIAN_POINT('',(-0.733038853833,-2.02803300144,
    14.944444445815));
#720 = CARTESIAN_POINT('',(-0.366519037579,-2.099999260901,
    15.222222232436));
#721 = CARTESIAN_POINT('',(0.366519082329,-2.099999642111,
    15.777777782213));
#722 = CARTESIAN_POINT('',(0.733036960636,-2.028033690678,16.05555557063
    ));
#723 = CARTESIAN_POINT('',(1.083413631551,-1.884103781731,
    16.333333278973));
#724 = CARTESIAN_POINT('',(1.401467113854,-1.672424604578,
    16.611111294025));
#725 = CARTESIAN_POINT('',(1.672447614468,-1.401491407819,
    16.888888668137));
#726 = CARTESIAN_POINT('',(1.884091947174,-1.083399034467,
    17.166666826063));
#727 = CARTESIAN_POINT('',(2.028036822602,-0.733041907365,
    17.444444402969));
#728 = CARTESIAN_POINT('',(2.099998958084,-0.366518321169,
    17.722222236314));
#729 = CARTESIAN_POINT('',(2.099999640327,-1.338353650127E-09,
    18.000000004868));
#730 = CARTESIAN_POINT('',(2.099999254438,0.366518318136,18.27777778787)
  );
#731 = CARTESIAN_POINT('',(2.028031001744,0.733040327521,18.555555598766
    ));
#732 = CARTESIAN_POINT('',(1.884111443059,1.083405876081,18.833333203376
    ));
#733 = CARTESIAN_POINT('',(1.672417856036,1.401479973632,19.111111333596
    ));
#734 = CARTESIAN_POINT('',(1.401491066144,1.672432617324,19.388888730126
    ));
#735 = CARTESIAN_POINT('',(1.083403618649,1.884102772326,19.666666730808
    ));
#736 = CARTESIAN_POINT('',(0.73303887255,2.028033001591,19.94444444612)
  );
#737 = CARTESIAN_POINT('',(0.366519024469,2.099999261053,20.222222232255
    ));
#738 = CARTESIAN_POINT('',(-0.366519054901,2.099999642281,
    20.777777782581));
#739 = CARTESIAN_POINT('',(-0.733037108732,2.02803369084,21.055555568657
    ));
#740 = CARTESIAN_POINT('',(-1.083413244315,1.884103781789,
    21.333333284161));
#741 = CARTESIAN_POINT('',(-1.401467819217,1.672424604863,
    21.611111284522));
#742 = CARTESIAN_POINT('',(-1.672446633262,1.401491407609,21.88888868139
    ));
#743 = CARTESIAN_POINT('',(-1.884093026683,1.083399035773,
    22.166666811474));
#744 = CARTESIAN_POINT('',(-2.028035873774,0.733041906114,
    22.444444415799));
#745 = CARTESIAN_POINT('',(-2.099999619633,0.366518321188,
    22.722222227365));
#746 = CARTESIAN_POINT('',(-2.099999279759,1.663219117987E-09,
    23.000000009744));
#747 = DEFINITIONAL_REPRESENTATION('',(#748),#752);
#748 = LINE('',#749,#750);
#749 = CARTESIAN_POINT('',(0.,0.));
#750 = VECTOR('',#751,1.);
#751 = DIRECTION('',(1.,0.));
#752 = ( GEOMETRIC_REPRESENTATION_CONTEXT(2) 
PARAMETRIC_REPRESENTATION_CONTEXT() REPRESENTATION_CONTEXT('2D SPACE',''
  ) );
#753 = ADVANCED_FACE('',(#754),#230,.F.);
#754 = FACE_BOUND('',#755,.F.);
#755 = EDGE_LOOP('',(#756,#757,#758,#813));
#756 = ORIENTED_EDGE('',*,*,#608,.F.);
#757 = ORIENTED_EDGE('',*,*,#214,.T.);
#758 = ORIENTED_EDGE('',*,*,#759,.T.);
#759 = EDGE_CURVE('',#215,#760,#762,.T.);
#760 = VERTEX_POINT('',#761);
#761 = CARTESIAN_POINT('',(-1.99999964433,5.696501190837E-10,
    13.000000004812));
#762 = SURFACE_CURVE('',#763,(#799,#806),.PCURVE_S1.);
#763 = B_SPLINE_CURVE_WITH_KNOTS('',9,(#764,#765,#766,#767,#768,#769,
    #770,#771,#772,#773,#774,#775,#776,#777,#778,#779,#780,#781,#782,
    #783,#784,#785,#786,#787,#788,#789,#790,#791,#792,#793,#794,#795,
    #796,#797,#798),.UNSPECIFIED.,.F.,.F.,(10,8,9,8,10),(0.,
    1.573976207022,3.147952414045,4.721928621067,6.295904828089),
  .UNSPECIFIED.);
#764 = CARTESIAN_POINT('',(-2.,2.420286193683E-14,3.));
#765 = CARTESIAN_POINT('',(-1.999999635635,-0.349065090391,
    3.277777782689));
#766 = CARTESIAN_POINT('',(-1.931458293851,-0.698133877239,
    3.555555594015));
#767 = CARTESIAN_POINT('',(-1.794392605414,-1.031815184668,
    3.833333198226));
#768 = CARTESIAN_POINT('',(-1.592778508245,-1.334743072876,
    4.111111328878));
#769 = CARTESIAN_POINT('',(-1.334754134756,-1.592793251652,
    4.388888724893));
#770 = CARTESIAN_POINT('',(-1.031812957169,-1.794383942455,
    4.666666726145));
#771 = CARTESIAN_POINT('',(-0.698132395338,-1.931460301047,
    4.944444440903));
#772 = CARTESIAN_POINT('',(-0.349065807846,-1.999999627557,
    5.222222227484));
#773 = CARTESIAN_POINT('',(0.349065854716,-2.00000000853,5.77777777726)
  );
#774 = CARTESIAN_POINT('',(0.698130504978,-1.931460989834,6.055555565664
    ));
#775 = CARTESIAN_POINT('',(1.031822948687,-1.794384950856,6.333333274017
    ));
#776 = CARTESIAN_POINT('',(1.33473020778,-1.592785238207,6.611111289105)
  );
#777 = CARTESIAN_POINT('',(1.592808247876,-1.334754503575,6.88888866315)
  );
#778 = CARTESIAN_POINT('',(1.794373124167,-1.031808344471,7.166666821065
    ));
#779 = CARTESIAN_POINT('',(1.93146411053,-0.698135451778,7.444444398157)
  );
#780 = CARTESIAN_POINT('',(1.999999334033,-0.349065091191,7.722222231241
    ));
#781 = CARTESIAN_POINT('',(2.000000003191,-2.536724164059E-10,
    7.999999999958));
#782 = CARTESIAN_POINT('',(1.999999629001,0.349065090224,8.277777782802)
  );
#783 = CARTESIAN_POINT('',(1.931458295083,0.698133874974,8.555555593918)
  );
#784 = CARTESIAN_POINT('',(1.794392611753,1.031815187779,8.83333319834)
  );
#785 = CARTESIAN_POINT('',(1.59277849401,1.334743070205,9.111111328711)
  );
#786 = CARTESIAN_POINT('',(1.334754154539,1.592793252974,9.388888725143)
  );
#787 = CARTESIAN_POINT('',(1.031812935805,1.794383942111,9.666666725848)
  );
#788 = CARTESIAN_POINT('',(0.698132413996,1.931460301147,9.944444441167)
  );
#789 = CARTESIAN_POINT('',(0.349065794808,1.999999627533,10.222222227306
    ));
#790 = CARTESIAN_POINT('',(-0.349065827421,2.000000008515,
    10.777777777628));
#791 = CARTESIAN_POINT('',(-0.698130652332,1.931460989914,
    11.055555563684));
#792 = CARTESIAN_POINT('',(-1.031822563393,1.794384950638,
    11.333333279199));
#793 = CARTESIAN_POINT('',(-1.334730909699,1.592785239269,
    11.611111279649));
#794 = CARTESIAN_POINT('',(-1.592807271925,1.334754501562,11.88888867632
    ));
#795 = CARTESIAN_POINT('',(-1.794374196512,1.031808346961,
    12.166666806564));
#796 = CARTESIAN_POINT('',(-1.931463169342,0.698135450443,12.4444444109)
  );
#797 = CARTESIAN_POINT('',(-1.99999999147,0.349065091234,12.722222222337
    ));
#798 = CARTESIAN_POINT('',(-1.99999964433,5.696529914445E-10,
    13.000000004815));
#799 = PCURVE('',#230,#800);
#800 = DEFINITIONAL_REPRESENTATION('',(#801),#805);
#801 = LINE('',#802,#803);
#802 = CARTESIAN_POINT('',(0.1,0.));
#803 = VECTOR('',#804,1.);
#804 = DIRECTION('',(0.,1.));
#805 = ( GEOMETRIC_REPRESENTATION_CONTEXT(2) 
PARAMETRIC_REPRESENTATION_CONTEXT() REPRESENTATION_CONTEXT('2D SPACE',''
  ) );
#806 = PCURVE('',#320,#807);
#807 = DEFINITIONAL_REPRESENTATION('',(#808),#812);
#808 = LINE('',#809,#810);
#809 = CARTESIAN_POINT('',(0.,0.));
#810 = VECTOR('',#811,1.);
#811 = DIRECTION('',(0.,1.));
#812 = ( GEOMETRIC_REPRESENTATION_CONTEXT(2) 
PARAMETRIC_REPRESENTATION_CONTEXT() REPRESENTATION_CONTEXT('2D SPACE',''
  ) );
#813 = ORIENTED_EDGE('',*,*,#814,.F.);
#814 = EDGE_CURVE('',#609,#760,#815,.T.);
#815 = SURFACE_CURVE('',#816,(#819,#826),.PCURVE_S1.);
#816 = B_SPLINE_CURVE_WITH_KNOTS('',1,(#817,#818),.UNSPECIFIED.,.F.,.F.,
  (2,2),(0.,0.1),.PIECEWISE_BEZIER_KNOTS.);
#817 = CARTESIAN_POINT('',(-2.09999964433,5.695965921149E-10,
    13.000000004811));
#818 = CARTESIAN_POINT('',(-1.99999964433,5.696529914445E-10,
    13.000000004815));
#819 = PCURVE('',#230,#820);
#820 = DEFINITIONAL_REPRESENTATION('',(#821),#825);
#821 = LINE('',#822,#823);
#822 = CARTESIAN_POINT('',(0.,6.295904828089));
#823 = VECTOR('',#824,1.);
#824 = DIRECTION('',(1.,0.));
#825 = ( GEOMETRIC_REPRESENTATION_CONTEXT(2) 
PARAMETRIC_REPRESENTATION_CONTEXT() REPRESENTATION_CONTEXT('2D SPACE',''
  ) );
#826 = PCURVE('',#827,#898);
#827 = B_SPLINE_SURFACE_WITH_KNOTS('',1,9,(
    (#828,#829,#830,#831,#832,#833,#834,#835,#836,#837,#838,#839,#840
      ,#841,#842,#843,#844,#845,#846,#847,#848,#849,#850,#851,#852,#853
      ,#854,#855,#856,#857,#858,#859,#860,#861,#862)
    ,(#863,#864,#865,#866,#867,#868,#869,#870,#871,#872,#873,#874,#875
      ,#876,#877,#878,#879,#880,#881,#882,#883,#884,#885,#886,#887,#888
      ,#889,#890,#891,#892,#893,#894,#895,#896,#897
  )),.UNSPECIFIED.,.F.,.F.,.F.,(2,2),(10,8,9,8,10),(0.,0.1),(0.,
    1.573976207022,3.147952414045,4.721928621067,6.295904828089),
  .UNSPECIFIED.);
#828 = CARTESIAN_POINT('',(-2.09999964433,5.696076943451E-10,
    13.000000004809));
#829 = CARTESIAN_POINT('',(-2.099999255159,-0.366518318783,
    13.277777787834));
#830 = CARTESIAN_POINT('',(-2.02803100429,-0.733040327824,13.55555559888
    ));
#831 = CARTESIAN_POINT('',(-1.884111435612,-1.083405875599,
    13.833333203086));
#832 = CARTESIAN_POINT('',(-1.672417870076,-1.401479973934,
    14.111111334066));
#833 = CARTESIAN_POINT('',(-1.401491046672,-1.672432616941,
    14.388888729589));
#834 = CARTESIAN_POINT('',(-1.083403640015,-1.884102772329,
    14.666666731257));
#835 = CARTESIAN_POINT('',(-0.733038853833,-2.02803300144,
    14.944444445815));
#836 = CARTESIAN_POINT('',(-0.366519037579,-2.099999260901,
    15.222222232436));
#837 = CARTESIAN_POINT('',(0.366519082329,-2.099999642111,
    15.777777782213));
#838 = CARTESIAN_POINT('',(0.733036960636,-2.028033690678,16.05555557063
    ));
#839 = CARTESIAN_POINT('',(1.083413631551,-1.884103781731,
    16.333333278973));
#840 = CARTESIAN_POINT('',(1.401467113854,-1.672424604578,
    16.611111294025));
#841 = CARTESIAN_POINT('',(1.672447614468,-1.401491407819,
    16.888888668137));
#842 = CARTESIAN_POINT('',(1.884091947174,-1.083399034467,
    17.166666826063));
#843 = CARTESIAN_POINT('',(2.028036822602,-0.733041907365,
    17.444444402969));
#844 = CARTESIAN_POINT('',(2.099998958084,-0.366518321169,
    17.722222236314));
#845 = CARTESIAN_POINT('',(2.099999640327,-1.338353650127E-09,
    18.000000004868));
#846 = CARTESIAN_POINT('',(2.099999254438,0.366518318136,18.27777778787)
  );
#847 = CARTESIAN_POINT('',(2.028031001744,0.733040327521,18.555555598766
    ));
#848 = CARTESIAN_POINT('',(1.884111443059,1.083405876081,18.833333203376
    ));
#849 = CARTESIAN_POINT('',(1.672417856036,1.401479973632,19.111111333596
    ));
#850 = CARTESIAN_POINT('',(1.401491066144,1.672432617324,19.388888730126
    ));
#851 = CARTESIAN_POINT('',(1.083403618649,1.884102772326,19.666666730808
    ));
#852 = CARTESIAN_POINT('',(0.73303887255,2.028033001591,19.94444444612)
  );
#853 = CARTESIAN_POINT('',(0.366519024469,2.099999261053,20.222222232255
    ));
#854 = CARTESIAN_POINT('',(-0.366519054901,2.099999642281,
    20.777777782581));
#855 = CARTESIAN_POINT('',(-0.733037108732,2.02803369084,21.055555568657
    ));
#856 = CARTESIAN_POINT('',(-1.083413244315,1.884103781789,
    21.333333284161));
#857 = CARTESIAN_POINT('',(-1.401467819217,1.672424604863,
    21.611111284522));
#858 = CARTESIAN_POINT('',(-1.672446633262,1.401491407609,21.88888868139
    ));
#859 = CARTESIAN_POINT('',(-1.884093026683,1.083399035773,
    22.166666811474));
#860 = CARTESIAN_POINT('',(-2.028035873774,0.733041906114,
    22.444444415799));
#861 = CARTESIAN_POINT('',(-2.099999619633,0.366518321188,
    22.722222227365));
#862 = CARTESIAN_POINT('',(-2.099999279759,1.663219117987E-09,
    23.000000009744));
#863 = CARTESIAN_POINT('',(-1.99999964433,5.696643157194E-10,
    13.000000004813));
#864 = CARTESIAN_POINT('',(-1.999999255159,-0.349065025904,
    13.27777778784));
#865 = CARTESIAN_POINT('',(-1.931457949943,-0.698133744021,13.5555555989
    ));
#866 = CARTESIAN_POINT('',(-1.794392275105,-1.031815001547,
    13.83333320303));
#867 = CARTESIAN_POINT('',(-1.592778216365,-1.334742822299,
    14.111111334157));
#868 = CARTESIAN_POINT('',(-1.334753891772,-1.592792961196,
    14.388888729544));
#869 = CARTESIAN_POINT('',(-1.031812768975,-1.794383612496,
    14.666666731263));
#870 = CARTESIAN_POINT('',(-0.698132268481,-1.931459947006,
    14.944444445826));
#871 = CARTESIAN_POINT('',(-0.349065745058,-1.999999260901,
    15.222222232441));
#872 = CARTESIAN_POINT('',(0.349065789807,-1.999999642111,
    15.777777782216));
#873 = CARTESIAN_POINT('',(0.698130375283,-1.931460636244,
    16.055555570645));
#874 = CARTESIAN_POINT('',(1.031822760511,-1.794384621897,
    16.333333278928));
#875 = CARTESIAN_POINT('',(1.334729958954,-1.592784948835,
    16.611111294146));
#876 = CARTESIAN_POINT('',(1.592807960756,-1.334754256183,
    16.888888668003));
#877 = CARTESIAN_POINT('',(1.794372786668,-1.031808160416,
    17.166666826151));
#878 = CARTESIAN_POINT('',(1.931463768254,-0.698135323562,
    17.444444402951));
#879 = CARTESIAN_POINT('',(1.999998958084,-0.34906502829,17.72222223632)
  );
#880 = CARTESIAN_POINT('',(1.999999640327,-1.338425370534E-09,
    18.000000004871));
#881 = CARTESIAN_POINT('',(1.999999254438,0.349065025258,18.277777787876
    ));
#882 = CARTESIAN_POINT('',(1.931457947397,0.698133743718,18.555555598777
    ));
#883 = CARTESIAN_POINT('',(1.794392282554,1.03181500203,18.833333203344)
  );
#884 = CARTESIAN_POINT('',(1.592778202323,1.334742821997,19.111111333659
    ));
#885 = CARTESIAN_POINT('',(1.334753911247,1.59279296158,19.38888873009)
  );
#886 = CARTESIAN_POINT('',(1.031812747609,1.794383612493,19.666666730818
    ));
#887 = CARTESIAN_POINT('',(0.698132287198,1.931459947157,19.944444446128
    ));
#888 = CARTESIAN_POINT('',(0.349065731948,1.999999261053,20.22222223226)
  );
#889 = CARTESIAN_POINT('',(-0.34906576238,1.999999642281,20.777777782584
    ));
#890 = CARTESIAN_POINT('',(-0.698130523379,1.931460636407,21.05555556867
    ));
#891 = CARTESIAN_POINT('',(-1.031822373275,1.794384621955,
    21.333333284118));
#892 = CARTESIAN_POINT('',(-1.334730664318,1.592784949119,
    21.611111284642));
#893 = CARTESIAN_POINT('',(-1.59280697955,1.334754255973,21.888888681254
    ));
#894 = CARTESIAN_POINT('',(-1.794373866177,1.031808161722,
    22.166666811565));
#895 = CARTESIAN_POINT('',(-1.931462819426,0.698135322311,
    22.444444415781));
#896 = CARTESIAN_POINT('',(-1.999999619633,0.34906502831,22.722222227368
    ));
#897 = CARTESIAN_POINT('',(-1.999999279759,1.66333258278E-09,
    23.00000000975));
#898 = DEFINITIONAL_REPRESENTATION('',(#899),#903);
#899 = LINE('',#900,#901);
#900 = CARTESIAN_POINT('',(0.,0.));
#901 = VECTOR('',#902,1.);
#902 = DIRECTION('',(1.,0.));
#903 = ( GEOMETRIC_REPRESENTATION_CONTEXT(2) 
PARAMETRIC_REPRESENTATION_CONTEXT() REPRESENTATION_CONTEXT('2D SPACE',''
  ) );
#904 = ADVANCED_FACE('',(#905),#320,.F.);
#905 = FACE_BOUND('',#906,.F.);
#906 = EDGE_LOOP('',(#907,#908,#909,#910));
#907 = ORIENTED_EDGE('',*,*,#759,.F.);
#908 = ORIENTED_EDGE('',*,*,#308,.T.);
#909 = ORIENTED_EDGE('',*,*,#401,.T.);
#910 = ORIENTED_EDGE('',*,*,#911,.F.);
#911 = EDGE_CURVE('',#760,#402,#912,.T.);
#912 = SURFACE_CURVE('',#913,(#916,#923),.PCURVE_S1.);
#913 = B_SPLINE_CURVE_WITH_KNOTS('',1,(#914,#915),.UNSPECIFIED.,.F.,.F.,
  (2,2),(0.,3.),.PIECEWISE_BEZIER_KNOTS.);
#914 = CARTESIAN_POINT('',(-1.99999964433,5.696394467236E-10,
    13.000000004813));
#915 = CARTESIAN_POINT('',(-1.999999644259,5.697393667958E-10,
    10.000000004811));
#916 = PCURVE('',#320,#917);
#917 = DEFINITIONAL_REPRESENTATION('',(#918),#922);
#918 = LINE('',#919,#920);
#919 = CARTESIAN_POINT('',(0.,6.295904828089));
#920 = VECTOR('',#921,1.);
#921 = DIRECTION('',(1.,0.));
#922 = ( GEOMETRIC_REPRESENTATION_CONTEXT(2) 
PARAMETRIC_REPRESENTATION_CONTEXT() REPRESENTATION_CONTEXT('2D SPACE',''
  ) );
#923 = PCURVE('',#924,#995);
#924 = B_SPLINE_SURFACE_WITH_KNOTS('',1,9,(
    (#925,#926,#927,#928,#929,#930,#931,#932,#933,#934,#935,#936,#937
      ,#938,#939,#940,#941,#942,#943,#944,#945,#946,#947,#948,#949,#950
      ,#951,#952,#953,#954,#955,#956,#957,#958,#959)
    ,(#960,#961,#962,#963,#964,#965,#966,#967,#968,#969,#970,#971,#972
      ,#973,#974,#975,#976,#977,#978,#979,#980,#981,#982,#983,#984,#985
      ,#986,#987,#988,#989,#990,#991,#992,#993,#994
  )),.UNSPECIFIED.,.F.,.F.,.F.,(2,2),(10,8,9,8,10),(0.,3.),(0.,
    1.573976207022,3.147952414045,4.721928621067,6.295904828089),
  .UNSPECIFIED.);
#925 = CARTESIAN_POINT('',(-1.99999964433,5.696503269093E-10,
    13.000000004811));
#926 = CARTESIAN_POINT('',(-1.999999255159,-0.349065025904,
    13.277777787839));
#927 = CARTESIAN_POINT('',(-1.931457949943,-0.698133744021,
    13.555555598898));
#928 = CARTESIAN_POINT('',(-1.794392275106,-1.031815001548,
    13.833333203029));
#929 = CARTESIAN_POINT('',(-1.592778216363,-1.334742822298,
    14.111111334154));
#930 = CARTESIAN_POINT('',(-1.334753891773,-1.592792961197,
    14.388888729543));
#931 = CARTESIAN_POINT('',(-1.031812768975,-1.794383612496,
    14.66666673126));
#932 = CARTESIAN_POINT('',(-0.698132268481,-1.931459947006,
    14.944444445824));
#933 = CARTESIAN_POINT('',(-0.349065745058,-1.999999260901,
    15.222222232439));
#934 = CARTESIAN_POINT('',(0.349065789807,-1.999999642111,
    15.777777782214));
#935 = CARTESIAN_POINT('',(0.698130375283,-1.931460636244,
    16.055555570643));
#936 = CARTESIAN_POINT('',(1.031822760511,-1.794384621898,
    16.333333278926));
#937 = CARTESIAN_POINT('',(1.334729958955,-1.592784948834,
    16.611111294144));
#938 = CARTESIAN_POINT('',(1.592807960756,-1.334754256184,
    16.888888668002));
#939 = CARTESIAN_POINT('',(1.794372786668,-1.031808160416,
    17.166666826149));
#940 = CARTESIAN_POINT('',(1.931463768254,-0.698135323562,
    17.444444402949));
#941 = CARTESIAN_POINT('',(1.999998958084,-0.34906502829,17.722222236318
    ));
#942 = CARTESIAN_POINT('',(1.999999640327,-1.33841071559E-09,
    18.000000004869));
#943 = CARTESIAN_POINT('',(1.999999254438,0.349065025258,18.277777787875
    ));
#944 = CARTESIAN_POINT('',(1.931457947397,0.698133743718,18.555555598775
    ));
#945 = CARTESIAN_POINT('',(1.794392282554,1.03181500203,18.833333203342)
  );
#946 = CARTESIAN_POINT('',(1.592778202323,1.334742821997,19.111111333657
    ));
#947 = CARTESIAN_POINT('',(1.334753911247,1.59279296158,19.388888730089)
  );
#948 = CARTESIAN_POINT('',(1.031812747608,1.794383612493,19.666666730816
    ));
#949 = CARTESIAN_POINT('',(0.698132287198,1.931459947157,19.944444446126
    ));
#950 = CARTESIAN_POINT('',(0.349065731948,1.999999261053,20.222222232258
    ));
#951 = CARTESIAN_POINT('',(-0.34906576238,1.999999642281,20.777777782582
    ));
#952 = CARTESIAN_POINT('',(-0.698130523379,1.931460636407,
    21.055555568669));
#953 = CARTESIAN_POINT('',(-1.031822373275,1.794384621955,
    21.333333284115));
#954 = CARTESIAN_POINT('',(-1.334730664317,1.59278494912,21.611111284641
    ));
#955 = CARTESIAN_POINT('',(-1.59280697955,1.334754255972,21.888888681252
    ));
#956 = CARTESIAN_POINT('',(-1.794373866177,1.031808161723,
    22.166666811563));
#957 = CARTESIAN_POINT('',(-1.931462819426,0.698135322311,
    22.444444415779));
#958 = CARTESIAN_POINT('',(-1.999999619633,0.34906502831,22.722222227366
    ));
#959 = CARTESIAN_POINT('',(-1.999999279759,1.66331859397E-09,
    23.000000009748));
#960 = CARTESIAN_POINT('',(-1.999999644259,5.697502469815E-10,
    10.000000004809));
#961 = CARTESIAN_POINT('',(-1.99999925501,-0.349065025885,
    10.277777787837));
#962 = CARTESIAN_POINT('',(-1.931457949352,-0.698133743824,
    10.555555598895));
#963 = CARTESIAN_POINT('',(-1.794392276847,-1.031815002177,
    10.833333203051));
#964 = CARTESIAN_POINT('',(-1.592778213402,-1.334742821081,
    11.111111334095));
#965 = CARTESIAN_POINT('',(-1.33475389402,-1.592792961911,
    11.388888729609));
#966 = CARTESIAN_POINT('',(-1.03181276796,-1.794383612296,11.66666673122
    ));
#967 = CARTESIAN_POINT('',(-0.698132268615,-1.931459946832,
    11.944444445834));
#968 = CARTESIAN_POINT('',(-0.349065745038,-1.999999260753,
    12.222222232439));
#969 = CARTESIAN_POINT('',(0.349065789797,-1.999999642039,
    12.777777782214));
#970 = CARTESIAN_POINT('',(0.698130375039,-1.931460636207,
    13.055555570642));
#971 = CARTESIAN_POINT('',(1.031822761495,-1.7943846219,13.33333327893)
  );
#972 = CARTESIAN_POINT('',(1.334729956415,-1.592784947946,
    13.611111294139));
#973 = CARTESIAN_POINT('',(1.592807963743,-1.334754257253,
    13.888888668003));
#974 = CARTESIAN_POINT('',(1.794372784511,-1.031808159676,
    14.166666826141));
#975 = CARTESIAN_POINT('',(1.931463768828,-0.698135323681,
    14.444444402957));
#976 = CARTESIAN_POINT('',(1.999998957875,-0.349065028271,
    14.722222236317));
#977 = CARTESIAN_POINT('',(1.999999640255,-1.338637201087E-09,
    15.000000004868));
#978 = CARTESIAN_POINT('',(1.999999254289,0.349065025238,15.277777787873
    ));
#979 = CARTESIAN_POINT('',(1.931457946805,0.698133743521,15.555555598783
    ));
#980 = CARTESIAN_POINT('',(1.794392284298,1.031815002659,15.833333203328
    ));
#981 = CARTESIAN_POINT('',(1.592778199356,1.334742820779,16.111111333667
    ));
#982 = CARTESIAN_POINT('',(1.334753913499,1.592792962294,16.38888873008)
  );
#983 = CARTESIAN_POINT('',(1.031812746588,1.794383612294,16.666666730817
    ));
#984 = CARTESIAN_POINT('',(0.698132287336,1.931459946982,16.944444446127
    ));
#985 = CARTESIAN_POINT('',(0.349065731926,1.999999260905,17.222222232258
    ));
#986 = CARTESIAN_POINT('',(-0.349065762364,1.99999964221,17.777777782582
    ));
#987 = CARTESIAN_POINT('',(-0.698130523165,1.931460636369,
    18.055555568673));
#988 = CARTESIAN_POINT('',(-1.031822374181,1.794384621958,
    18.333333284101));
#989 = CARTESIAN_POINT('',(-1.334730661918,1.592784948231,
    18.611111284667));
#990 = CARTESIAN_POINT('',(-1.592806982342,1.334754257043,
    18.888888681224));
#991 = CARTESIAN_POINT('',(-1.794373864235,1.031808160983,
    19.166666811567));
#992 = CARTESIAN_POINT('',(-1.93146281981,0.69813532243,19.444444415786)
  );
#993 = CARTESIAN_POINT('',(-1.999999619557,0.349065028291,
    19.722222227364));
#994 = CARTESIAN_POINT('',(-1.999999279615,1.663603255153E-09,
    20.000000009746));
#995 = DEFINITIONAL_REPRESENTATION('',(#996),#1000);
#996 = LINE('',#997,#998);
#997 = CARTESIAN_POINT('',(0.,0.));
#998 = VECTOR('',#999,1.);
#999 = DIRECTION('',(1.,0.));
#1000 = ( GEOMETRIC_REPRESENTATION_CONTEXT(2) 
PARAMETRIC_REPRESENTATION_CONTEXT() REPRESENTATION_CONTEXT('2D SPACE',''
  ) );
#1001 = ADVANCED_FACE('',(#1002),#525,.F.);
#1002 = FACE_BOUND('',#1003,.F.);
#1003 = EDGE_LOOP('',(#1004,#1059,#1060,#1115));
#1004 = ORIENTED_EDGE('',*,*,#1005,.F.);
#1005 = EDGE_CURVE('',#402,#1006,#1008,.T.);
#1006 = VERTEX_POINT('',#1007);
#1007 = CARTESIAN_POINT('',(-1.999999279615,1.663657004167E-09,
    20.000000009749));
#1008 = SURFACE_CURVE('',#1009,(#1045,#1052),.PCURVE_S1.);
#1009 = B_SPLINE_CURVE_WITH_KNOTS('',9,(#1010,#1011,#1012,#1013,#1014,
    #1015,#1016,#1017,#1018,#1019,#1020,#1021,#1022,#1023,#1024,#1025,
    #1026,#1027,#1028,#1029,#1030,#1031,#1032,#1033,#1034,#1035,#1036,
    #1037,#1038,#1039,#1040,#1041,#1042,#1043,#1044),.UNSPECIFIED.,.F.,
  .F.,(10,8,9,8,10),(0.,1.573976207022,3.147952414045,4.721928621067,
    6.295904828089),.UNSPECIFIED.);
#1010 = CARTESIAN_POINT('',(-1.999999644259,5.697500249369E-10,
    10.000000004811));
#1011 = CARTESIAN_POINT('',(-1.99999925501,-0.349065025885,
    10.277777787839));
#1012 = CARTESIAN_POINT('',(-1.931457949352,-0.698133743824,
    10.555555598897));
#1013 = CARTESIAN_POINT('',(-1.794392276847,-1.031815002177,
    10.833333203053));
#1014 = CARTESIAN_POINT('',(-1.592778213401,-1.33474282108,
    11.111111334096));
#1015 = CARTESIAN_POINT('',(-1.33475389402,-1.592792961911,
    11.388888729611));
#1016 = CARTESIAN_POINT('',(-1.03181276796,-1.794383612296,
    11.666666731221));
#1017 = CARTESIAN_POINT('',(-0.698132268615,-1.931459946832,
    11.944444445836));
#1018 = CARTESIAN_POINT('',(-0.349065745038,-1.999999260753,
    12.222222232441));
#1019 = CARTESIAN_POINT('',(0.349065789797,-1.999999642039,
    12.777777782216));
#1020 = CARTESIAN_POINT('',(0.698130375039,-1.931460636207,
    13.055555570644));
#1021 = CARTESIAN_POINT('',(1.031822761495,-1.7943846219,13.333333278932
    ));
#1022 = CARTESIAN_POINT('',(1.334729956415,-1.592784947945,
    13.61111129414));
#1023 = CARTESIAN_POINT('',(1.592807963743,-1.334754257254,
    13.888888668006));
#1024 = CARTESIAN_POINT('',(1.794372784511,-1.031808159675,
    14.166666826142));
#1025 = CARTESIAN_POINT('',(1.931463768828,-0.698135323682,
    14.444444402959));
#1026 = CARTESIAN_POINT('',(1.999998957875,-0.349065028271,
    14.722222236318));
#1027 = CARTESIAN_POINT('',(1.999999640255,-1.338637645176E-09,
    15.000000004869));
#1028 = CARTESIAN_POINT('',(1.999999254289,0.349065025238,
    15.277777787874));
#1029 = CARTESIAN_POINT('',(1.931457946805,0.698133743521,
    15.555555598785));
#1030 = CARTESIAN_POINT('',(1.794392284297,1.031815002659,
    15.833333203329));
#1031 = CARTESIAN_POINT('',(1.592778199358,1.334742820778,
    16.111111333669));
#1032 = CARTESIAN_POINT('',(1.334753913498,1.592792962295,
    16.388888730081));
#1033 = CARTESIAN_POINT('',(1.031812746589,1.794383612293,
    16.666666730819));
#1034 = CARTESIAN_POINT('',(0.698132287336,1.931459946982,
    16.944444446128));
#1035 = CARTESIAN_POINT('',(0.349065731926,1.999999260905,17.22222223226
    ));
#1036 = CARTESIAN_POINT('',(-0.349065762364,1.99999964221,
    17.777777782583));
#1037 = CARTESIAN_POINT('',(-0.698130523165,1.931460636369,
    18.055555568674));
#1038 = CARTESIAN_POINT('',(-1.031822374181,1.794384621958,
    18.333333284103));
#1039 = CARTESIAN_POINT('',(-1.334730661918,1.59278494823,
    18.611111284668));
#1040 = CARTESIAN_POINT('',(-1.592806982342,1.334754257043,
    18.888888681226));
#1041 = CARTESIAN_POINT('',(-1.794373864235,1.031808160983,
    19.166666811569));
#1042 = CARTESIAN_POINT('',(-1.93146281981,0.69813532243,19.444444415788
    ));
#1043 = CARTESIAN_POINT('',(-1.999999619557,0.349065028291,
    19.722222227366));
#1044 = CARTESIAN_POINT('',(-1.999999279615,1.663602811064E-09,
    20.000000009748));
#1045 = PCURVE('',#525,#1046);
#1046 = DEFINITIONAL_REPRESENTATION('',(#1047),#1051);
#1047 = LINE('',#1048,#1049);
#1048 = CARTESIAN_POINT('',(0.,0.));
#1049 = VECTOR('',#1050,1.);
#1050 = DIRECTION('',(0.,1.));
#1051 = ( GEOMETRIC_REPRESENTATION_CONTEXT(2) 
PARAMETRIC_REPRESENTATION_CONTEXT() REPRESENTATION_CONTEXT('2D SPACE',''
  ) );
#1052 = PCURVE('',#924,#1053);
#1053 = DEFINITIONAL_REPRESENTATION('',(#1054),#1058);
#1054 = LINE('',#1055,#1056);
#1055 = CARTESIAN_POINT('',(3.,0.));
#1056 = VECTOR('',#1057,1.);
#1057 = DIRECTION('',(0.,1.));
#1058 = ( GEOMETRIC_REPRESENTATION_CONTEXT(2) 
PARAMETRIC_REPRESENTATION_CONTEXT() REPRESENTATION_CONTEXT('2D SPACE',''
  ) );
#1059 = ORIENTED_EDGE('',*,*,#512,.T.);
#1060 = ORIENTED_EDGE('',*,*,#1061,.T.);
#1061 = EDGE_CURVE('',#458,#1062,#1064,.T.);
#1062 = VERTEX_POINT('',#1063);
#1063 = CARTESIAN_POINT('',(-2.099999279615,1.663557528184E-09,
    20.000000009743));
#1064 = SURFACE_CURVE('',#1065,(#1101,#1108),.PCURVE_S1.);
#1065 = B_SPLINE_CURVE_WITH_KNOTS('',9,(#1066,#1067,#1068,#1069,#1070,
    #1071,#1072,#1073,#1074,#1075,#1076,#1077,#1078,#1079,#1080,#1081,
    #1082,#1083,#1084,#1085,#1086,#1087,#1088,#1089,#1090,#1091,#1092,
    #1093,#1094,#1095,#1096,#1097,#1098,#1099,#1100),.UNSPECIFIED.,.F.,
  .F.,(10,8,9,8,10),(0.,1.573976207022,3.147952414045,4.721928621067,
    6.295904828089),.UNSPECIFIED.);
#1066 = CARTESIAN_POINT('',(-2.099999644259,5.696934035626E-10,
    10.000000004808));
#1067 = CARTESIAN_POINT('',(-2.09999925501,-0.366518318764,
    10.277777787833));
#1068 = CARTESIAN_POINT('',(-2.0280310037,-0.733040327627,
    10.555555598877));
#1069 = CARTESIAN_POINT('',(-1.884111437353,-1.083405876227,
    10.833333203108));
#1070 = CARTESIAN_POINT('',(-1.672417867114,-1.401479972717,
    11.111111334008));
#1071 = CARTESIAN_POINT('',(-1.401491048919,-1.672432617654,
    11.388888729655));
#1072 = CARTESIAN_POINT('',(-1.083403639001,-1.88410277213,
    11.666666731217));
#1073 = CARTESIAN_POINT('',(-0.733038853967,-2.028033001265,
    11.944444445825));
#1074 = CARTESIAN_POINT('',(-0.366519037559,-2.099999260753,
    12.222222232436));
#1075 = CARTESIAN_POINT('',(0.366519082318,-2.099999642039,
    12.777777782213));
#1076 = CARTESIAN_POINT('',(0.733036960391,-2.028033690641,
    13.055555570629));
#1077 = CARTESIAN_POINT('',(1.083413632535,-1.884103781734,
    13.333333278977));
#1078 = CARTESIAN_POINT('',(1.401467111314,-1.672424603689,
    13.611111294019));
#1079 = CARTESIAN_POINT('',(1.672447617455,-1.401491408889,
    13.88888866814));
#1080 = CARTESIAN_POINT('',(1.884091945017,-1.083399033727,
    14.166666826055));
#1081 = CARTESIAN_POINT('',(2.028036823175,-0.733041907484,
    14.444444402977));
#1082 = CARTESIAN_POINT('',(2.099998957875,-0.36651832115,
    14.722222236312));
#1083 = CARTESIAN_POINT('',(2.099999640255,-1.338566590903E-09,
    15.000000004866));
#1084 = CARTESIAN_POINT('',(2.099999254289,0.366518318117,
    15.277777787868));
#1085 = CARTESIAN_POINT('',(2.028031001152,0.733040327324,
    15.555555598772));
#1086 = CARTESIAN_POINT('',(1.884111444804,1.08340587671,15.833333203362
    ));
#1087 = CARTESIAN_POINT('',(1.672417853068,1.401479972415,
    16.111111333604));
#1088 = CARTESIAN_POINT('',(1.401491068399,1.672432618038,16.38888873012
    ));
#1089 = CARTESIAN_POINT('',(1.083403617629,1.884102772128,
    16.666666730807));
#1090 = CARTESIAN_POINT('',(0.733038872689,2.028033001416,
    16.944444446121));
#1091 = CARTESIAN_POINT('',(0.366519024447,2.099999260905,
    17.222222232254));
#1092 = CARTESIAN_POINT('',(-0.366519054885,2.09999964221,
    17.777777782581));
#1093 = CARTESIAN_POINT('',(-0.733037108517,2.028033690803,
    18.05555556866));
#1094 = CARTESIAN_POINT('',(-1.083413245222,1.884103781792,
    18.333333284147));
#1095 = CARTESIAN_POINT('',(-1.401467816818,1.672424603974,
    18.611111284547));
#1096 = CARTESIAN_POINT('',(-1.672446636054,1.401491408678,
    18.888888681363));
#1097 = CARTESIAN_POINT('',(-1.884093024742,1.083399035034,
    19.166666811477));
#1098 = CARTESIAN_POINT('',(-2.028035874157,0.733041906233,
    19.444444415806));
#1099 = CARTESIAN_POINT('',(-2.099999619557,0.36651832117,
    19.722222227363));
#1100 = CARTESIAN_POINT('',(-2.099999279615,1.66348979036E-09,
    20.000000009743));
#1101 = PCURVE('',#525,#1102);
#1102 = DEFINITIONAL_REPRESENTATION('',(#1103),#1107);
#1103 = LINE('',#1104,#1105);
#1104 = CARTESIAN_POINT('',(0.1,0.));
#1105 = VECTOR('',#1106,1.);
#1106 = DIRECTION('',(0.,1.));
#1107 = ( GEOMETRIC_REPRESENTATION_CONTEXT(2) 
PARAMETRIC_REPRESENTATION_CONTEXT() REPRESENTATION_CONTEXT('2D SPACE',''
  ) );
#1108 = PCURVE('',#676,#1109);
#1109 = DEFINITIONAL_REPRESENTATION('',(#1110),#1114);
#1110 = LINE('',#1111,#1112);
#1111 = CARTESIAN_POINT('',(0.,0.));
#1112 = VECTOR('',#1113,1.);
#1113 = DIRECTION('',(0.,1.));
#1114 = ( GEOMETRIC_REPRESENTATION_CONTEXT(2) 
PARAMETRIC_REPRESENTATION_CONTEXT() REPRESENTATION_CONTEXT('2D SPACE',''
  ) );
#1115 = ORIENTED_EDGE('',*,*,#1116,.F.);
#1116 = EDGE_CURVE('',#1006,#1062,#1117,.T.);
#1117 = SURFACE_CURVE('',#1118,(#1121,#1128),.PCURVE_S1.);
#1118 = B_SPLINE_CURVE_WITH_KNOTS('',1,(#1119,#1120),.UNSPECIFIED.,.F.,
  .F.,(2,2),(0.,0.1),.PIECEWISE_BEZIER_KNOTS.);
#1119 = CARTESIAN_POINT('',(-1.999999279615,1.663602811064E-09,
    20.000000009748));
#1120 = CARTESIAN_POINT('',(-2.099999279615,1.66348979036E-09,
    20.000000009743));
#1121 = PCURVE('',#525,#1122);
#1122 = DEFINITIONAL_REPRESENTATION('',(#1123),#1127);
#1123 = LINE('',#1124,#1125);
#1124 = CARTESIAN_POINT('',(0.,6.295904828089));
#1125 = VECTOR('',#1126,1.);
#1126 = DIRECTION('',(1.,0.));
#1127 = ( GEOMETRIC_REPRESENTATION_CONTEXT(2) 
PARAMETRIC_REPRESENTATION_CONTEXT() REPRESENTATION_CONTEXT('2D SPACE',''
  ) );
#1128 = PCURVE('',#1129,#1166);
#1129 = B_SPLINE_SURFACE_WITH_KNOTS('',1,9,(
    (#1130,#1131,#1132,#1133,#1134,#1135,#1136,#1137,#1138,#1139,#1140
      ,#1141,#1142,#1143,#1144,#1145,#1146,#1147)
    ,(#1148,#1149,#1150,#1151,#1152,#1153,#1154,#1155,#1156,#1157,#1158
      ,#1159,#1160,#1161,#1162,#1163,#1164,#1165
  )),.UNSPECIFIED.,.F.,.F.,.F.,(2,2),(10,8,10),(0.,0.1),(0.,
    1.573976207022,3.147952414045),.UNSPECIFIED.);
#1130 = CARTESIAN_POINT('',(-1.999999279615,1.663671422847E-09,
    20.00000000975));
#1131 = CARTESIAN_POINT('',(-1.999998856652,-0.349064958648,
    20.277777793259));
#1132 = CARTESIAN_POINT('',(-1.931457593609,-0.698133603927,
    20.5555556038));
#1133 = CARTESIAN_POINT('',(-1.794391941864,-1.031814814591,
    20.83333320837));
#1134 = CARTESIAN_POINT('',(-1.592777897627,-1.334742559454,
    21.111111338996));
#1135 = CARTESIAN_POINT('',(-1.334753663159,-1.592792662681,
    21.388888735044));
#1136 = CARTESIAN_POINT('',(-1.03181255227,-1.794383270846,
    21.666666736037));
#1137 = CARTESIAN_POINT('',(-0.698132156785,-1.931459580864,
    21.944444451223));
#1138 = CARTESIAN_POINT('',(-0.349065667457,-1.999998881701,
    22.222222237392));
#1139 = CARTESIAN_POINT('',(0.34906569457,-1.999999263407,
    22.777777787717));
#1140 = CARTESIAN_POINT('',(0.698130389364,-1.931460271042,
    23.055555573774));
#1141 = CARTESIAN_POINT('',(1.031822176814,-1.794384281898,
    23.333333289297));
#1142 = CARTESIAN_POINT('',(1.334730408702,-1.592784650511,
    23.611111289728));
#1143 = CARTESIAN_POINT('',(1.592806678903,-1.334753998873,
    23.888888686396));
#1144 = CARTESIAN_POINT('',(1.794373519811,-1.031807974232,
    24.166666816746));
#1145 = CARTESIAN_POINT('',(1.931462463979,-0.698135187296,
    24.44444442077));
#1146 = CARTESIAN_POINT('',(1.999999226266,-0.349064964465,
    24.722222232689));
#1147 = CARTESIAN_POINT('',(1.999998911498,-3.71576747149E-09,
    25.000000014734));
#1148 = CARTESIAN_POINT('',(-2.099999279615,1.66355729192E-09,
    20.000000009744));
#1149 = CARTESIAN_POINT('',(-2.099998856652,-0.366518251527,
    20.277777793251));
#1150 = CARTESIAN_POINT('',(-2.028030647956,-0.73304018773,
    20.555555603777));
#1151 = CARTESIAN_POINT('',(-1.884111102368,-1.083405688642,
    20.833333208443));
#1152 = CARTESIAN_POINT('',(-1.672417551342,-1.401479711091,
    21.111111338847));
#1153 = CARTESIAN_POINT('',(-1.401490818055,-1.672432318424,
    21.388888735165));
#1154 = CARTESIAN_POINT('',(-1.083403423312,-1.88410243068,
    21.666666735969));
#1155 = CARTESIAN_POINT('',(-0.733038742138,-2.028032635298,
    21.944444451231));
#1156 = CARTESIAN_POINT('',(-0.366518959978,-2.099998881701,
    22.222222237383));
#1157 = CARTESIAN_POINT('',(0.366518987091,-2.099999263407,
    22.777777787711));
#1158 = CARTESIAN_POINT('',(0.733036974716,-2.028033325475,
    23.055555573768));
#1159 = CARTESIAN_POINT('',(1.083413047854,-1.884103441732,
    23.333333289313));
#1160 = CARTESIAN_POINT('',(1.401467563601,-1.672424306254,
    23.61111128965));
#1161 = CARTESIAN_POINT('',(1.672446332615,-1.401491150508,
    23.888888686486));
#1162 = CARTESIAN_POINT('',(1.884092680317,-1.083398848283,
    24.166666816672));
#1163 = CARTESIAN_POINT('',(2.028035518327,-0.733041771099,
    24.444444420784));
#1164 = CARTESIAN_POINT('',(2.099999226266,-0.366518257344,
    24.722222232682));
#1165 = CARTESIAN_POINT('',(2.099998911498,-3.715625140899E-09,
    25.000000014725));
#1166 = DEFINITIONAL_REPRESENTATION('',(#1167),#1171);
#1167 = LINE('',#1168,#1169);
#1168 = CARTESIAN_POINT('',(0.,0.));
#1169 = VECTOR('',#1170,1.);
#1170 = DIRECTION('',(1.,0.));
#1171 = ( GEOMETRIC_REPRESENTATION_CONTEXT(2) 
PARAMETRIC_REPRESENTATION_CONTEXT() REPRESENTATION_CONTEXT('2D SPACE',''
  ) );
#1172 = ADVANCED_FACE('',(#1173),#676,.F.);
#1173 = FACE_BOUND('',#1174,.F.);
#1174 = EDGE_LOOP('',(#1175,#1176,#1177,#1232));
#1175 = ORIENTED_EDGE('',*,*,#1061,.F.);
#1176 = ORIENTED_EDGE('',*,*,#663,.T.);
#1177 = ORIENTED_EDGE('',*,*,#1178,.T.);
#1178 = EDGE_CURVE('',#609,#1179,#1181,.T.);
#1179 = VERTEX_POINT('',#1180);
#1180 = CARTESIAN_POINT('',(-2.09999927976,1.663272644955E-09,
    23.000000009745));
#1181 = SURFACE_CURVE('',#1182,(#1218,#1225),.PCURVE_S1.);
#1182 = B_SPLINE_CURVE_WITH_KNOTS('',9,(#1183,#1184,#1185,#1186,#1187,
    #1188,#1189,#1190,#1191,#1192,#1193,#1194,#1195,#1196,#1197,#1198,
    #1199,#1200,#1201,#1202,#1203,#1204,#1205,#1206,#1207,#1208,#1209,
    #1210,#1211,#1212,#1213,#1214,#1215,#1216,#1217),.UNSPECIFIED.,.F.,
  .F.,(10,8,9,8,10),(0.,1.573976207022,3.147952414045,4.721928621067,
    6.295904828089),.UNSPECIFIED.);
#1183 = CARTESIAN_POINT('',(-2.09999964433,5.696076943451E-10,
    13.000000004809));
#1184 = CARTESIAN_POINT('',(-2.099999255159,-0.366518318783,
    13.277777787834));
#1185 = CARTESIAN_POINT('',(-2.02803100429,-0.733040327824,
    13.55555559888));
#1186 = CARTESIAN_POINT('',(-1.884111435612,-1.083405875599,
    13.833333203086));
#1187 = CARTESIAN_POINT('',(-1.672417870076,-1.401479973934,
    14.111111334066));
#1188 = CARTESIAN_POINT('',(-1.401491046672,-1.672432616941,
    14.388888729589));
#1189 = CARTESIAN_POINT('',(-1.083403640015,-1.884102772329,
    14.666666731257));
#1190 = CARTESIAN_POINT('',(-0.733038853833,-2.02803300144,
    14.944444445815));
#1191 = CARTESIAN_POINT('',(-0.366519037579,-2.099999260901,
    15.222222232436));
#1192 = CARTESIAN_POINT('',(0.366519082329,-2.099999642111,
    15.777777782213));
#1193 = CARTESIAN_POINT('',(0.733036960636,-2.028033690678,
    16.05555557063));
#1194 = CARTESIAN_POINT('',(1.083413631551,-1.884103781731,
    16.333333278973));
#1195 = CARTESIAN_POINT('',(1.401467113854,-1.672424604578,
    16.611111294025));
#1196 = CARTESIAN_POINT('',(1.672447614468,-1.401491407819,
    16.888888668137));
#1197 = CARTESIAN_POINT('',(1.884091947174,-1.083399034467,
    17.166666826063));
#1198 = CARTESIAN_POINT('',(2.028036822602,-0.733041907365,
    17.444444402969));
#1199 = CARTESIAN_POINT('',(2.099998958084,-0.366518321169,
    17.722222236314));
#1200 = CARTESIAN_POINT('',(2.099999640327,-1.338353650127E-09,
    18.000000004868));
#1201 = CARTESIAN_POINT('',(2.099999254438,0.366518318136,18.27777778787
    ));
#1202 = CARTESIAN_POINT('',(2.028031001744,0.733040327521,
    18.555555598766));
#1203 = CARTESIAN_POINT('',(1.884111443059,1.083405876081,
    18.833333203376));
#1204 = CARTESIAN_POINT('',(1.672417856036,1.401479973632,
    19.111111333596));
#1205 = CARTESIAN_POINT('',(1.401491066144,1.672432617324,
    19.388888730126));
#1206 = CARTESIAN_POINT('',(1.083403618649,1.884102772326,
    19.666666730808));
#1207 = CARTESIAN_POINT('',(0.73303887255,2.028033001591,19.94444444612)
  );
#1208 = CARTESIAN_POINT('',(0.366519024469,2.099999261053,
    20.222222232255));
#1209 = CARTESIAN_POINT('',(-0.366519054901,2.099999642281,
    20.777777782581));
#1210 = CARTESIAN_POINT('',(-0.733037108732,2.02803369084,
    21.055555568657));
#1211 = CARTESIAN_POINT('',(-1.083413244315,1.884103781789,
    21.333333284161));
#1212 = CARTESIAN_POINT('',(-1.401467819217,1.672424604863,
    21.611111284522));
#1213 = CARTESIAN_POINT('',(-1.672446633262,1.401491407609,
    21.88888868139));
#1214 = CARTESIAN_POINT('',(-1.884093026683,1.083399035773,
    22.166666811474));
#1215 = CARTESIAN_POINT('',(-2.028035873774,0.733041906114,
    22.444444415799));
#1216 = CARTESIAN_POINT('',(-2.099999619633,0.366518321188,
    22.722222227365));
#1217 = CARTESIAN_POINT('',(-2.099999279759,1.663219117987E-09,
    23.000000009744));
#1218 = PCURVE('',#676,#1219);
#1219 = DEFINITIONAL_REPRESENTATION('',(#1220),#1224);
#1220 = LINE('',#1221,#1222);
#1221 = CARTESIAN_POINT('',(3.,0.));
#1222 = VECTOR('',#1223,1.);
#1223 = DIRECTION('',(0.,1.));
#1224 = ( GEOMETRIC_REPRESENTATION_CONTEXT(2) 
PARAMETRIC_REPRESENTATION_CONTEXT() REPRESENTATION_CONTEXT('2D SPACE',''
  ) );
#1225 = PCURVE('',#827,#1226);
#1226 = DEFINITIONAL_REPRESENTATION('',(#1227),#1231);
#1227 = LINE('',#1228,#1229);
#1228 = CARTESIAN_POINT('',(0.,0.));
#1229 = VECTOR('',#1230,1.);
#1230 = DIRECTION('',(0.,1.));
#1231 = ( GEOMETRIC_REPRESENTATION_CONTEXT(2) 
PARAMETRIC_REPRESENTATION_CONTEXT() REPRESENTATION_CONTEXT('2D SPACE',''
  ) );
#1232 = ORIENTED_EDGE('',*,*,#1233,.F.);
#1233 = EDGE_CURVE('',#1062,#1179,#1234,.T.);
#1234 = SURFACE_CURVE('',#1235,(#1238,#1245),.PCURVE_S1.);
#1235 = B_SPLINE_CURVE_WITH_KNOTS('',1,(#1236,#1237),.UNSPECIFIED.,.F.,
  .F.,(2,2),(0.,3.),.PIECEWISE_BEZIER_KNOTS.);
#1236 = CARTESIAN_POINT('',(-2.099999279615,1.663504001215E-09,
    20.000000009743));
#1237 = CARTESIAN_POINT('',(-2.099999279759,1.663219117987E-09,
    23.000000009744));
#1238 = PCURVE('',#676,#1239);
#1239 = DEFINITIONAL_REPRESENTATION('',(#1240),#1244);
#1240 = LINE('',#1241,#1242);
#1241 = CARTESIAN_POINT('',(0.,6.295904828089));
#1242 = VECTOR('',#1243,1.);
#1243 = DIRECTION('',(1.,0.));
#1244 = ( GEOMETRIC_REPRESENTATION_CONTEXT(2) 
PARAMETRIC_REPRESENTATION_CONTEXT() REPRESENTATION_CONTEXT('2D SPACE',''
  ) );
#1245 = PCURVE('',#1246,#1283);
#1246 = B_SPLINE_SURFACE_WITH_KNOTS('',1,9,(
    (#1247,#1248,#1249,#1250,#1251,#1252,#1253,#1254,#1255,#1256,#1257
      ,#1258,#1259,#1260,#1261,#1262,#1263,#1264)
    ,(#1265,#1266,#1267,#1268,#1269,#1270,#1271,#1272,#1273,#1274,#1275
      ,#1276,#1277,#1278,#1279,#1280,#1281,#1282
  )),.UNSPECIFIED.,.F.,.F.,.F.,(2,2),(10,8,10),(0.,3.),(0.,
    1.573976207022,3.147952414045),.UNSPECIFIED.);
#1247 = CARTESIAN_POINT('',(-2.099999279615,1.663571502775E-09,
    20.000000009744));
#1248 = CARTESIAN_POINT('',(-2.099998856652,-0.366518251527,
    20.277777793251));
#1249 = CARTESIAN_POINT('',(-2.028030647956,-0.73304018773,
    20.555555603777));
#1250 = CARTESIAN_POINT('',(-1.884111102369,-1.083405688642,
    20.833333208443));
#1251 = CARTESIAN_POINT('',(-1.672417551341,-1.40147971109,
    21.111111338847));
#1252 = CARTESIAN_POINT('',(-1.401490818056,-1.672432318425,
    21.388888735165));
#1253 = CARTESIAN_POINT('',(-1.083403423311,-1.88410243068,
    21.666666735969));
#1254 = CARTESIAN_POINT('',(-0.733038742138,-2.028032635298,
    21.944444451231));
#1255 = CARTESIAN_POINT('',(-0.366518959978,-2.099998881701,
    22.222222237383));
#1256 = CARTESIAN_POINT('',(0.366518987091,-2.099999263407,
    22.777777787711));
#1257 = CARTESIAN_POINT('',(0.733036974716,-2.028033325475,
    23.055555573768));
#1258 = CARTESIAN_POINT('',(1.083413047854,-1.884103441732,
    23.333333289313));
#1259 = CARTESIAN_POINT('',(1.401467563601,-1.672424306254,
    23.61111128965));
#1260 = CARTESIAN_POINT('',(1.672446332615,-1.401491150508,
    23.888888686486));
#1261 = CARTESIAN_POINT('',(1.884092680317,-1.083398848283,
    24.166666816672));
#1262 = CARTESIAN_POINT('',(2.028035518327,-0.733041771099,
    24.444444420784));
#1263 = CARTESIAN_POINT('',(2.099999226266,-0.366518257344,
    24.722222232682));
#1264 = CARTESIAN_POINT('',(2.099998911498,-3.715639351753E-09,
    25.000000014725));
#1265 = CARTESIAN_POINT('',(-2.09999927976,1.663287063636E-09,
    23.000000009746));
#1266 = CARTESIAN_POINT('',(-2.099998856881,-0.366518251559,
    23.277777793252));
#1267 = CARTESIAN_POINT('',(-2.028030648617,-0.733040187955,
    23.55555560377));
#1268 = CARTESIAN_POINT('',(-1.884111100695,-1.08340568805,
    23.83333320846));
#1269 = CARTESIAN_POINT('',(-1.672417554366,-1.401479712361,
    24.11111133883));
#1270 = CARTESIAN_POINT('',(-1.401490815855,-1.672432317769,
    24.388888735177));
#1271 = CARTESIAN_POINT('',(-1.083403424369,-1.884102430948,
    24.666666735965));
#1272 = CARTESIAN_POINT('',(-0.733038742026,-2.028032635546,
    24.944444451231));
#1273 = CARTESIAN_POINT('',(-0.366518960013,-2.099998881924,
    25.222222237385));
#1274 = CARTESIAN_POINT('',(0.366518987121,-2.099999263554,
    25.777777787713));
#1275 = CARTESIAN_POINT('',(0.733036974958,-2.028033325586,
    26.055555573764));
#1276 = CARTESIAN_POINT('',(1.083413046987,-1.884103441797,
    26.333333289328));
#1277 = CARTESIAN_POINT('',(1.401467566049,-1.672424307203,
    26.611111289622));
#1278 = CARTESIAN_POINT('',(1.672446329886,-1.40149114949,
    26.888888686515));
#1279 = CARTESIAN_POINT('',(1.884092682327,-1.08339884906,
    27.166666816662));
#1280 = CARTESIAN_POINT('',(2.028035518014,-0.733041771007,
    27.444444420781));
#1281 = CARTESIAN_POINT('',(2.099999226421,-0.366518257375,
    27.722222232684));
#1282 = CARTESIAN_POINT('',(2.099998911716,-3.71495834095E-09,
    28.000000014727));
#1283 = DEFINITIONAL_REPRESENTATION('',(#1284),#1288);
#1284 = LINE('',#1285,#1286);
#1285 = CARTESIAN_POINT('',(0.,0.));
#1286 = VECTOR('',#1287,1.);
#1287 = DIRECTION('',(1.,0.));
#1288 = ( GEOMETRIC_REPRESENTATION_CONTEXT(2) 
PARAMETRIC_REPRESENTATION_CONTEXT() REPRESENTATION_CONTEXT('2D SPACE',''
  ) );
#1289 = ADVANCED_FACE('',(#1290),#827,.F.);
#1290 = FACE_BOUND('',#1291,.F.);
#1291 = EDGE_LOOP('',(#1292,#1293,#1294,#1349));
#1292 = ORIENTED_EDGE('',*,*,#1178,.F.);
#1293 = ORIENTED_EDGE('',*,*,#814,.T.);
#1294 = ORIENTED_EDGE('',*,*,#1295,.T.);
#1295 = EDGE_CURVE('',#760,#1296,#1298,.T.);
#1296 = VERTEX_POINT('',#1297);
#1297 = CARTESIAN_POINT('',(-1.99999927976,1.663372120938E-09,
    23.000000009749));
#1298 = SURFACE_CURVE('',#1299,(#1335,#1342),.PCURVE_S1.);
#1299 = B_SPLINE_CURVE_WITH_KNOTS('',9,(#1300,#1301,#1302,#1303,#1304,
    #1305,#1306,#1307,#1308,#1309,#1310,#1311,#1312,#1313,#1314,#1315,
    #1316,#1317,#1318,#1319,#1320,#1321,#1322,#1323,#1324,#1325,#1326,
    #1327,#1328,#1329,#1330,#1331,#1332,#1333,#1334),.UNSPECIFIED.,.F.,
  .F.,(10,8,9,8,10),(0.,1.573976207022,3.147952414045,4.721928621067,
    6.295904828089),.UNSPECIFIED.);
#1300 = CARTESIAN_POINT('',(-1.99999964433,5.696643157194E-10,
    13.000000004813));
#1301 = CARTESIAN_POINT('',(-1.999999255159,-0.349065025904,
    13.27777778784));
#1302 = CARTESIAN_POINT('',(-1.931457949943,-0.698133744021,
    13.5555555989));
#1303 = CARTESIAN_POINT('',(-1.794392275105,-1.031815001547,
    13.83333320303));
#1304 = CARTESIAN_POINT('',(-1.592778216365,-1.334742822299,
    14.111111334157));
#1305 = CARTESIAN_POINT('',(-1.334753891772,-1.592792961196,
    14.388888729544));
#1306 = CARTESIAN_POINT('',(-1.031812768975,-1.794383612496,
    14.666666731263));
#1307 = CARTESIAN_POINT('',(-0.698132268481,-1.931459947006,
    14.944444445826));
#1308 = CARTESIAN_POINT('',(-0.349065745058,-1.999999260901,
    15.222222232441));
#1309 = CARTESIAN_POINT('',(0.349065789807,-1.999999642111,
    15.777777782216));
#1310 = CARTESIAN_POINT('',(0.698130375283,-1.931460636244,
    16.055555570645));
#1311 = CARTESIAN_POINT('',(1.031822760511,-1.794384621897,
    16.333333278928));
#1312 = CARTESIAN_POINT('',(1.334729958954,-1.592784948835,
    16.611111294146));
#1313 = CARTESIAN_POINT('',(1.592807960756,-1.334754256183,
    16.888888668003));
#1314 = CARTESIAN_POINT('',(1.794372786668,-1.031808160416,
    17.166666826151));
#1315 = CARTESIAN_POINT('',(1.931463768254,-0.698135323562,
    17.444444402951));
#1316 = CARTESIAN_POINT('',(1.999998958084,-0.34906502829,17.72222223632
    ));
#1317 = CARTESIAN_POINT('',(1.999999640327,-1.338425370534E-09,
    18.000000004871));
#1318 = CARTESIAN_POINT('',(1.999999254438,0.349065025258,
    18.277777787876));
#1319 = CARTESIAN_POINT('',(1.931457947397,0.698133743718,
    18.555555598777));
#1320 = CARTESIAN_POINT('',(1.794392282554,1.03181500203,18.833333203344
    ));
#1321 = CARTESIAN_POINT('',(1.592778202323,1.334742821997,
    19.111111333659));
#1322 = CARTESIAN_POINT('',(1.334753911247,1.59279296158,19.38888873009)
  );
#1323 = CARTESIAN_POINT('',(1.031812747609,1.794383612493,
    19.666666730818));
#1324 = CARTESIAN_POINT('',(0.698132287198,1.931459947157,
    19.944444446128));
#1325 = CARTESIAN_POINT('',(0.349065731948,1.999999261053,20.22222223226
    ));
#1326 = CARTESIAN_POINT('',(-0.34906576238,1.999999642281,
    20.777777782584));
#1327 = CARTESIAN_POINT('',(-0.698130523379,1.931460636407,
    21.05555556867));
#1328 = CARTESIAN_POINT('',(-1.031822373275,1.794384621955,
    21.333333284118));
#1329 = CARTESIAN_POINT('',(-1.334730664318,1.592784949119,
    21.611111284642));
#1330 = CARTESIAN_POINT('',(-1.59280697955,1.334754255973,
    21.888888681254));
#1331 = CARTESIAN_POINT('',(-1.794373866177,1.031808161722,
    22.166666811565));
#1332 = CARTESIAN_POINT('',(-1.931462819426,0.698135322311,
    22.444444415781));
#1333 = CARTESIAN_POINT('',(-1.999999619633,0.34906502831,
    22.722222227368));
#1334 = CARTESIAN_POINT('',(-1.999999279759,1.66333258278E-09,
    23.00000000975));
#1335 = PCURVE('',#827,#1336);
#1336 = DEFINITIONAL_REPRESENTATION('',(#1337),#1341);
#1337 = LINE('',#1338,#1339);
#1338 = CARTESIAN_POINT('',(0.1,0.));
#1339 = VECTOR('',#1340,1.);
#1340 = DIRECTION('',(0.,1.));
#1341 = ( GEOMETRIC_REPRESENTATION_CONTEXT(2) 
PARAMETRIC_REPRESENTATION_CONTEXT() REPRESENTATION_CONTEXT('2D SPACE',''
  ) );
#1342 = PCURVE('',#924,#1343);
#1343 = DEFINITIONAL_REPRESENTATION('',(#1344),#1348);
#1344 = LINE('',#1345,#1346);
#1345 = CARTESIAN_POINT('',(0.,0.));
#1346 = VECTOR('',#1347,1.);
#1347 = DIRECTION('',(0.,1.));
#1348 = ( GEOMETRIC_REPRESENTATION_CONTEXT(2) 
PARAMETRIC_REPRESENTATION_CONTEXT() REPRESENTATION_CONTEXT('2D SPACE',''
  ) );
#1349 = ORIENTED_EDGE('',*,*,#1350,.F.);
#1350 = EDGE_CURVE('',#1179,#1296,#1351,.T.);
#1351 = SURFACE_CURVE('',#1352,(#1355,#1362),.PCURVE_S1.);
#1352 = B_SPLINE_CURVE_WITH_KNOTS('',1,(#1353,#1354),.UNSPECIFIED.,.F.,
  .F.,(2,2),(0.,0.1),.PIECEWISE_BEZIER_KNOTS.);
#1353 = CARTESIAN_POINT('',(-2.099999279759,1.663219117987E-09,
    23.000000009744));
#1354 = CARTESIAN_POINT('',(-1.999999279759,1.66333258278E-09,
    23.00000000975));
#1355 = PCURVE('',#827,#1356);
#1356 = DEFINITIONAL_REPRESENTATION('',(#1357),#1361);
#1357 = LINE('',#1358,#1359);
#1358 = CARTESIAN_POINT('',(0.,6.295904828089));
#1359 = VECTOR('',#1360,1.);
#1360 = DIRECTION('',(1.,0.));
#1361 = ( GEOMETRIC_REPRESENTATION_CONTEXT(2) 
PARAMETRIC_REPRESENTATION_CONTEXT() REPRESENTATION_CONTEXT('2D SPACE',''
  ) );
#1362 = PCURVE('',#1363,#1400);
#1363 = B_SPLINE_SURFACE_WITH_KNOTS('',1,9,(
    (#1364,#1365,#1366,#1367,#1368,#1369,#1370,#1371,#1372,#1373,#1374
      ,#1375,#1376,#1377,#1378,#1379,#1380,#1381)
    ,(#1382,#1383,#1384,#1385,#1386,#1387,#1388,#1389,#1390,#1391,#1392
      ,#1393,#1394,#1395,#1396,#1397,#1398,#1399
  )),.UNSPECIFIED.,.F.,.F.,.F.,(2,2),(10,8,10),(0.,0.1),(0.,
    1.573976207022,3.147952414045),.UNSPECIFIED.);
#1364 = CARTESIAN_POINT('',(-2.09999927976,1.663287063636E-09,
    23.000000009746));
#1365 = CARTESIAN_POINT('',(-2.099998856881,-0.366518251559,
    23.277777793252));
#1366 = CARTESIAN_POINT('',(-2.028030648617,-0.733040187955,
    23.55555560377));
#1367 = CARTESIAN_POINT('',(-1.884111100695,-1.08340568805,
    23.83333320846));
#1368 = CARTESIAN_POINT('',(-1.672417554366,-1.401479712361,
    24.11111133883));
#1369 = CARTESIAN_POINT('',(-1.401490815855,-1.672432317769,
    24.388888735177));
#1370 = CARTESIAN_POINT('',(-1.083403424369,-1.884102430948,
    24.666666735965));
#1371 = CARTESIAN_POINT('',(-0.733038742026,-2.028032635546,
    24.944444451231));
#1372 = CARTESIAN_POINT('',(-0.366518960013,-2.099998881924,
    25.222222237385));
#1373 = CARTESIAN_POINT('',(0.366518987121,-2.099999263554,
    25.777777787713));
#1374 = CARTESIAN_POINT('',(0.733036974958,-2.028033325586,
    26.055555573764));
#1375 = CARTESIAN_POINT('',(1.083413046987,-1.884103441797,
    26.333333289328));
#1376 = CARTESIAN_POINT('',(1.401467566049,-1.672424307203,
    26.611111289622));
#1377 = CARTESIAN_POINT('',(1.672446329886,-1.40149114949,
    26.888888686515));
#1378 = CARTESIAN_POINT('',(1.884092682327,-1.08339884906,
    27.166666816662));
#1379 = CARTESIAN_POINT('',(2.028035518014,-0.733041771007,
    27.444444420781));
#1380 = CARTESIAN_POINT('',(2.099999226421,-0.366518257375,
    27.722222232684));
#1381 = CARTESIAN_POINT('',(2.099998911716,-3.71495834095E-09,
    28.000000014727));
#1382 = CARTESIAN_POINT('',(-1.99999927976,1.663400306384E-09,
    23.000000009752));
#1383 = CARTESIAN_POINT('',(-1.999998856881,-0.349064958681,
    23.277777793261));
#1384 = CARTESIAN_POINT('',(-1.931457594271,-0.698133604152,
    23.555555603792));
#1385 = CARTESIAN_POINT('',(-1.794391940188,-1.031814814,23.833333208391
    ));
#1386 = CARTESIAN_POINT('',(-1.592777900655,-1.334742560724,
    24.111111338975));
#1387 = CARTESIAN_POINT('',(-1.334753660955,-1.592792662027,
    24.38888873506));
#1388 = CARTESIAN_POINT('',(-1.031812553329,-1.794383271114,
    24.66666673603));
#1389 = CARTESIAN_POINT('',(-0.698132156673,-1.931459581112,
    24.944444451224));
#1390 = CARTESIAN_POINT('',(-0.349065667492,-1.999998881924,
    25.222222237394));
#1391 = CARTESIAN_POINT('',(0.349065694599,-1.999999263554,
    25.777777787719));
#1392 = CARTESIAN_POINT('',(0.698130389605,-1.931460271152,
    26.05555557377));
#1393 = CARTESIAN_POINT('',(1.031822175947,-1.794384281964,
    26.333333289312));
#1394 = CARTESIAN_POINT('',(1.334730411151,-1.592784651459,26.6111112897
    ));
#1395 = CARTESIAN_POINT('',(1.592806676172,-1.334753997854,
    26.888888686426));
#1396 = CARTESIAN_POINT('',(1.794373521821,-1.031807975009,
    27.166666816736));
#1397 = CARTESIAN_POINT('',(1.931462463667,-0.698135187204,
    27.444444420767));
#1398 = CARTESIAN_POINT('',(1.999999226421,-0.349064964497,
    27.722222232691));
#1399 = CARTESIAN_POINT('',(1.999998911716,-3.715100449497E-09,
    28.000000014736));
#1400 = DEFINITIONAL_REPRESENTATION('',(#1401),#1405);
#1401 = LINE('',#1402,#1403);
#1402 = CARTESIAN_POINT('',(0.,0.));
#1403 = VECTOR('',#1404,1.);
#1404 = DIRECTION('',(1.,0.));
#1405 = ( GEOMETRIC_REPRESENTATION_CONTEXT(2) 
PARAMETRIC_REPRESENTATION_CONTEXT() REPRESENTATION_CONTEXT('2D SPACE',''
  ) );
#1406 = ADVANCED_FACE('',(#1407),#924,.F.);
#1407 = FACE_BOUND('',#1408,.F.);
#1408 = EDGE_LOOP('',(#1409,#1410,#1411,#1412));
#1409 = ORIENTED_EDGE('',*,*,#1295,.F.);
#1410 = ORIENTED_EDGE('',*,*,#911,.T.);
#1411 = ORIENTED_EDGE('',*,*,#1005,.T.);
#1412 = ORIENTED_EDGE('',*,*,#1413,.F.);
#1413 = EDGE_CURVE('',#1296,#1006,#1414,.T.);
#1414 = SURFACE_CURVE('',#1415,(#1418,#1425),.PCURVE_S1.);
#1415 = B_SPLINE_CURVE_WITH_KNOTS('',1,(#1416,#1417),.UNSPECIFIED.,.F.,
  .F.,(2,2),(0.,3.),.PIECEWISE_BEZIER_KNOTS.);
#1416 = CARTESIAN_POINT('',(-1.999999279759,1.66331859397E-09,
    23.000000009748));
#1417 = CARTESIAN_POINT('',(-1.999999279615,1.663603255153E-09,
    20.000000009746));
#1418 = PCURVE('',#924,#1419);
#1419 = DEFINITIONAL_REPRESENTATION('',(#1420),#1424);
#1420 = LINE('',#1421,#1422);
#1421 = CARTESIAN_POINT('',(0.,6.295904828089));
#1422 = VECTOR('',#1423,1.);
#1423 = DIRECTION('',(1.,0.));
#1424 = ( GEOMETRIC_REPRESENTATION_CONTEXT(2) 
PARAMETRIC_REPRESENTATION_CONTEXT() REPRESENTATION_CONTEXT('2D SPACE',''
  ) );
#1425 = PCURVE('',#1426,#1463);
#1426 = B_SPLINE_SURFACE_WITH_KNOTS('',1,9,(
    (#1427,#1428,#1429,#1430,#1431,#1432,#1433,#1434,#1435,#1436,#1437
      ,#1438,#1439,#1440,#1441,#1442,#1443,#1444)
    ,(#1445,#1446,#1447,#1448,#1449,#1450,#1451,#1452,#1453,#1454,#1455
      ,#1456,#1457,#1458,#1459,#1460,#1461,#1462
  )),.UNSPECIFIED.,.F.,.F.,.F.,(2,2),(10,8,10),(0.,3.),(0.,
    1.573976207022,3.147952414045),.UNSPECIFIED.);
#1427 = CARTESIAN_POINT('',(-1.99999927976,1.663385873485E-09,
    23.00000000975));
#1428 = CARTESIAN_POINT('',(-1.999998856881,-0.349064958681,
    23.277777793259));
#1429 = CARTESIAN_POINT('',(-1.93145759427,-0.698133604152,
    23.555555603791));
#1430 = CARTESIAN_POINT('',(-1.794391940188,-1.031814814,23.833333208386
    ));
#1431 = CARTESIAN_POINT('',(-1.592777900655,-1.334742560723,
    24.111111338976));
#1432 = CARTESIAN_POINT('',(-1.334753660955,-1.592792662028,
    24.388888735054));
#1433 = CARTESIAN_POINT('',(-1.031812553329,-1.794383271113,
    24.666666736031));
#1434 = CARTESIAN_POINT('',(-0.698132156673,-1.931459581112,
    24.944444451222));
#1435 = CARTESIAN_POINT('',(-0.349065667492,-1.999998881924,
    25.222222237392));
#1436 = CARTESIAN_POINT('',(0.349065694599,-1.999999263554,
    25.777777787717));
#1437 = CARTESIAN_POINT('',(0.698130389605,-1.931460271152,
    26.055555573769));
#1438 = CARTESIAN_POINT('',(1.031822175947,-1.794384281964,
    26.33333328931));
#1439 = CARTESIAN_POINT('',(1.334730411151,-1.592784651458,
    26.611111289699));
#1440 = CARTESIAN_POINT('',(1.592806676172,-1.334753997856,
    26.888888686423));
#1441 = CARTESIAN_POINT('',(1.794373521822,-1.031807975008,
    27.166666816735));
#1442 = CARTESIAN_POINT('',(1.931462463667,-0.698135187204,
    27.444444420765));
#1443 = CARTESIAN_POINT('',(1.999999226421,-0.349064964497,
    27.722222232689));
#1444 = CARTESIAN_POINT('',(1.999998911716,-3.715086238643E-09,
    28.000000014734));
#1445 = CARTESIAN_POINT('',(-1.999999279615,1.663671200802E-09,
    20.000000009748));
#1446 = CARTESIAN_POINT('',(-1.999998856652,-0.349064958648,
    20.277777793257));
#1447 = CARTESIAN_POINT('',(-1.931457593609,-0.698133603927,
    20.555555603798));
#1448 = CARTESIAN_POINT('',(-1.794391941863,-1.031814814591,
    20.833333208369));
#1449 = CARTESIAN_POINT('',(-1.592777897628,-1.334742559455,
    21.111111338993));
#1450 = CARTESIAN_POINT('',(-1.334753663158,-1.592792662681,
    21.388888735043));
#1451 = CARTESIAN_POINT('',(-1.031812552271,-1.794383270846,
    21.666666736035));
#1452 = CARTESIAN_POINT('',(-0.698132156785,-1.931459580864,
    21.944444451221));
#1453 = CARTESIAN_POINT('',(-0.349065667457,-1.999998881701,
    22.22222223739));
#1454 = CARTESIAN_POINT('',(0.34906569457,-1.999999263407,
    22.777777787715));
#1455 = CARTESIAN_POINT('',(0.698130389364,-1.931460271042,
    23.055555573773));
#1456 = CARTESIAN_POINT('',(1.031822176814,-1.794384281898,
    23.333333289293));
#1457 = CARTESIAN_POINT('',(1.334730408702,-1.592784650511,
    23.611111289729));
#1458 = CARTESIAN_POINT('',(1.592806678903,-1.334753998872,
    23.888888686391));
#1459 = CARTESIAN_POINT('',(1.794373519811,-1.031807974232,
    24.166666816747));
#1460 = CARTESIAN_POINT('',(1.931462463979,-0.698135187296,
    24.444444420767));
#1461 = CARTESIAN_POINT('',(1.999999226266,-0.349064964465,
    24.722222232687));
#1462 = CARTESIAN_POINT('',(1.999998911498,-3.715767249446E-09,
    25.000000014732));
#1463 = DEFINITIONAL_REPRESENTATION('',(#1464),#1468);
#1464 = LINE('',#1465,#1466);
#1465 = CARTESIAN_POINT('',(0.,0.));
#1466 = VECTOR('',#1467,1.);
#1467 = DIRECTION('',(1.,0.));
#1468 = ( GEOMETRIC_REPRESENTATION_CONTEXT(2) 
PARAMETRIC_REPRESENTATION_CONTEXT() REPRESENTATION_CONTEXT('2D SPACE',''
  ) );
#1469 = ADVANCED_FACE('',(#1470),#1129,.F.);
#1470 = FACE_BOUND('',#1471,.F.);
#1471 = EDGE_LOOP('',(#1472,#1510,#1511,#1549));
#1472 = ORIENTED_EDGE('',*,*,#1473,.F.);
#1473 = EDGE_CURVE('',#1006,#1474,#1476,.T.);
#1474 = VERTEX_POINT('',#1475);
#1475 = CARTESIAN_POINT('',(1.999998911498,-3.715767249446E-09,
    25.000000014732));
#1476 = SURFACE_CURVE('',#1477,(#1496,#1503),.PCURVE_S1.);
#1477 = B_SPLINE_CURVE_WITH_KNOTS('',9,(#1478,#1479,#1480,#1481,#1482,
    #1483,#1484,#1485,#1486,#1487,#1488,#1489,#1490,#1491,#1492,#1493,
    #1494,#1495),.UNSPECIFIED.,.F.,.F.,(10,8,10),(0.,1.573976207022,
    3.147952414045),.UNSPECIFIED.);
#1478 = CARTESIAN_POINT('',(-1.999999279615,1.663671422847E-09,
    20.00000000975));
#1479 = CARTESIAN_POINT('',(-1.999998856652,-0.349064958648,
    20.277777793259));
#1480 = CARTESIAN_POINT('',(-1.931457593609,-0.698133603927,
    20.5555556038));
#1481 = CARTESIAN_POINT('',(-1.794391941864,-1.031814814591,
    20.83333320837));
#1482 = CARTESIAN_POINT('',(-1.592777897627,-1.334742559454,
    21.111111338996));
#1483 = CARTESIAN_POINT('',(-1.334753663159,-1.592792662681,
    21.388888735044));
#1484 = CARTESIAN_POINT('',(-1.03181255227,-1.794383270846,
    21.666666736037));
#1485 = CARTESIAN_POINT('',(-0.698132156785,-1.931459580864,
    21.944444451223));
#1486 = CARTESIAN_POINT('',(-0.349065667457,-1.999998881701,
    22.222222237392));
#1487 = CARTESIAN_POINT('',(0.34906569457,-1.999999263407,
    22.777777787717));
#1488 = CARTESIAN_POINT('',(0.698130389364,-1.931460271042,
    23.055555573774));
#1489 = CARTESIAN_POINT('',(1.031822176814,-1.794384281898,
    23.333333289297));
#1490 = CARTESIAN_POINT('',(1.334730408702,-1.592784650511,
    23.611111289728));
#1491 = CARTESIAN_POINT('',(1.592806678903,-1.334753998873,
    23.888888686396));
#1492 = CARTESIAN_POINT('',(1.794373519811,-1.031807974232,
    24.166666816746));
#1493 = CARTESIAN_POINT('',(1.931462463979,-0.698135187296,
    24.44444442077));
#1494 = CARTESIAN_POINT('',(1.999999226266,-0.349064964465,
    24.722222232689));
#1495 = CARTESIAN_POINT('',(1.999998911498,-3.71576747149E-09,
    25.000000014734));
#1496 = PCURVE('',#1129,#1497);
#1497 = DEFINITIONAL_REPRESENTATION('',(#1498),#1502);
#1498 = LINE('',#1499,#1500);
#1499 = CARTESIAN_POINT('',(0.,0.));
#1500 = VECTOR('',#1501,1.);
#1501 = DIRECTION('',(0.,1.));
#1502 = ( GEOMETRIC_REPRESENTATION_CONTEXT(2) 
PARAMETRIC_REPRESENTATION_CONTEXT() REPRESENTATION_CONTEXT('2D SPACE',''
  ) );
#1503 = PCURVE('',#1426,#1504);
#1504 = DEFINITIONAL_REPRESENTATION('',(#1505),#1509);
#1505 = LINE('',#1506,#1507);
#1506 = CARTESIAN_POINT('',(3.,0.));
#1507 = VECTOR('',#1508,1.);
#1508 = DIRECTION('',(0.,1.));
#1509 = ( GEOMETRIC_REPRESENTATION_CONTEXT(2) 
PARAMETRIC_REPRESENTATION_CONTEXT() REPRESENTATION_CONTEXT('2D SPACE',''
  ) );
#1510 = ORIENTED_EDGE('',*,*,#1116,.T.);
#1511 = ORIENTED_EDGE('',*,*,#1512,.T.);
#1512 = EDGE_CURVE('',#1062,#1513,#1515,.T.);
#1513 = VERTEX_POINT('',#1514);
#1514 = CARTESIAN_POINT('',(2.099998911498,-3.715639351753E-09,
    25.000000014725));
#1515 = SURFACE_CURVE('',#1516,(#1535,#1542),.PCURVE_S1.);
#1516 = B_SPLINE_CURVE_WITH_KNOTS('',9,(#1517,#1518,#1519,#1520,#1521,
    #1522,#1523,#1524,#1525,#1526,#1527,#1528,#1529,#1530,#1531,#1532,
    #1533,#1534),.UNSPECIFIED.,.F.,.F.,(10,8,10),(0.,1.573976207022,
    3.147952414045),.UNSPECIFIED.);
#1517 = CARTESIAN_POINT('',(-2.099999279615,1.66355729192E-09,
    20.000000009744));
#1518 = CARTESIAN_POINT('',(-2.099998856652,-0.366518251527,
    20.277777793251));
#1519 = CARTESIAN_POINT('',(-2.028030647956,-0.73304018773,
    20.555555603777));
#1520 = CARTESIAN_POINT('',(-1.884111102368,-1.083405688642,
    20.833333208443));
#1521 = CARTESIAN_POINT('',(-1.672417551342,-1.401479711091,
    21.111111338847));
#1522 = CARTESIAN_POINT('',(-1.401490818055,-1.672432318424,
    21.388888735165));
#1523 = CARTESIAN_POINT('',(-1.083403423312,-1.88410243068,
    21.666666735969));
#1524 = CARTESIAN_POINT('',(-0.733038742138,-2.028032635298,
    21.944444451231));
#1525 = CARTESIAN_POINT('',(-0.366518959978,-2.099998881701,
    22.222222237383));
#1526 = CARTESIAN_POINT('',(0.366518987091,-2.099999263407,
    22.777777787711));
#1527 = CARTESIAN_POINT('',(0.733036974716,-2.028033325475,
    23.055555573768));
#1528 = CARTESIAN_POINT('',(1.083413047854,-1.884103441732,
    23.333333289313));
#1529 = CARTESIAN_POINT('',(1.401467563601,-1.672424306254,
    23.61111128965));
#1530 = CARTESIAN_POINT('',(1.672446332615,-1.401491150508,
    23.888888686486));
#1531 = CARTESIAN_POINT('',(1.884092680317,-1.083398848283,
    24.166666816672));
#1532 = CARTESIAN_POINT('',(2.028035518327,-0.733041771099,
    24.444444420784));
#1533 = CARTESIAN_POINT('',(2.099999226266,-0.366518257344,
    24.722222232682));
#1534 = CARTESIAN_POINT('',(2.099998911498,-3.715625140899E-09,
    25.000000014725));
#1535 = PCURVE('',#1129,#1536);
#1536 = DEFINITIONAL_REPRESENTATION('',(#1537),#1541);
#1537 = LINE('',#1538,#1539);
#1538 = CARTESIAN_POINT('',(0.1,0.));
#1539 = VECTOR('',#1540,1.);
#1540 = DIRECTION('',(0.,1.));
#1541 = ( GEOMETRIC_REPRESENTATION_CONTEXT(2) 
PARAMETRIC_REPRESENTATION_CONTEXT() REPRESENTATION_CONTEXT('2D SPACE',''
  ) );
#1542 = PCURVE('',#1246,#1543);
#1543 = DEFINITIONAL_REPRESENTATION('',(#1544),#1548);
#1544 = LINE('',#1545,#1546);
#1545 = CARTESIAN_POINT('',(0.,0.));
#1546 = VECTOR('',#1547,1.);
#1547 = DIRECTION('',(0.,1.));
#1548 = ( GEOMETRIC_REPRESENTATION_CONTEXT(2) 
PARAMETRIC_REPRESENTATION_CONTEXT() REPRESENTATION_CONTEXT('2D SPACE',''
  ) );
#1549 = ORIENTED_EDGE('',*,*,#1550,.F.);
#1550 = EDGE_CURVE('',#1474,#1513,#1551,.T.);
#1551 = SURFACE_CURVE('',#1552,(#1556,#1563),.PCURVE_S1.);
#1552 = LINE('',#1553,#1554);
#1553 = CARTESIAN_POINT('',(1.999998911498,-3.715799682177E-09,
    25.00000001473));
#1554 = VECTOR('',#1555,1.);
#1555 = DIRECTION('',(1.,1.334616078006E-12,-7.256681454063E-11));
#1556 = PCURVE('',#1129,#1557);
#1557 = DEFINITIONAL_REPRESENTATION('',(#1558),#1562);
#1558 = LINE('',#1559,#1560);
#1559 = CARTESIAN_POINT('',(0.,3.147952414045));
#1560 = VECTOR('',#1561,1.);
#1561 = DIRECTION('',(1.,0.));
#1562 = ( GEOMETRIC_REPRESENTATION_CONTEXT(2) 
PARAMETRIC_REPRESENTATION_CONTEXT() REPRESENTATION_CONTEXT('2D SPACE',''
  ) );
#1563 = PCURVE('',#1564,#1569);
#1564 = PLANE('',#1565);
#1565 = AXIS2_PLACEMENT_3D('',#1566,#1567,#1568);
#1566 = CARTESIAN_POINT('',(2.049998911607,-3.715395005885E-09,
    26.500000014726));
#1567 = DIRECTION('',(1.346898275525E-12,-1.,2.292960216846E-13));
#1568 = DIRECTION('',(1.,1.346898275525E-12,2.990714954631E-28));
#1569 = DEFINITIONAL_REPRESENTATION('',(#1570),#1574);
#1570 = LINE('',#1571,#1572);
#1571 = CARTESIAN_POINT('',(-5.000000010885E-02,-1.499999999995));
#1572 = VECTOR('',#1573,1.);
#1573 = DIRECTION('',(1.,-7.256681454063E-11));
#1574 = ( GEOMETRIC_REPRESENTATION_CONTEXT(2) 
PARAMETRIC_REPRESENTATION_CONTEXT() REPRESENTATION_CONTEXT('2D SPACE',''
  ) );
#1575 = ADVANCED_FACE('',(#1576),#1564,.F.);
#1576 = FACE_BOUND('',#1577,.F.);
#1577 = EDGE_LOOP('',(#1578,#1579,#1600,#1623));
#1578 = ORIENTED_EDGE('',*,*,#1550,.T.);
#1579 = ORIENTED_EDGE('',*,*,#1580,.T.);
#1580 = EDGE_CURVE('',#1513,#1581,#1583,.T.);
#1581 = VERTEX_POINT('',#1582);
#1582 = CARTESIAN_POINT('',(2.099998911716,-3.71495834095E-09,
    28.000000014727));
#1583 = SURFACE_CURVE('',#1584,(#1587,#1593),.PCURVE_S1.);
#1584 = B_SPLINE_CURVE_WITH_KNOTS('',1,(#1585,#1586),.UNSPECIFIED.,.F.,
  .F.,(2,2),(0.,3.),.PIECEWISE_BEZIER_KNOTS.);
#1585 = CARTESIAN_POINT('',(2.099998911498,-3.715639351753E-09,
    25.000000014725));
#1586 = CARTESIAN_POINT('',(2.099998911716,-3.71495834095E-09,
    28.000000014727));
#1587 = PCURVE('',#1564,#1588);
#1588 = DEFINITIONAL_REPRESENTATION('',(#1589),#1592);
#1589 = B_SPLINE_CURVE_WITH_KNOTS('',1,(#1590,#1591),.UNSPECIFIED.,.F.,
  .F.,(2,2),(0.,3.),.PIECEWISE_BEZIER_KNOTS.);
#1590 = CARTESIAN_POINT('',(4.999999989126E-02,-1.500000000001));
#1591 = CARTESIAN_POINT('',(5.000000010897E-02,1.500000000001));
#1592 = ( GEOMETRIC_REPRESENTATION_CONTEXT(2) 
PARAMETRIC_REPRESENTATION_CONTEXT() REPRESENTATION_CONTEXT('2D SPACE',''
  ) );
#1593 = PCURVE('',#1246,#1594);
#1594 = DEFINITIONAL_REPRESENTATION('',(#1595),#1599);
#1595 = LINE('',#1596,#1597);
#1596 = CARTESIAN_POINT('',(0.,3.147952414045));
#1597 = VECTOR('',#1598,1.);
#1598 = DIRECTION('',(1.,0.));
#1599 = ( GEOMETRIC_REPRESENTATION_CONTEXT(2) 
PARAMETRIC_REPRESENTATION_CONTEXT() REPRESENTATION_CONTEXT('2D SPACE',''
  ) );
#1600 = ORIENTED_EDGE('',*,*,#1601,.T.);
#1601 = EDGE_CURVE('',#1581,#1602,#1604,.T.);
#1602 = VERTEX_POINT('',#1603);
#1603 = CARTESIAN_POINT('',(1.999998911716,-3.715086238643E-09,
    28.000000014734));
#1604 = SURFACE_CURVE('',#1605,(#1609,#1616),.PCURVE_S1.);
#1605 = LINE('',#1606,#1607);
#1606 = CARTESIAN_POINT('',(2.099998911715,-3.714990329592E-09,
    28.000000014723));
#1607 = VECTOR('',#1608,1.);
#1608 = DIRECTION('',(-1.,-1.334616078006E-12,7.256681454063E-11));
#1609 = PCURVE('',#1564,#1610);
#1610 = DEFINITIONAL_REPRESENTATION('',(#1611),#1615);
#1611 = LINE('',#1612,#1613);
#1612 = CARTESIAN_POINT('',(5.000000010885E-02,1.499999999997));
#1613 = VECTOR('',#1614,1.);
#1614 = DIRECTION('',(-1.,7.256681454063E-11));
#1615 = ( GEOMETRIC_REPRESENTATION_CONTEXT(2) 
PARAMETRIC_REPRESENTATION_CONTEXT() REPRESENTATION_CONTEXT('2D SPACE',''
  ) );
#1616 = PCURVE('',#1363,#1617);
#1617 = DEFINITIONAL_REPRESENTATION('',(#1618),#1622);
#1618 = LINE('',#1619,#1620);
#1619 = CARTESIAN_POINT('',(0.,3.147952414045));
#1620 = VECTOR('',#1621,1.);
#1621 = DIRECTION('',(1.,0.));
#1622 = ( GEOMETRIC_REPRESENTATION_CONTEXT(2) 
PARAMETRIC_REPRESENTATION_CONTEXT() REPRESENTATION_CONTEXT('2D SPACE',''
  ) );
#1623 = ORIENTED_EDGE('',*,*,#1624,.T.);
#1624 = EDGE_CURVE('',#1602,#1474,#1625,.T.);
#1625 = SURFACE_CURVE('',#1626,(#1629,#1635),.PCURVE_S1.);
#1626 = B_SPLINE_CURVE_WITH_KNOTS('',1,(#1627,#1628),.UNSPECIFIED.,.F.,
  .F.,(2,2),(0.,3.),.PIECEWISE_BEZIER_KNOTS.);
#1627 = CARTESIAN_POINT('',(1.999998911716,-3.715086238643E-09,
    28.000000014734));
#1628 = CARTESIAN_POINT('',(1.999998911498,-3.715767249446E-09,
    25.000000014732));
#1629 = PCURVE('',#1564,#1630);
#1630 = DEFINITIONAL_REPRESENTATION('',(#1631),#1634);
#1631 = B_SPLINE_CURVE_WITH_KNOTS('',1,(#1632,#1633),.UNSPECIFIED.,.F.,
  .F.,(2,2),(0.,3.),.PIECEWISE_BEZIER_KNOTS.);
#1632 = CARTESIAN_POINT('',(-4.999999989103E-02,1.500000000008));
#1633 = CARTESIAN_POINT('',(-5.000000010874E-02,-1.499999999994));
#1634 = ( GEOMETRIC_REPRESENTATION_CONTEXT(2) 
PARAMETRIC_REPRESENTATION_CONTEXT() REPRESENTATION_CONTEXT('2D SPACE',''
  ) );
#1635 = PCURVE('',#1426,#1636);
#1636 = DEFINITIONAL_REPRESENTATION('',(#1637),#1641);
#1637 = LINE('',#1638,#1639);
#1638 = CARTESIAN_POINT('',(0.,3.147952414045));
#1639 = VECTOR('',#1640,1.);
#1640 = DIRECTION('',(1.,0.));
#1641 = ( GEOMETRIC_REPRESENTATION_CONTEXT(2) 
PARAMETRIC_REPRESENTATION_CONTEXT() REPRESENTATION_CONTEXT('2D SPACE',''
  ) );
#1642 = ADVANCED_FACE('',(#1643),#1246,.F.);
#1643 = FACE_BOUND('',#1644,.F.);
#1644 = EDGE_LOOP('',(#1645,#1646,#1647,#1683));
#1645 = ORIENTED_EDGE('',*,*,#1512,.F.);
#1646 = ORIENTED_EDGE('',*,*,#1233,.T.);
#1647 = ORIENTED_EDGE('',*,*,#1648,.T.);
#1648 = EDGE_CURVE('',#1179,#1581,#1649,.T.);
#1649 = SURFACE_CURVE('',#1650,(#1669,#1676),.PCURVE_S1.);
#1650 = B_SPLINE_CURVE_WITH_KNOTS('',9,(#1651,#1652,#1653,#1654,#1655,
    #1656,#1657,#1658,#1659,#1660,#1661,#1662,#1663,#1664,#1665,#1666,
    #1667,#1668),.UNSPECIFIED.,.F.,.F.,(10,8,10),(0.,1.573976207022,
    3.147952414045),.UNSPECIFIED.);
#1651 = CARTESIAN_POINT('',(-2.09999927976,1.663287063636E-09,
    23.000000009746));
#1652 = CARTESIAN_POINT('',(-2.099998856881,-0.366518251559,
    23.277777793252));
#1653 = CARTESIAN_POINT('',(-2.028030648617,-0.733040187955,
    23.55555560377));
#1654 = CARTESIAN_POINT('',(-1.884111100695,-1.08340568805,
    23.83333320846));
#1655 = CARTESIAN_POINT('',(-1.672417554366,-1.401479712361,
    24.11111133883));
#1656 = CARTESIAN_POINT('',(-1.401490815855,-1.672432317769,
    24.388888735177));
#1657 = CARTESIAN_POINT('',(-1.083403424369,-1.884102430948,
    24.666666735965));
#1658 = CARTESIAN_POINT('',(-0.733038742026,-2.028032635546,
    24.944444451231));
#1659 = CARTESIAN_POINT('',(-0.366518960013,-2.099998881924,
    25.222222237385));
#1660 = CARTESIAN_POINT('',(0.366518987121,-2.099999263554,
    25.777777787713));
#1661 = CARTESIAN_POINT('',(0.733036974958,-2.028033325586,
    26.055555573764));
#1662 = CARTESIAN_POINT('',(1.083413046987,-1.884103441797,
    26.333333289328));
#1663 = CARTESIAN_POINT('',(1.401467566049,-1.672424307203,
    26.611111289622));
#1664 = CARTESIAN_POINT('',(1.672446329886,-1.40149114949,
    26.888888686515));
#1665 = CARTESIAN_POINT('',(1.884092682327,-1.08339884906,
    27.166666816662));
#1666 = CARTESIAN_POINT('',(2.028035518014,-0.733041771007,
    27.444444420781));
#1667 = CARTESIAN_POINT('',(2.099999226421,-0.366518257375,
    27.722222232684));
#1668 = CARTESIAN_POINT('',(2.099998911716,-3.71495834095E-09,
    28.000000014727));
#1669 = PCURVE('',#1246,#1670);
#1670 = DEFINITIONAL_REPRESENTATION('',(#1671),#1675);
#1671 = LINE('',#1672,#1673);
#1672 = CARTESIAN_POINT('',(3.,0.));
#1673 = VECTOR('',#1674,1.);
#1674 = DIRECTION('',(0.,1.));
#1675 = ( GEOMETRIC_REPRESENTATION_CONTEXT(2) 
PARAMETRIC_REPRESENTATION_CONTEXT() REPRESENTATION_CONTEXT('2D SPACE',''
  ) );
#1676 = PCURVE('',#1363,#1677);
#1677 = DEFINITIONAL_REPRESENTATION('',(#1678),#1682);
#1678 = LINE('',#1679,#1680);
#1679 = CARTESIAN_POINT('',(0.,0.));
#1680 = VECTOR('',#1681,1.);
#1681 = DIRECTION('',(0.,1.));
#1682 = ( GEOMETRIC_REPRESENTATION_CONTEXT(2) 
PARAMETRIC_REPRESENTATION_CONTEXT() REPRESENTATION_CONTEXT('2D SPACE',''
  ) );
#1683 = ORIENTED_EDGE('',*,*,#1580,.F.);
#1684 = ADVANCED_FACE('',(#1685),#1363,.F.);
#1685 = FACE_BOUND('',#1686,.F.);
#1686 = EDGE_LOOP('',(#1687,#1688,#1689,#1725));
#1687 = ORIENTED_EDGE('',*,*,#1648,.F.);
#1688 = ORIENTED_EDGE('',*,*,#1350,.T.);
#1689 = ORIENTED_EDGE('',*,*,#1690,.T.);
#1690 = EDGE_CURVE('',#1296,#1602,#1691,.T.);
#1691 = SURFACE_CURVE('',#1692,(#1711,#1718),.PCURVE_S1.);
#1692 = B_SPLINE_CURVE_WITH_KNOTS('',9,(#1693,#1694,#1695,#1696,#1697,
    #1698,#1699,#1700,#1701,#1702,#1703,#1704,#1705,#1706,#1707,#1708,
    #1709,#1710),.UNSPECIFIED.,.F.,.F.,(10,8,10),(0.,1.573976207022,
    3.147952414045),.UNSPECIFIED.);
#1693 = CARTESIAN_POINT('',(-1.99999927976,1.663400306384E-09,
    23.000000009752));
#1694 = CARTESIAN_POINT('',(-1.999998856881,-0.349064958681,
    23.277777793261));
#1695 = CARTESIAN_POINT('',(-1.931457594271,-0.698133604152,
    23.555555603792));
#1696 = CARTESIAN_POINT('',(-1.794391940188,-1.031814814,23.833333208391
    ));
#1697 = CARTESIAN_POINT('',(-1.592777900655,-1.334742560724,
    24.111111338975));
#1698 = CARTESIAN_POINT('',(-1.334753660955,-1.592792662027,
    24.38888873506));
#1699 = CARTESIAN_POINT('',(-1.031812553329,-1.794383271114,
    24.66666673603));
#1700 = CARTESIAN_POINT('',(-0.698132156673,-1.931459581112,
    24.944444451224));
#1701 = CARTESIAN_POINT('',(-0.349065667492,-1.999998881924,
    25.222222237394));
#1702 = CARTESIAN_POINT('',(0.349065694599,-1.999999263554,
    25.777777787719));
#1703 = CARTESIAN_POINT('',(0.698130389605,-1.931460271152,
    26.05555557377));
#1704 = CARTESIAN_POINT('',(1.031822175947,-1.794384281964,
    26.333333289312));
#1705 = CARTESIAN_POINT('',(1.334730411151,-1.592784651459,26.6111112897
    ));
#1706 = CARTESIAN_POINT('',(1.592806676172,-1.334753997854,
    26.888888686426));
#1707 = CARTESIAN_POINT('',(1.794373521821,-1.031807975009,
    27.166666816736));
#1708 = CARTESIAN_POINT('',(1.931462463667,-0.698135187204,
    27.444444420767));
#1709 = CARTESIAN_POINT('',(1.999999226421,-0.349064964497,
    27.722222232691));
#1710 = CARTESIAN_POINT('',(1.999998911716,-3.715100449497E-09,
    28.000000014736));
#1711 = PCURVE('',#1363,#1712);
#1712 = DEFINITIONAL_REPRESENTATION('',(#1713),#1717);
#1713 = LINE('',#1714,#1715);
#1714 = CARTESIAN_POINT('',(0.1,0.));
#1715 = VECTOR('',#1716,1.);
#1716 = DIRECTION('',(0.,1.));
#1717 = ( GEOMETRIC_REPRESENTATION_CONTEXT(2) 
PARAMETRIC_REPRESENTATION_CONTEXT() REPRESENTATION_CONTEXT('2D SPACE',''
  ) );
#1718 = PCURVE('',#1426,#1719);
#1719 = DEFINITIONAL_REPRESENTATION('',(#1720),#1724);
#1720 = LINE('',#1721,#1722);
#1721 = CARTESIAN_POINT('',(0.,0.));
#1722 = VECTOR('',#1723,1.);
#1723 = DIRECTION('',(0.,1.));
#1724 = ( GEOMETRIC_REPRESENTATION_CONTEXT(2) 
PARAMETRIC_REPRESENTATION_CONTEXT() REPRESENTATION_CONTEXT('2D SPACE',''
  ) );
#1725 = ORIENTED_EDGE('',*,*,#1601,.F.);
#1726 = ADVANCED_FACE('',(#1727),#1426,.F.);
#1727 = FACE_BOUND('',#1728,.F.);
#1728 = EDGE_LOOP('',(#1729,#1730,#1731,#1732));
#1729 = ORIENTED_EDGE('',*,*,#1690,.F.);
#1730 = ORIENTED_EDGE('',*,*,#1413,.T.);
#1731 = ORIENTED_EDGE('',*,*,#1473,.T.);
#1732 = ORIENTED_EDGE('',*,*,#1624,.F.);
#1733 = ( GEOMETRIC_REPRESENTATION_CONTEXT(3) 
GLOBAL_UNCERTAINTY_ASSIGNED_CONTEXT((#1737)) 
GLOBAL_UNIT_ASSIGNED_CONTEXT((#1734,#1735,#1736)) REPRESENTATION_CONTEXT
('Context #1','3D Context with UNIT and UNCERTAINTY') );
#1734 = ( LENGTH_UNIT() NAMED_UNIT(*) SI_UNIT(.MILLI.,.METRE.) );
#1735 = ( NAMED_UNIT(*) PLANE_ANGLE_UNIT() SI_UNIT($,.RADIAN.) );
#1736 = ( NAMED_UNIT(*) SI_UNIT($,.STERADIAN.) SOLID_ANGLE_UNIT() );
#1737 = UNCERTAINTY_MEASURE_WITH_UNIT(LENGTH_MEASURE(2.E-07),#1734,
  'distance_accuracy_value','confusion accuracy');
#1738 = PRODUCT_RELATED_PRODUCT_CATEGORY('part',$,(#7));
#1739 = MECHANICAL_DESIGN_GEOMETRIC_PRESENTATION_REPRESENTATION('',(
    #1740),#1733);
#1740 = STYLED_ITEM('color',(#1741),#15);
#1741 = PRESENTATION_STYLE_ASSIGNMENT((#1742,#1748));
#1742 = SURFACE_STYLE_USAGE(.BOTH.,#1743);
#1743 = SURFACE_SIDE_STYLE('',(#1744));
#1744 = SURFACE_STYLE_FILL_AREA(#1745);
#1745 = FILL_AREA_STYLE('',(#1746));
#1746 = FILL_AREA_STYLE_COLOUR('',#1747);
#1747 = COLOUR_RGB('',0.800000010877,0.800000010877,0.800000010877);
#1748 = CURVE_STYLE('',#1749,POSITIVE_LENGTH_MEASURE(0.1),#1750);
#1749 = DRAUGHTING_PRE_DEFINED_CURVE_FONT('continuous');
#1750 = COLOUR_RGB('',9.803921802644E-02,9.803921802644E-02,
  9.803921802644E-02);
ENDSEC;
END-ISO-10303-21;
