$MeshFormat
2.2 0 8
$EndMeshFormat
$PhysicalNames
1
2 1 "surf"
$EndPhysicalNames
$Nodes
1378
1 -2 -3.5527136788e-15 -1.818989403546e-12
2 -2.1 -3.10862446895e-15 2.22044604925e-16
3 -2.1 9.992007221626e-15 3
4 -2 1.06581410364e-14 2.999999999998
5 -1.999999644259 5.697502612005e-10 10.000000004812
6 -2.099999644259 5.697076286364e-10 10.000000004808
7 -2.09999964433 5.696074865195e-10 13.00000000481
8 -1.99999964433 5.696501190837e-10 13.000000004812
9 -1.999999279615 1.663657004167e-09 20.000000009749
10 -2.099999279615 1.663557528184e-09 20.000000009743
11 -2.09999927976 1.663272644955e-09 23.000000009745
12 -1.99999927976 1.663372120938e-09 23.000000009749
13 1.999998911498 -3.715767249446e-09 25.000000014732
14 2.099998911498 -3.715639351753e-09 25.000000014725
15 2.099998911716 -3.71495834095e-09 28.000000014727
16 1.999998911716 -3.715086238643e-09 28.000000014734
17 -2.025 -3.316450047882998e-15 6.917639788456427e-29
18 -2.05 -3.316450047882995e-15 1.390891956097643e-28
19 -2.075 -3.316450047882992e-15 2.090019933349644e-28
20 -2.1 -1.471045507627994e-15 0.3750000000000015
21 -2.1 1.665334536940101e-16 0.7500000000000024
22 -2.1 1.804112415016016e-15 1.125000000000004
23 -2.1 3.441691376338021e-15 1.500000000000005
24 -2.1 5.079270337660015e-15 1.875000000000003
25 -2.1 6.716849298982011e-15 2.250000000000002
26 -2.1 8.354428260304006e-15 2.625000000000001
27 -2.075 1.022827085254e-14 3
28 -2.05 1.022827085253999e-14 3
29 -2.025 1.022827085253999e-14 3
30 -2 8.881784197e-15 2.624999999998022
31 -2 7.105427357599998e-15 2.249999999998045
32 -2 5.329070518199998e-15 1.874999999998068
33 -2 3.552713678799996e-15 1.49999999999809
34 -2 1.776356839399996e-15 1.124999999998112
35 -2 -1.97215226305253e-30 0.7499999999981353
36 -2 -1.776356839400002e-15 0.3749999999981579
37 -1.931851495667921 -0.5176380897519535 0.4166666270627593
38 -1.732050659284756 -0.9999998698916639 0.8333333629664288
39 -1.414213368815619 -1.414213409083135 1.249999979722783
40 -0.9999999909735966 -1.732050756212749 1.666666680446254
41 -0.5176380195014033 -1.931851364965306 2.083333328324569
42 1.828638075174799e-08 -1.999999818006998 2.499999998268881
43 0.5176380745144896 -1.931851596581496 2.916666658562138
44 0.9999998268447532 -1.732050532578757 3.333333343722454
45 1.414213495633974 -1.41421347757966 3.750000004436321
46 1.732050645294167 -0.999999910759414 4.166666660518625
47 1.931851456726991 -0.5176380450371549 4.583333360372475
48 2.000000003190992 -4.669004614092102e-09 4.99999999644241
49 1.931851495860647 0.5176380850620705 5.416666623567066
50 1.732050661288454 0.9999998660009166 5.833333359513341
51 1.414213371816866 1.414213406021135 6.24999997631674
52 0.9999999946385688 1.732050754113363 6.66666667708419
53 0.5176380235247938 1.931851363872335 7.08333332494986
54 -1.130168421570037e-08 1.999999817987498 7.499999998479508
55 -0.5176380709161044 1.93185159779351 7.916666654864815
56 -0.9999998233186234 1.73205053466775 8.333333340467933
57 -1.414213492619616 1.414213480473511 8.750000001239464
58 -1.732050643272134 0.9999999144001421 9.166666657235108
59 -1.931851459244333 0.5176380496171529 9.583333356512586
60 -2.02844407878603 -0.5435199923985691 0.4166666276152464
61 -1.818653199005227 -1.049999871054444 0.8333333626685575
62 -1.484924047666797 -1.484924086453703 1.249999980065819
63 -1.04999999044123 -1.818653296911434 1.666666680283087
64 -0.5435199243459379 -2.028443947495429 2.083333328491397
65 1.812486842646254e-08 -2.099999818006996 2.499999998340262
66 0.5435199786053379 -2.028444179313531 2.916666658658843
67 1.049999827153119 -1.818653072791935 3.33333334370274
68 1.484924173842843 -1.484924155592589 3.750000004389408
69 1.818653185484478 -1.049999911108463 4.166666660640345
70 2.028444039649457 -0.5435199484139289 4.583333360078429
71 2.100000003190992 -4.888548729144785e-09 4.999999996443313
72 2.028444079035674 0.5435199874952571 5.41666662411905
73 1.818653201119391 1.04999986697163 5.833333359211826
74 1.484924050824991 1.484924083234353 6.249999976653192
75 1.049999994299256 1.818653294700246 6.666666676911563
76 0.5435199285852947 2.028443946344299 7.083333325107473
77 -1.108289736874894e-08 2.099999817987496 7.499999998501474
78 -0.5435199747763393 2.028444180587204 7.916666654956148
79 -1.049999823438795 1.818653074989145 8.333333340436564
80 -1.484924170675941 1.484924158638206 8.750000001181746
81 -1.818653183352709 1.049999914938556 9.166666657347024
82 -2.028444042103356 0.5435199532303226 9.58333335621448
83 -2.012499644259 5.69732455657475e-10 10.0000000048125
84 -2.024999644259 5.6972532247455e-10 10.000000004812
85 -2.037499644259 5.697181892916249e-10 10.0000000048115
86 -2.049999644259 5.697110561087e-10 10.000000004811
87 -2.062499644259 5.697039229257749e-10 10.0000000048105
88 -2.074999644259 5.6969678974285e-10 10.00000000481
89 -2.087499644259 5.696896565599251e-10 10.0000000048095
90 -2.028444078817588 -0.5435199924035763 3.416666627617883
91 -1.818653199035029 -1.049999871076821 3.833333362667026
92 -1.484924047704983 -1.484924086486097 4.249999980068701
93 -1.049999990442944 -1.818653296920309 4.66666668028192
94 -0.5435199243609481 -2.028443947553478 5.083333328494323
95 1.812102078851325e-08 -2.099999818043496 5.499999998342261
96 0.5435199786099713 -2.028444179325755 5.91666665866063
97 1.049999827187251 -1.818653072846295 6.333333343702195
98 1.484924173855909 -1.484924155611514 6.750000004392044
99 1.818653185517537 -1.049999911122282 7.166666660638242
100 2.028444039688759 -0.5435199484284778 7.583333360081144
101 2.100000003190992 -4.887671465396529e-09 7.999999996445953
102 2.028444079067111 0.5435199875025523 8.41666662412244
103 1.818653201148844 1.049999866995468 8.833333359211943
104 1.484924050862142 1.484924083268219 9.249999976657147
105 1.049999994299682 1.818653294710165 9.666666676911548
106 0.5435199285985181 2.028443946403039 10.0833333251111
107 -1.108092746101697e-08 2.099999818023996 10.49999999850413
108 -0.5435199747819098 2.02844418059924 10.91666665495977
109 -1.049999823474331 1.818653075042944 11.33333334043705
110 -1.484924170690078 1.484924158656358 11.7500000011856
111 -1.818653183386308 1.049999914951708 12.1666666573467
112 -2.028444042142423 0.5435199532431654 12.58333335621798
113 -2.099999644267875 5.696842164671e-10 10.37500000480925
114 -2.09999964427675 5.696716987025e-10 10.7500000048095
115 -2.099999644285625 5.696591809379e-10 11.12500000480975
116 -2.0999996442945 5.696466631733e-10 11.50000000481
117 -2.099999644303375 5.696341454087e-10 11.87500000481025
118 -2.09999964431225 5.696216276441e-10 12.2500000048105
119 -2.099999644321125 5.696091098795001e-10 12.62500000481075
120 -1.931851495699369 -0.5176380897568545 3.416666627065375
121 -1.732050659314619 -0.9999998699141989 3.833333362964837
122 -1.414213368854147 -1.414213409115609 4.249999979725665
123 -0.9999999909755535 -1.732050756221832 4.666666680445059
124 -0.5176380195168213 -1.931851365023406 5.083333328327524
125 1.828186779626427e-08 -1.999999818043496 5.499999998271264
126 0.5176380745184072 -1.931851596593903 5.916666658564417
127 0.9999998268786743 -1.732050532633282 6.333333343721894
128 1.41421349564702 -1.414213477598812 6.750000004438626
129 1.732050645327473 -0.9999999107732033 7.166666660515943
130 1.931851456766375 -0.5176380450518149 7.583333360374612
131 2.000000003190992 -4.6684917855296e-09 7.999999996444794
132 1.931851495891985 0.5176380850687134 8.416666623570485
133 1.732050661317666 0.9999998660244416 8.83333335951318
134 1.414213371854083 1.414213406054695 9.249999976320453
135 0.999999994639122 1.73205075412309 9.666666677084072
136 0.5176380235384185 1.931851363930849 10.08333332495353
137 -1.129921597998302e-08 1.999999818023996 10.49999999848233
138 -0.5176380709212125 1.931851597805424 10.91666665486846
139 -0.9999998233539065 1.732050534720972 11.33333334046811
140 -1.414213492633368 1.414213480491187 11.75000000124307
141 -1.732050643305615 0.9999999144130793 12.16666665723479
142 -1.93185145928342 0.5176380496302623 12.58333335651637
143 -2.08749964433 5.696036420311e-10 13.0000000048115
144 -2.07499964433 5.696106919473e-10 13.000000004812
145 -2.06249964433 5.696177418635e-10 13.0000000048125
146 -2.04999964433 5.696247917797e-10 13.000000004813
147 -2.03749964433 5.696318416958999e-10 13.0000000048135
148 -2.02499964433 5.696388916121001e-10 13.000000004814
149 -2.01249964433 5.696459415283e-10 13.0000000048145
150 -1.999999644321125 5.696519367326249e-10 12.62500000481275
151 -1.99999964431225 5.6966442674165e-10 12.2500000048125
152 -1.999999644303375 5.69676916750675e-10 11.87500000481225
153 -1.9999996442945 5.696894067597001e-10 11.500000004812
154 -1.999999644285625 5.69701896768725e-10 11.12500000481175
155 -1.99999964427675 5.6971438677775e-10 10.7500000048115
156 -1.999999644267875 5.697268767867749e-10 10.37500000481125
157 -1.931851141447834 -0.517637993586649 10.41666663196911
158 -1.732050342648632 -0.9999996857404638 10.83333336786779
159 -1.414213110529941 -1.414213149108198 11.24999998463
160 -0.9999998087379414 -1.732050438210039 11.66666668535622
161 -0.517637925774597 -1.93185101064435 12.08333333323888
162 1.715169221530288e-08 -1.999999451395996 12.50000000316835
163 0.5176379785481396 -1.931851242693396 12.91666666348487
164 0.9999996426157612 -1.732050215590161 13.33333334864747
165 1.414213235771407 -1.414213219158692 13.75000000936126
166 1.7320503277244 -0.9999997286401918 14.16666666544513
167 1.931851102323777 -0.5176379512575791 14.5833333653086
168 1.99999964025499 -5.805368050387348e-09 15.00000000131448
169 1.931851141405469 0.5176379889162253 15.41666662847003
170 1.732050344584541 0.9999996819222441 15.83333336441482
171 1.41421311351079 1.414213146159313 16.24999998122372
172 0.9999998123778953 1.73205043621673 16.66666668199753
173 0.5176379297816576 1.931851009686474 17.08333332986599
174 -1.016286822691299e-08 1.999999451557498 17.50000000339796
175 -0.5176379749532899 1.931851244046248 17.91666665978912
176 -0.9999996390798499 1.732050217783142 18.33333334539506
177 -1.414213232751988 1.414213222167666 18.75000000616844
178 -1.73205032552294 0.9999997322735801 19.16666666216804
179 -1.931851104564579 0.5176379557680253 19.58333336145067
180 -2.028443724565925 -0.5435198962339365 10.4166666325224
181 -1.818652882368995 -1.049999686903542 10.83333336757076
182 -1.484923789380701 -1.484923826479103 11.24999998497376
183 -1.049999808204922 -1.818652978908776 11.66666668519377
184 -0.5435198306183849 -2.028443593174364 12.08333333340649
185 1.699044592933253e-08 -2.099999451395996 12.50000000324024
186 0.543519882640209 -2.028443825425099 12.91666666358179
187 1.049999642925659 -1.818652755802315 13.33333334862721
188 1.484923913980791 -1.484923897170574 13.75000000931472
189 1.818652867914894 -1.049999728988167 14.16666666556743
190 2.02844368524651 -0.5435198546326487 14.58333336501467
191 2.099999640254992 -6.024838648510924e-09 15.00000000131434
192 2.028443724580721 0.5435198913493835 15.41666662902248
193 1.818652884415735 1.049999682892984 15.83333336411339
194 1.484923792519395 1.484923823372524 16.24999998156052
195 1.049999812038825 1.818652976804086 16.6666666818247
196 0.5435198348425724 2.028443592158773 17.08333333002368
197 -9.943967106994061e-09 2.099999451557496 17.50000000341967
198 -0.5435198788136442 2.028443826840082 17.91666665988008
199 -1.049999639200163 1.818652758105021 18.33333334536347
200 -1.484923910808831 1.484923900332568 18.75000000610984
201 -1.818652865603799 1.049999732812117 19.16666666227923
202 -2.028443687423726 0.5435198593810564 19.58333336115171
203 -2.012499279615 1.663588683476e-09 20.00000000974737
204 -2.024999279615 1.663574555888e-09 20.00000000974675
205 -2.037499279615 1.6635604283e-09 20.00000000974612
206 -2.049999279615 1.663546300712e-09 20.0000000097455
207 -2.062499279615 1.663532173124e-09 20.00000000974487
208 -2.074999279615 1.663518045536e-09 20.00000000974425
209 -2.087499279615 1.663503917948e-09 20.00000000974363
210 -2.02844372466802 -0.5435198962588617 13.41666663252497
211 -1.818652882462372 -1.049999686962748 13.83333336757018
212 -1.484923789470478 -1.484923826564145 14.24999998497651
213 -1.049999808242969 -1.818652978981798 14.66666668519239
214 -0.5435198306518401 -2.028443593303795 15.08333333340885
215 1.698732942473623e-08 -2.099999451505996 15.50000000324129
216 0.5435198826637351 -2.028443825508002 15.91666666358353
217 1.049999642997087 -1.818652755919735 16.33333334862543
218 1.484923914045636 -1.484923897241527 16.75000000931725
219 1.818652868011247 -1.049999729039287 17.16666666556569
220 2.028443685357018 -0.5435198546656974 17.58333336501594
221 2.099999640326992 -6.024283209954226e-09 18.00000000131663
222 2.028443724683067 0.5435198913747845 18.41666662902617
223 1.818652884508705 1.049999682952457 18.83333336411385
224 1.484923792608503 1.484923823457321 19.24999998156464
225 1.049999812075941 1.818652976876839 19.66666668182443
226 0.5435198348748709 2.028443592288117 20.08333333002675
227 -9.942266345593004e-09 2.099999451666996 20.50000000342114
228 -0.543519878837893 2.028443826922219 20.91666665988312
229 -1.049999639272312 1.818652758221742 21.333333345363
230 -1.484923910874115 1.484923900402757 21.75000000611391
231 -1.818652865700345 1.049999732862206 22.16666666227898
232 -2.028443687533662 0.5435198594122226 22.58333336115371
233 -2.099999279633 1.6634683908115e-09 20.37500000974313
234 -2.099999279651 1.663432780408e-09 20.75000000974325
235 -2.099999279669 1.6633971700045e-09 21.12500000974337
236 -2.099999279687 1.663361559601e-09 21.5000000097435
237 -2.099999279705 1.6633259491975e-09 21.87500000974362
238 -2.099999279723 1.663290338794e-09 22.25000000974375
239 -2.099999279741 1.6632547283905e-09 22.62500000974388
240 -1.931851141550028 -0.5176379936118239 13.41666663197234
241 -1.73205034274198 -0.9999996857999303 13.83333336786797
242 -1.414213110619816 -1.414213149193226 14.24999998463377
243 -0.9999998087758037 -1.732050438283081 14.66666668535577
244 -0.5176379258077768 -1.931851010773695 15.08333333324197
245 1.714892551089014e-08 -1.999999451505996 15.50000000317011
246 0.5176379785718643 -1.931851242776075 15.91666666348749
247 0.999999642687557 -1.732050215707166 16.33333334864648
248 1.41421323583638 -1.414213219229203 16.75000000936461
249 1.732050327820812 -0.9999997286905487 17.16666666544419
250 1.931851102434167 -0.5176379512898129 17.5833333653106
251 1.99999964032699 -5.803987524574048e-09 18.0000000013174
252 1.931851141507794 0.5176379889427739 18.41666662847398
253 1.732050344677417 0.9999996819829758 18.83333336441557
254 1.414213113600104 1.414213146245139 19.24999998122846
255 0.9999998124150256 1.732050436290494 19.66666668199796
256 0.517637929813676 1.931851009816242 20.08333332986955
257 -1.016164275456346e-08 1.999999451666998 20.50000000339987
258 -0.5176379749778346 1.931851244128547 20.9166666597928
259 -0.9999996391526405 1.732050217899781 21.33333334539489
260 -1.414213232817776 1.414213222237625 21.75000000617266
261 -1.732050325619894 0.9999997323231737 22.16666666216798
262 -1.931851104674513 0.5176379557989828 22.58333336145331
263 -2.087499279759 1.663233301086125e-09 23.00000000974475
264 -2.074999279759 1.66324748418525e-09 23.0000000097455
265 -2.062499279759 1.663261667284375e-09 23.00000000974625
266 -2.049999279759 1.6632758503835e-09 23.000000009747
267 -2.037499279759 1.663290033482625e-09 23.00000000974775
268 -2.024999279759 1.66330421658175e-09 23.0000000097485
269 -2.012499279759 1.663318399680875e-09 23.00000000974925
270 -1.999999279741 1.663354176617875e-09 22.62500000974775
271 -1.999999279723 1.66338975926575e-09 22.2500000097475
272 -1.999999279705 1.663425341913625e-09 21.87500000974725
273 -1.999999279687 1.6634609245615e-09 21.500000009747
274 -1.999999279669 1.663496507209375e-09 21.12500000974675
275 -1.999999279651 1.66353208985725e-09 20.7500000097465
276 -1.999999279633 1.663567672505125e-09 20.37500000974625
277 -1.931850774577464 -0.5176378932940209 20.41666663695192
278 -1.732050015324186 -0.999999494651329 20.83333337275937
279 -1.41421284400672 -1.414212879852124 21.24999998944327
280 -0.9999996211732323 -1.732050109215111 21.66666669008615
281 -0.5176378301652262 -1.931850644194978 22.08333333761149
282 1.135725404858069e-08 -1.999999072554 22.50000001080442
283 0.5176378776229866 -1.931850877716746 22.91666666685075
284 0.9999994499082783 -1.732049889326004 23.33333335211491
285 1.414212964673731 -1.414212954178315 23.75000001248514
286 1.732049997153483 -0.9999995433330201 24.16666666808114
287 1.93185073792901 -0.5176378586003078 24.58333336696652
288 -2.028443357697542 -0.5435197959322333 20.41666663750424
289 -1.818652555053441 -1.049999495798186 20.83333337245659
290 -1.484923522877377 -1.484923557202957 21.24999998977779
291 -1.049999620673154 -1.818652649895112 21.66666668991046
292 -0.5435197350672016 -2.028443226709761 22.08333333776706
293 1.128257555715798e-08 -2.099999072554 22.50000001082362
294 0.5435197816016168 -2.028443460478526 22.91666666694048
295 1.049999450116072 -1.818652429596646 23.33333335208292
296 1.484923642784463 -1.484923632288506 23.75000001242589
297 1.81865253726014 -1.049999543826463 24.16666666819171
298 2.028443320795255 -0.5435197621873654 24.58333336666736
299 2.024998911498 -3.71576631677505e-09 25.00000001472818
300 2.049998911498 -3.7157329513731e-09 25.00000001472637
301 2.074998911498 -3.71569958597115e-09 25.00000001472456
302 2.09999891152525 -3.715554225402625e-09 25.37500001472525
303 2.0999989115525 -3.71546909905225e-09 25.7500000147255
304 2.09999891157975 -3.715383972701875e-09 26.12500001472575
305 2.099998911607 -3.7152988463515e-09 26.500000014726
306 2.09999891163425 -3.715213720001125e-09 26.87500001472625
307 2.0999989116615 -3.71512859365075e-09 27.2500000147265
308 2.09999891168875 -3.715043467300375e-09 27.62500001472675
309 2.074998911716 -3.715023694993949e-09 28.00000001472482
310 2.049998911716 -3.715057060395899e-09 28.00000001472663
311 2.024998911716 -3.715090425797849e-09 28.00000001472844
312 1.99999891168875 -3.715171364993375e-09 27.62500001473375
313 1.9999989116615 -3.71525649134375e-09 27.25000001473349
314 1.99999891163425 -3.715341617694125e-09 26.87500001473325
315 1.999998911607 -3.7154267440445e-09 26.500000014733
316 1.99999891157975 -3.715511870394875e-09 26.12500001473275
317 1.9999989115525 -3.71559699674525e-09 25.7500000147325
318 1.99999891152525 -3.715682123095625e-09 25.37500001473225
319 -2.028443357873232 -0.5435197959774388 23.4166666375074
320 -1.818652555211963 -1.049999495895925 23.83333337245629
321 -1.48492352301999 -1.484923557341885 24.24999998978109
322 -1.049999620748165 -1.818652650033861 24.6666666899097
323 -0.5435197351192913 -2.028443226912066 25.08333333777033
324 1.12804078702264e-08 -2.099999072739 25.50000001082588
325 0.5435197816455483 -2.028443460634242 25.91666666694383
326 1.049999450226635 -1.818652429779098 26.33333335208222
327 1.484923642904138 -1.484923632411869 26.75000001242935
328 1.818652537422889 -1.049999543913774 27.16666666819107
329 2.028443320978555 -0.5435197622378147 27.58333336666995
330 -1.931850774753331 -0.51763789333911 23.41666663695518
331 -1.732050015482846 -0.9999994947491384 23.8333333727591
332 -1.414212844149589 -1.414212879991133 24.2499999894465
333 -0.9999996212483412 -1.732050109354074 24.66666669008524
334 -0.5176378302176604 -1.93185064439729 25.08333333761479
335 1.135471671682391e-08 -1.999999072738998 25.50000001080677
336 0.517637877666368 -1.931850877872226 25.91666666685435
337 0.9999994500185458 -1.732049889508153 26.33333335211431
338 1.414212964792942 -1.414212954301492 26.75000001248874
339 1.732049997316138 -0.9999995434201925 27.16666666808065
340 1.931850738112539 -0.5176378586509882 27.58333336696935
341 -2.05 3.507840188965736e-15 0.7499999999990449
342 -2.05 3.455910402329963e-15 1.499999999999096
343 -2.05 3.403980615694145e-15 2.249999999999785
344 -2.025 6.945950200708266e-15 0.7499999999986572
345 -2.025 6.919985307390388e-15 1.124999999998567
346 -2.025 6.971915094026123e-15 0.3749999999990701
347 -2.05 3.533805082283593e-15 0.3749999999994582
348 -2.075 9.569507054108527e-17 0.3749999999995224
349 -2.05 3.48187529564785e-15 1.124999999999063
350 -2.025 6.894020414072501e-15 1.499999999998582
351 -2.075 6.973017722320017e-17 0.7499999999995266
352 -2.075 4.376528390531387e-17 1.124999999999545
353 -2.075 1.780039058742522e-17 1.499999999999599
354 -2.025 6.81612573411877e-15 2.624999999999686
355 -2.05 3.378015722376252e-15 2.624999999999909
356 -2.075 -3.412939604836709e-17 2.249999999999918
357 -2.075 -6.009428936625772e-17 2.625000000000001
358 -2.075 -8.16450273047843e-18 1.874999999999868
359 -2.025 6.868055520754618e-15 1.874999999998566
360 -2.05 3.429945509012054e-15 1.874999999999436
361 -2.025 6.842090627436708e-15 2.249999999998922
362 -1.772660618453053 1.022338223773543 9.167412869791887
363 -1.006643310820161 1.748309379990895 8.331458895045992
364 -1.734680539178054 0.9997898718114067 9.167856520125881
365 -1.758328994040689 -1.014383811604704 0.8327984095934768
366 -1.004046585070954 -1.73550105779715 1.665254295678145
367 -0.004936633425482059 -2.014695667801143 2.496100198865407
368 1.752902389775117 -1.005133814986153 4.171376633582971
369 2.029179176177438 0.001620993089524684 5.001271398777899
370 1.022096011775201 -1.764195011152669 3.335724795146237
371 1.001082903432599 1.73392648857535 6.66666670943069
372 1.749832667890899 1.014660066687343 5.836327334225701
373 0.00438340148392866 2.014658925423884 7.496537175586646
374 -1.94066190956871 0.5199298263414782 9.583386135494978
375 -1.73789501627458 1.001663393392593 9.167842190456852
376 -1.936999453447867 0.5168838633605493 9.584969449929709
377 -1.434538906501306 1.434204316792139 8.750185621444672
378 -1.419640256132696 1.419047188391845 8.750332506053546
379 -1.455131771838881 1.453771913460177 8.750744014271753
380 -1.031112855406153 1.787727058792738 8.332644221105159
381 -1.000403517231283 1.734639129441454 8.332582498767993
382 -1.416209699587011 1.413455359149594 8.751549176836516
383 -1.998825021661406 -0.5330956025934822 0.4148177155944625
384 -1.971865753708661 -0.528243642822279 0.4165790944939913
385 -1.787957748703177 -1.031504268791427 0.8328168179427724
386 -1.948414828348967 -0.5227374642114864 0.417170534478042
387 -1.454944790932419 -1.45065875919806 1.247652278693098
388 -1.429423805393961 -1.426236009712656 1.24822329906083
389 -1.019431965237734 -1.760667782814875 1.664695278759023
390 -1.74167347339158 -1.006367525588568 0.8338897036364046
391 -1.416278736382113 -1.417871585712538 1.250894439742504
392 -1.00109803630149 -1.732911534790788 1.666252711109131
393 -1.932372997631799 0.5156877069011641 9.584939923307443
394 -1.935232717740514 0.5177019860469758 9.583979560263391
395 -1.73368021084783 0.9995137263846774 9.167649529333294
396 -1.977262136433316 0.5295841505233215 9.583499823751085
397 -2.007736951974278 0.5365284349774647 9.584400852739934
398 -1.795297612396223 1.037333364635396 9.166123026901969
399 -0.5238784674173329 -1.944838115710163 2.081226240773264
400 -0.531375088926593 -1.980070451053607 2.082720836799055
401 -0.5194112822714237 -1.934122503405546 2.082439246550893
402 -0.002173422809120256 -2.002439894058881 2.498272536986556
403 0.5120328297022397 -1.93334480893012 2.912050584240802
404 1.965808935347418 -0.5224872522001219 4.586545215776958
405 1.949616887375147 -0.5189610998852154 4.585952457089702
406 2.057373547623969 0.002940715120417985 5.002274890927361
407 1.737960739456452 -0.9988733503407563 4.169787482459272
408 1.938343641053722 -0.516374004153035 4.585635276125884
409 1.421378583532277 -1.417557501404331 3.752142147905301
410 2.006932167025928 0.002868760541537199 5.002275005256394
411 -0.003315278566828515 -2.05423602917747 2.497431425985132
412 0.522433094257355 -1.956812268739295 2.915229669396531
413 0.5329785793264249 -1.993260833185108 2.915836599680254
414 1.008397066977663 -1.745395606077156 3.333806829068976
415 1.037499827076096 -1.797002437738601 3.333333343707566
416 1.78216949377057 -1.026535653554779 4.168275330972621
417 1.460611144098614 -1.45843117003702 3.751188581474008
418 1.440090475559068 -1.435673708298849 3.752444387309467
419 1.000235441190858 1.732458506419266 6.666666655964908
420 1.412860478621874 1.415565006388847 6.251521788992346
421 1.422710334244106 1.424650969979288 6.251084686994619
422 1.733140982642454 1.00290250260468 5.834898044062566
423 1.016594042282007 1.75965783968536 6.666222369343884
424 1.450171129529949 1.44907561019024 6.249398569914007
425 1.938649052832849 0.5217421672730249 5.418414561718317
426 1.781024110343096 1.030451370693864 5.834791415521018
427 1.984959754554569 0.5327679910111149 5.417339526868984
428 1.959533576558987 0.5284248182885609 5.419218814881562
429 0.5226117643538448 1.944174131701182 7.082056650085311
430 0.5298504533139079 1.980422817717661 7.083934920751237
431 0.5186007312207936 1.933552998465508 7.082944170397676
432 0.001968448379506188 2.002395354606422 7.498435422394095
433 -0.512198177797059 1.933301010287294 7.912186701286785
434 0.002863468905776533 2.052790552137046 7.49777991463323
435 -0.5201032286702052 1.952195590262438 7.914394490789693
436 -0.5292718086827706 1.989761788471263 7.913767219514243
437 -1.517456067460716 1.451663436870918 9.833333340437848
438 -1.555094576057772 -1.41126879844926 3.02606914141339
439 -1.939212892335576 -0.8058865711150123 2.341226277396532
440 -1.922279566243789 -0.8454827201614838 3.078494974618841
441 -1.948929893785353 0.7820939671696664 10.66666667262075
442 -1.948929893768142 0.78209396717029 9.916666672619753
443 1.049999827170143 -1.818653072819041 4.833333343702469
444 1.81865317970492 -1.049999921154396 5.666666623332286
445 0.0218882563056104 -2.099885755692182 4.166549805813668
446 1.818653161864785 1.049999934999997 7.333333367932477
447 1.04999999429945 1.818653294705171 8.166666676911561
448 2.100000003190944 -2.998922071322066e-08 6.499999993024404
449 2.700285229175307e-07 2.099999818005582 9.000000008670634
450 -1.856876944525683 -0.9808197759661643 1.581191467299405
451 -1.215928087078707 -1.712167820558751 2.415089640918461
452 -1.818653287803212 1.049999734078248 11.41666667262018
453 -1.296775886335889 1.651778189322097 10.58333334043707
454 -0.3447926219112821 -2.071501075533329 3.2451771186571
455 -0.2971516242581387 2.078870036297872 9.750000008672854
456 -1.296775886320584 1.6517781893001 9.083333340436827
457 -1.339088059903154 -1.617665799750684 3.790743302164609
458 -2.0563690790658 -0.4258464006839149 2.668776122083884
459 -2.047028595949101 -0.4686928825878438 3.051536852371687
460 -2.059609671983251 -0.409886444359865 2.298998238487006
461 -1.941565684762613 -0.8002015391502657 2.705487225802685
462 -2.059892626580073 -0.4084620680484071 1.926662653935009
463 -1.762004640282135 -1.142514131662226 2.720609295659961
464 -1.753499804455578 -1.155524683289236 3.09021683465298
465 -2.06188657656625 0.3982754228922664 10.33333333871438
466 -2.061886576563404 0.3982754228940101 9.958333338713626
467 -2.061886576569142 0.3982754228902852 10.70833333871488
468 -1.948929901001136 0.7820939491672494 10.29166667842796
469 -2.061886576571987 0.3982754228885471 11.08333333871513
470 -1.765230568307915 1.137523864838729 10.25000000652901
471 -1.76523056830317 1.137523864840961 9.87500000652852
472 1.049999827178697 -1.818653072832668 5.583333343702334
473 1.484924159521379 -1.484924169929909 5.249999974184774
474 1.484924169137239 -1.484924160322118 5.999999980312941
475 1.484924165859493 -1.484924163583742 4.499999991914704
476 1.818653171931362 -1.04999993460079 4.916666629753696
477 1.058212691197894 -1.81388658091681 4.098609521920077
478 2.028444036814757 -0.5435199590334222 5.333333293808009
479 0.5575275591597592 -2.024638921222409 5.196367787606116
480 0.01231856232358079 -2.09996369388818 4.801757551963195
481 0.5667242549431191 -2.022083912276964 4.486708063353655
482 -0.5292593591795315 -2.032211423280856 4.459410018746671
483 0.5720029137761047 -2.020597037827382 3.793183735395449
484 2.028444085151165 0.54351996476541 7.666666666559837
485 1.818653140886986 1.049999971353223 8.083333347943597
486 1.484924020299154 1.484924113795732 7.750000006792217
487 1.484924050047739 1.484924084064868 8.499999996065251
488 1.484924020292978 1.484924113784153 7.000000006792211
489 1.049999994299333 1.818653294702674 7.416666676911566
490 1.049999994299566 1.818653294707668 8.916666676911557
491 2.100000003190992 -4.887890378566635e-09 7.249999996445288
492 2.02844408514419 0.5435199647603699 6.916666666559181
493 2.028444116328073 0.5435198483490637 6.166666677827465
494 1.818653159174207 1.049999939641533 6.583333356358426
495 2.100000003190992 -4.888329135608163e-09 5.749999996443972
496 0.543520021272925 2.028443921539847 8.583333352177341
497 0.543520054127961 2.028443912751969 9.333333342789659
498 0.5435199382085217 2.028443943781271 7.833333338985931
499 7.525556736317767e-08 2.099999817996574 8.250000008841145
500 -0.5435198396204893 2.028444216805516 8.666666674553285
501 1.818653176883304 -1.049999926059412 6.4166666380029
502 2.028444036825605 -0.5435199590332509 6.083333293808669
503 2.028444033342321 -0.5435199720733235 6.833333328540448
504 -2.044925435247646 -0.4777856084167957 1.538375744638135
505 -1.888048995157947 -0.9193859880263436 1.966881073766906
506 -1.577880061805057 -1.38574644961899 1.999453731686908
507 -1.6516331357986 -1.296960534651392 2.37901998052872
508 -1.527247769879053 -1.441358069882466 1.623895392570211
509 -1.136862684466316 -1.765656552946411 2.040372613101924
510 -1.345158204516539 -1.612621734240028 2.776520718968865
511 -2.028444050986575 0.5435199201770433 11.45833333871411
512 -1.888548110053716 0.9183598887548381 11.04166665132017
513 -1.586508579432278 1.375859849708386 11.00000000506324
514 -1.680101141342513 1.259865047107881 10.62500000085222
515 -1.484924213577094 1.484924115765362 11.37500000652808
516 -1.176350639698255 1.739597024776914 10.95833334043694
517 -1.410668941792105 1.55563891011079 10.2083333404374
518 -0.6534093717558519 -1.99575928906183 2.462464080580206
519 -0.1374391246343012 -2.095497413346639 2.877086811642016
520 -0.7864212468986085 -1.947187942374401 2.836573745082283
521 0.3990747548706388 -2.061732071853986 3.300325332018913
522 -1.030744981697042 -1.829635088342208 3.149174422870591
523 -0.6860267222743404 1.984783828962213 10.54166668651332
524 -0.1489509960125819 2.094710746009451 10.12500001970377
525 -0.8250776287982199 1.931125589586061 10.16666667455396
526 0.3982754272202861 2.061886353409997 9.708333342789759
527 -0.9599725000789796 1.867739698865008 9.791666674553129
528 -0.1489508797842184 2.094710754268625 9.374999995311507
529 -0.6860266175196508 1.984783865156705 9.041666674552761
530 -0.8250776287934913 1.931125589576626 9.416666674553833
531 -1.176350639671148 1.739597024736796 8.708333340436582
532 -1.410668941787306 1.555638910103187 9.458333340437274
533 -0.1509604362275678 -2.094566743204767 3.672900852946762
534 -0.6968935535048635 -1.980994300274348 3.968286973955622
535 -0.8600021385809101 -1.915827697342885 3.539957396862356
536 -1.206365917457719 -1.718918568521724 4.159874671751688
537 -1.454604388263431 -1.514636969278624 3.393839884398074
538 -2.028444115943855 -0.5435198537383491 0.7916666813335206
539 -1.833648274962986 -1.023588433495467 1.206801212895042
540 -2.037034917698676 -0.5103802372345396 1.165764299169752
541 -1.593171427254194 -1.368138695038579 3.826667895679353
542 -1.881890833963523 -0.9319262083740121 3.440654247209581
543 -1.6824889156399 -1.256674069183828 3.439071478976915
544 -1.586508515394663 1.375859923540538 9.124999998891795
545 -1.888548083657998 0.9183599429738014 9.541666664983289
546 -1.680101134601121 1.259865056091757 9.500000006528049
547 -1.818653206465479 1.04999987496846 11.79166666243778
548 -2.02844405099251 0.5435199201746908 11.83333333871436
549 -2.028444023970325 0.5435200210423627 12.20833333107763
550 -1.733428094136268 1.000746237688137 12.166700364141
551 -1.000007115077365 1.744248418091071 11.32851047822827
552 -1.764434377063431 1.019834735283382 12.1658969582413
553 -1.744400974314956 -1.013452441680805 3.837652681770527
554 -1.008089673902786 -1.745470199721642 4.66643284398458
555 1.02034248553424 -1.77038350197967 6.332126674894453
556 -0.003602626132034071 -2.023770349346805 5.497166781453042
557 1.747222305706149 -1.001204349089266 7.17183767431062
558 1.741593638197132 1.013751784592379 8.838970915888329
559 2.029178993325866 0.001759103215972229 8.001379723200595
560 0.005745813972307271 2.025206083047019 10.49548453690393
561 1.012859325709246 1.753972070180701 9.666528496342892
562 -1.932417456587165 0.5155210831587824 12.58507715716488
563 -1.734413336615537 1.002393554662897 12.16595828786311
564 -1.939155178790337 0.5199444646871189 12.58306581857375
565 -1.411231284786779 1.417189407957878 11.74664736970005
566 -1.427912497777196 1.433043468010635 11.74714563959849
567 -1.415599956224296 1.412825656505873 11.75156108674328
568 -0.998614497043438 1.736208033434718 11.33072820069475
569 -1.024931171069092 1.778050919244332 11.33224065972209
570 -1.459274956567012 1.459247171329299 11.75001514666664
571 -1.446844436055155 -1.449867422274274 4.251660886264395
572 -1.777097159042186 -1.029675362635757 3.835794848802895
573 -1.961779258650544 -0.5282085066372557 3.418597160692823
574 -1.991869209406911 -0.5345620187315043 3.417294444142336
575 -1.941715782182678 -0.5218556798149403 3.417870460378332
576 -1.739152754650764 -1.005773321738748 3.834481180635885
577 -1.426438058257578 -1.427477798830516 4.250579791818305
578 -1.418877421917881 -1.419499175180551 4.250348589972226
579 -1.015321065732168 -1.754087317193581 4.664899689683637
580 -1.001370883514623 -1.733652922415826 4.666359714405552
581 -1.954510682653892 0.5238116795163267 12.58325577993531
582 -1.787833554664786 1.034393392094151 12.16520712959934
583 -2.007913779201537 0.5381280602251624 12.58325261853042
584 -1.732874615269862 0.9995260729223514 12.16732090248411
585 -1.931900428758762 0.5174552551544758 12.58348394907593
586 -1.93237299766148 0.5156877069482632 12.58493992328311
587 -0.0002642246237262524 -2.052361104179489 5.49979508529998
588 -0.529798876616131 -1.980693092032867 5.0840278197879
589 0.5329942092464889 -1.991129802367133 5.916273301409929
590 0.523967471803043 -1.964626905610193 5.91481222657905
591 1.037499827110175 -1.797002437793002 6.333333343707019
592 1.004077581767628 -1.741616272338067 6.332342600582582
593 0.5184871967049355 -1.943148035594961 5.915001976885964
594 -0.5196323882433385 -1.933828183250517 5.082208850686977
595 -0.5244275582773161 -1.950157715477075 5.081898835431732
596 -0.001681400933109751 -2.008857249919617 5.498667867281596
597 1.435559118014783 -1.432579263369715 6.751653535259015
598 1.420574697561087 -1.41786533684272 6.751519166799303
599 1.457425764119252 -1.456956816966 6.750256087337295
600 1.780359330066643 -1.025381008160441 7.16835050218103
601 1.980096033167887 -0.528001207784742 7.585256754886713
602 1.444223844794891 1.449742102290639 9.253034744598139
603 1.772474128498069 1.028527448890653 8.836823485681917
604 1.950990439767248 0.5273196314818313 8.420130187354246
605 1.990498092628155 0.5357984760610079 8.418490871446386
606 1.934460647338976 0.5226666239347677 8.419988120846243
607 2.002637193443409 0.003026662538412583 8.002405373312778
608 2.065036927816868 0.003740337613938277 8.00288272732816
609 1.936288603824852 -0.51567333408419 7.585752864967451
610 1.738353290474692 -1.000893827020822 7.168552781329637
611 1.945342242254104 -0.518152190947158 7.585701155520039
612 0.005969411510735249 2.046653886734665 10.49535798042635
613 0.5301713194653163 1.972819285456744 10.08216237844232
614 -0.5293200354000026 1.983356247366801 10.91507999105343
615 -0.516044517121222 1.946859358900404 10.91238092251284
616 -0.5131607163793058 1.937340991854324 10.9121039555918
617 1.415187472694632 1.418286445416658 9.251740635318338
618 1.001095553169667 1.733829456092143 9.666619433079422
619 1.735361836614936 1.005118999070953 8.83553780882411
620 1.426292835172112 1.428714460498981 9.251349913910646
621 1.022095629839423 1.76826000169819 9.665863456678576
622 0.5208586695622222 1.934998940889106 10.08150955845021
623 0.525418559315761 1.950608459365493 10.08123708713971
624 0.003376043307088915 2.007955296269961 10.49732406604912
625 -1.416921342243017 1.411500439228156 9.836492086402105
626 -1.416921246211883 -1.411500333699054 3.163507883036489
627 -1.845144726992884 0.7716473972079858 9.901794180481414
628 -1.841017656849852 0.7814427432558513 10.65005284216516
629 -1.845144993002551 -0.7716474375230391 3.098205803236034
630 -1.841017924328009 -0.7814427718904636 2.349947139289647
631 -2.672417924772435e-07 -1.999999818025071 4.000000012080498
632 0.9999998268616874 -1.732050532605974 4.833333343722173
633 1.732050638306768 -0.9999999228977838 5.66666662015707
634 1.732050619700199 0.9999999380709766 7.333333370398985
635 0.999999994638783 1.732050754118117 8.166666677084132
636 2.000000003190944 -2.871532500760349e-08 6.499999992849106
637 2.702938873387405e-07 1.999999818005574 9.000000008772744
638 -1.777218669706164 0.917329171331182 11.41150086481938
639 -1.204341176894447 1.596734537797633 10.56981633595795
640 -1.776971315085365 -0.9178085011421127 1.588594467827618
641 -1.204341324703813 -1.596734686556435 2.430183661999799
642 -0.2543059847110501 1.98376615585561 9.735127516618808
643 -0.2543063401072652 -1.983765878754688 3.264872475090705
644 -1.229299083039832 1.577600293702718 9.111719352015738
645 -1.229299212347243 -1.577600416250975 3.888280639243537
646 -1.960572366091022 0.395165222347882 10.70059303611469
647 -1.959895069309316 0.3985108099085597 11.0745517609247
648 -1.960904017811832 0.3935161903842893 10.32589709264618
649 -1.845144727001295 0.7716473972081339 10.27679418048141
650 -1.960904017808718 0.3935161903861342 9.950897092646432
651 -1.642319598707262 1.141396521256442 9.856254115894099
652 -1.640400198023177 1.144153346270829 10.23060476302219
653 -1.960572229427375 -0.3951651527012744 2.299406940702234
654 -1.959894943583214 -0.398510708551795 1.925448233658836
655 -1.960903889042923 -0.3935160705716033 2.674102901616371
656 -1.845144993001141 -0.7716474375231128 2.723205803236057
657 -1.960903889049078 -0.3935160705734686 3.04910290161635
658 -1.642319455131273 -1.141396347945103 3.143745858012092
659 -1.640400063846728 -1.14415315441222 2.769395215910622
660 0.5176379382748738 -1.93185163309016 3.66666667790118
661 0.5176379581248447 -1.931851627774737 4.416666677143826
662 0.9999998268532035 -1.732050532592336 4.083333343722312
663 -1.244799621297635e-07 -1.99999981803429 4.75000000517588
664 0.5176380761742616 -1.931851596146829 5.166666670996424
665 -0.5176381464313241 -1.931851331001226 4.333333346261414
666 0.9999998268701714 -1.732050532619611 5.583333343722034
667 1.732050630603193 -0.9999999362229932 4.916666629094494
668 1.931851455434761 -0.5176380499004739 5.333333293734327
669 1.414213487915427 -1.414213485306247 4.499999996609218
670 1.414213493915651 -1.414213479314079 5.249999985958467
671 1.414213500068298 -1.414213473169491 5.999999994565536
672 1.414213342354828 1.414213435500809 7.000000006921525
673 1.41421334236105 1.414213435512344 7.7500000069215
674 0.9999999946386526 1.7320507541157 7.416666677084157
675 1.732050600800071 0.9999999708256123 8.083333348137163
676 1.414213373709725 1.414213404181389 8.499999994777781
677 1.931851502516586 0.5176380603147097 7.66666666660224
678 0.9999999946389135 1.732050754120535 8.916666677084107
679 1.732050618422998 0.9999999402644347 6.583333357516349
680 1.931851533825921 0.5176379434041138 6.166666677977741
681 1.931851502509585 0.5176380603097605 6.916666666601644
682 2.000000003190991 -4.66887612265964e-09 5.749999996443013
683 2.000000003190992 -4.668619583883909e-09 7.249999996444202
684 7.79073069692205e-08 1.999999817996571 8.250000007860677
685 -0.5176379349151801 1.931851634238416 8.666666674620044
686 0.5176380328277916 1.931851361395041 7.833333337447023
687 0.5176381104934445 1.931851340600122 8.583333349925338
688 0.5176381499353192 1.931851330047221 9.33333334292705
689 1.931851450804021 -0.5176380672631753 6.833333328478827
690 1.931851455445578 -0.5176380499003934 6.08333329373492
691 1.732050637676227 -0.9999999240077057 6.416666637556292
692 -1.466642624415911 1.359764368004213 11.37056400288604
693 -1.527636468908437 1.29086275205829 10.99017996341742
694 -1.10375271234858 1.667851502866702 10.95214839855396
695 -1.802387238492617 0.8668328155688549 11.02927664684981
696 -1.58255612525308 1.22291288669467 10.61012751439671
697 -1.948851337589416 0.4494194940450851 11.4588764323003
698 -1.280237899067155 1.536551335669901 10.192575166566
699 -1.466592403555499 -1.359818215687163 1.629448293340387
700 -1.527636243405874 -1.290862595774606 2.009820023260887
701 -1.10374875806411 -1.667854461521169 2.047852055220059
702 -1.802387477785962 -0.8668327547746506 1.970723322423049
703 -1.582555927060688 -1.222912690986125 2.389872473346884
704 -1.948786098599237 -0.4497019989219537 1.541374340563708
705 -1.280237978191729 -1.536551398717723 2.807424823237827
706 -0.1274118404846577 1.995937306525769 10.11756376490897
707 0.3935162115646317 1.960903798785426 9.700897096849221
708 -0.6396570671552417 1.894950765222429 10.53423044383189
709 -0.7590772457546755 1.850351585186313 10.15179418246473
710 -0.9184321796741344 1.776648857805291 9.792616340633174
711 -0.1274119200092453 -1.995937169216377 2.882436246242784
712 0.3935160492455205 -1.96090411020086 3.299102909406249
713 -0.6396569524401045 -1.894950663590731 2.465769570863002
714 -0.759077413535777 -1.850351534562188 2.848205809274866
715 -0.9184323969277429 -1.77664898619185 3.207383633525557
716 -0.6396569436770317 1.894950806891344 9.034230428541711
717 -1.126306317181426 1.65270468854019 8.744176271791583
718 -0.1274117258106179 1.995937313840129 9.367563750543109
719 -0.7688593823432162 1.846308337205002 9.411761254718311
720 -1.337423175098733 1.487043558260913 9.513459294791538
721 -0.6396570877161224 -1.894950617953378 3.965769577768515
722 -1.126306514721428 -1.652704886952095 4.255823731292965
723 -0.1274120449910445 -1.99593716125043 3.632436219763517
724 -0.7688595334712658 -1.846308306777937 3.588238737595094
725 -1.337423177212206 -1.487043555073863 3.486540683533842
726 -1.935994409569375 -0.5019212913391695 0.7923836076204341
727 -1.942989132816564 -0.4741228368514788 1.168820428734827
728 -1.752151101483479 -0.9643473777494759 1.210553613642248
729 -1.79223842083076 -0.887626628709948 3.465769573961754
730 -1.501434477218583 -1.321246868213196 3.88243624933529
731 -1.585131181406571 -1.21957281515496 3.509970955849771
732 -1.792238223630227 0.8876266574297499 9.534230423041549
733 -1.501434667580744 1.3212470372822 9.117563752773561
734 -1.585131377292184 1.219573012042193 9.490029032229208
735 -1.9427658302178 0.4750371260943027 11.83136866491907
736 -1.755109890418615 0.958951720341888 11.79006045528551
737 -1.935971913017988 0.5020079795426307 12.2075719656696
738 -1.770217087646574 -1.020103449807428 10.83203012288455
739 -1.736264073860541 -0.9987759072787034 10.83081721965567
740 -1.0083470751427 -1.734325672161362 11.66183421962728
741 -1.772660301619215 1.022338042457692 19.1674128746676
742 -1.005285799259441 1.747871363674027 18.33070282626433
743 -1.734680221552924 0.9997896899273065 19.16785652515885
744 -0.006862379025999186 -2.016166191512017 12.49458289032622
745 1.752895651624849 -1.005144833861301 14.17136647026821
746 2.029178815172102 0.001620992423008569 15.00127140424708
747 1.021866280370124 -1.764551710966901 13.33543007996143
748 1.001082721416478 1.733926171212776 16.66666671438795
749 1.749901470352202 1.013599053690364 15.8355778043593
750 0.003769989370308415 2.026194899419056 17.49703872184068
751 -1.452803648550508 -1.449296127658756 11.24807639479694
752 -1.436221265370574 -1.429347688451105 11.24618235651827
753 -1.025242743043842 -1.759599554800357 11.66034698386863
754 -1.741800051874598 -1.003278955581706 10.83172215024384
755 -1.42139409751427 -1.415645332009162 11.24677497029412
756 -1.939964710479585 -0.5191879053113386 10.41618886999586
757 -1.937559664962115 -0.5156009047673004 10.41393188822587
758 -1.418629755508791 -1.413072988879453 11.24687680425503
759 -1.004232794509586 -1.732242750840562 11.66382923609611
760 -1.940651228030049 0.5199339163320629 19.58338082197488
761 -1.737892132491071 1.001663923588014 19.16784068924173
762 -1.936998727992508 0.516883895217868 19.5849692828539
763 -1.434279646739045 1.434184954305633 18.75005253979084
764 -1.419363180010749 1.41902475600558 18.75018976235194
765 -1.452231213291007 1.450241811700045 18.75109087367015
766 -1.031112671612062 1.787726743371268 18.33264422564316
767 -1.002118875886751 1.73836065084091 18.33228641460895
768 -1.416411302615097 1.413788026810056 18.75147518668155
769 -1.733703450257926 -0.9987802963404662 10.8318358770332
770 -1.935594653303025 -0.5164016148817803 10.41494809024515
771 -1.934164138323928 -0.5164064935215384 10.41524500068704
772 -1.960099123289917 -0.5245485330655333 10.41616773466628
773 -1.787977347937183 -1.032946024387224 10.83377182476656
774 -2.008318431067599 -0.5378604505346098 10.41646928935461
775 -1.789170774698058 1.0367727325536 19.1641374554125
776 -1.976084798083845 0.5300375695022519 19.58292217052472
777 -2.005781336082936 0.5374237796290536 19.58335092276705
778 -0.5273929349796854 -1.945331181310994 12.0786478835527
779 -0.5342556375355869 -1.986010215024601 12.0817592512665
780 -0.5215033992469089 -1.93413740252571 12.08083701638083
781 -0.004173376108925373 -2.002769095857073 12.4966835191736
782 0.510954776643936 -1.933629623140015 12.91116326826298
783 1.965808408343538 -0.5224878438524521 14.58654466828029
784 1.94961617140446 -0.5189623670334034 14.58595135166257
785 2.057373187689563 0.002940713980451917 15.00227489619878
786 1.737960422013483 -0.9988731686556425 14.16978748770763
787 1.938343276234049 -0.5163739499116343 14.58563524904217
788 1.421311026597428 -1.417625360139855 13.75206623753293
789 2.007502647285387 0.002536352100845511 15.00201083082406
790 -0.004339081778002748 -2.055983534407176 12.49664108543613
791 0.5217495890472033 -1.957716303153159 12.91452773923075
792 0.5329005816672394 -1.994227065194526 12.91558606651517
793 1.008060838558401 -1.745797344008824 13.33341832575282
794 1.03749964284824 -1.797002120749244 13.33333334863219
795 1.782158636227303 -1.026552135641712 14.16826009078077
796 1.460599143042878 -1.45845763170343 13.75116761038297
797 1.439995897025214 -1.435878246154693 13.752278764701
798 1.732675263728953 1.002469434194401 15.83478548455856
799 1.938433917368082 0.5211544915404657 15.41800894365516
800 1.412860220425602 1.415564746417831 16.25152179405497
801 1.422698473273218 1.424376557649214 16.25093803250952
802 1.000235258955773 1.732458188617245 16.66666666089825
803 1.016598067796879 1.759606778374879 16.66619964047835
804 1.453512748604824 1.455277104785125 16.25096533452243
805 1.984879720033228 0.5327089496721034 15.41731143943726
806 1.962720455695662 0.5283025094042719 15.41847663465934
807 1.793709178140516 1.037984295749755 15.83492017691876
808 0.5230011024288888 1.946281169779454 17.0821916852908
809 0.5328534980528729 1.984020381582929 17.08240777382548
810 0.5186290420577921 1.933706143657909 17.08295397702706
811 0.001968449278891423 2.002394988470416 17.49843542721672
812 -0.5179996379253955 1.939874816420412 17.91529747724494
813 -0.5313029963554416 1.991025821889997 17.91503231167085
814 0.004346960416906505 2.062786748051871 17.49664609002692
815 -0.5205058198299074 1.952596827381017 17.91461953266454
816 -1.935232356949268 0.5177018950662116 19.58397956186349
817 -1.733561903250094 0.9995655507696444 19.16756682951145
818 -1.934153469337465 0.5164698056654743 19.58470415303869
819 -1.517455678837429 1.451663313128233 19.83333334536629
820 -1.555094231375862 -1.411268633086102 13.02606911156803
821 -1.93921252541427 -0.8058864988974308 12.34122626623452
822 -1.922279213799756 -0.8454826112844078 13.07849495020146
823 -1.948929520353353 0.7820939138471978 20.66666667754804
824 -1.948929520316397 0.7820939138478515 19.91666667754779
825 1.049999642961386 -1.818652755861047 14.83333334862632
826 1.818652862429161 -1.049999738598933 15.6666666281641
827 0.02188827487566508 -2.099885388904453 14.16654982225597
828 1.818652845672196 1.049999750108854 17.3333333728546
829 1.049999812057338 1.818652976840385 18.16666668182456
830 2.099999640290948 -3.11925635241883e-08 16.49999999787493
831 2.711265569043716e-07 2.099999451612082 19.00000001358368
832 -1.856876609506056 -0.9808196259186646 11.58119146830878
833 -1.215927827089718 -1.71216755566758 12.41508963336193
834 -1.818652970424117 1.049999551420645 21.41666667754304
835 -1.296775589129727 1.651777956769998 20.58333334536376
836 -0.3447924734053375 -2.071500728700665 13.2451771111195
837 -0.2971514832719558 2.078869686289681 19.75000001358268
838 -1.296775589095907 1.651777956716188 19.08333334536399
839 -1.339087769185121 -1.617665564676023 13.79074328999635
840 -2.056368715058947 -0.4258463493953302 12.6687761121223
841 -2.047028236420786 -0.4686928087460984 13.05153683951053
842 -2.059609306347986 -0.4098864023946733 12.29899822730047
843 -1.941565323196977 -0.800201454498618 12.70548720260483
844 -2.059892259005915 -0.408462035952044 11.92666265137435
845 -1.762004278172086 -1.142514016957273 12.72060927394419
846 -1.753499450238628 -1.155524555245269 13.09021680542352
847 -2.061886207585538 0.3982753975924199 20.33333334364433
848 -2.061886207573352 0.3982753975942001 19.95833334364422
849 -2.061886207597791 0.3982753975902907 20.70833334364445
850 -1.948929527527585 0.7820938959237362 20.29166668333503
851 -2.061886207609974 0.3982753975885365 21.0833333436446
852 -1.765230187664521 1.137523779460038 20.25000001145596
853 -1.765230187649133 1.137523779461904 19.87500001145584
854 1.049999642979237 -1.818652755890391 15.58333334862587
855 1.484923899873093 -1.484923911346277 15.24999997907565
856 1.484923909479967 -1.484923901773302 15.99999998521727
857 1.484923906051463 -1.484923905134026 14.49999999683263
858 1.818652854547995 -1.049999752195123 14.91666663461612
859 1.058212507260538 -1.813886263781814 14.09860952812909
860 2.028443682670837 -0.54351986435664 15.33333329868041
861 0.5575274652189038 -2.024638566832662 15.19636779673873
862 0.01231856707634359 -2.099963327297021 14.80175756255365
863 0.5667241650466228 -2.022083556715028 14.48670807321199
864 -0.5292592505404214 -2.032211072901083 14.45941003415105
865 0.5720028300477127 -2.020596680474894 13.7931837497397
866 1.484923791868934 1.484923824153353 18.50000000096948
867 1.049999812066641 1.81865297685861 18.91666668182448
868 1.818652824538451 1.049999786768662 18.08333335283709
869 1.484923762438772 1.484923853540008 17.75000001168949
870 2.028443731061647 0.5435198674676773 17.66666667143596
871 1.484923762423084 1.484923853512159 17.00000001168956
872 1.049999812048038 1.818652976822158 17.41666668182463
873 2.099999640308992 -6.024420913290069e-09 17.25000000131607
874 2.028443731035712 0.543519867462624 16.91666667143538
875 2.02844376204393 0.5435197516361482 16.16666668271192
876 1.818652842789031 1.049999755047482 16.58333336125621
877 2.099999640272992 -6.02469911206522e-09 15.75000000131492
878 0.5435199275253457 2.028443567393507 18.5833333570895
879 0.5435199603858485 2.02844355862308 19.33333334770087
880 0.543519844470065 2.028443589613566 17.83333334390098
881 7.6379872044713e-08 2.099999451584828 18.25000001375727
882 -0.5435197436839649 2.028443863070162 18.66666667947153
883 2.028443679159327 -0.5435198776843998 16.83333333343783
884 1.818652859545064 -1.049999743648758 16.41666664286293
885 2.028443682700664 -0.543519864356655 16.08333329868097
886 -2.044925073005023 -0.4777855457950144 11.53837574916977
887 -1.88804865029276 -0.9193858594045952 11.96688106181976
888 -1.577879761417065 -1.385746236431484 11.99945372720543
889 -1.651632803208412 -1.296960365074661 12.3790199700208
890 -1.527247490904589 -1.441357831609221 11.62389539397284
891 -1.136862462919074 -1.765656259678224 12.04037260981878
892 -1.345157898770866 -1.61262151202903 12.77652070075988
893 -2.028443696530964 0.5435198256683491 21.45833334364055
894 -1.888547760889623 0.9183597692611829 21.04166665620674
895 -1.586508273010041 1.375859643976752 21.00000000998615
896 -1.680100794389663 1.25986489933035 20.62500000576415
897 -1.484923953970328 1.484923857289656 21.37500001145074
898 -1.17635039660817 1.73959674676859 20.95833334536314
899 -1.410668595878886 1.555638729164605 20.20833334536483
900 -0.6534092237774171 -1.995758951881374 12.46246407915388
901 -0.1374390600284395 -2.095497050229383 12.87708680934801
902 -0.7864210399477036 -1.9471876307241 12.83657373625178
903 0.3990747317275748 -2.061731702879894 13.30032533194904
904 -1.03074470688938 -1.829634822525498 13.14917440339105
905 -0.6860265594170231 1.984783497490594 20.54166669143727
906 -0.1489509245275654 2.094710383771954 20.12500002462169
907 -0.8250774019430003 1.931125287951713 20.16666667947048
908 0.3982754024994637 2.061885985096302 19.7083333476983
909 -0.9599722127982948 1.867739434423627 19.79166667946948
910 -0.1489508083078954 2.094710392012281 19.37500000022454
911 -0.6860264546555072 1.984783533649048 19.04166667947008
912 -0.8250774019289908 1.931125287926496 19.41666667947059
913 -1.176350396553534 1.739596746681136 18.70833334536349
914 -1.410668595864674 1.55563872914091 19.45833334536495
915 -0.1509603556876261 -2.094566381514869 13.67290085760169
916 -0.6968933838205227 -1.980993971506646 13.96828698009808
917 -0.8600019126113314 -1.915827397094267 13.53995738965749
918 -1.206365680984942 -1.718918286772674 14.15987467074685
919 -1.454604063975679 -1.514636772669191 13.39383986116006
920 -2.038262944111009 -0.5054521278440574 11.16411894360711
921 -2.028443762018988 -0.5435197565075647 10.79166668618763
922 -1.83364795140401 -1.023588261626487 11.2068012161156
923 -1.593171130508048 -1.368138478311814 13.82666788756091
924 -1.881890495788392 -0.9319260658100527 13.44065423654435
925 -1.682488586274202 -1.256673898104552 13.43907146052736
926 -1.586508208731108 1.375859718017471 19.12500000382056
927 -1.88854773439844 0.9183598235927601 19.54166666991329
928 -1.680100787638952 1.259864908280956 19.50000001145392
929 -2.028443696546385 0.5435198256659857 21.83333334364066
930 -2.028443669448893 0.5435199268501139 22.20833333600865
931 -1.818652888936241 1.049999692589211 21.79166666736265
932 -1.737995648814927 -0.9991685744890417 13.83040197627191
933 -1.771246801923479 -1.019246371510487 13.83105137182884
934 -1.007461397840295 -1.734787714547745 14.66262591049367
935 -1.733427776645153 1.000746055598999 22.1667003691572
936 -1.000006932467933 1.744248103683259 21.3285104824191
937 -1.764434060182751 1.019834553868518 22.1658969628941
938 1.020288410210708 -1.770524306347124 16.33203543008148
939 -0.0049376429095372 -2.023560343156534 15.49611649462302
940 1.74722199092622 -1.001204168674846 17.17183768010696
941 1.74159332425864 1.013751601118695 18.83897092112993
942 2.029178632387518 0.001759102517988137 18.0013797286644
943 0.005745814823171904 2.025205718801064 20.4954845412346
944 1.012859143671613 1.753971752771197 19.66652850127104
945 -1.417037307422617 -1.411383296448657 14.24681846098116
946 -1.419212690605198 -1.413437117857087 14.24675491080348
947 -1.003761607937247 -1.732242141518548 14.66415304989308
948 -1.73892969039176 -1.000231769713203 13.83076391034343
949 -1.433681394109037 -1.42636927651754 14.24593095481094
950 -1.932994669163133 -0.5133512590534159 13.41313606632503
951 -1.93989728341181 -0.5187067568403909 13.4158342996347
952 -1.458531908764114 -1.453767878271873 14.24739646063021
953 -1.020279790754671 -1.754848565912561 14.66183382255463
954 -1.932417101943084 0.5155209894472369 22.58507716232205
955 -1.734413019342977 1.002393372663946 22.1659582927684
956 -1.939154824276194 0.5199443706874091 22.58306582361022
957 -1.41123102538472 1.417189149285431 21.74664737448383
958 -1.427912239668018 1.433043210957236 21.74714564429539
959 -1.415599696250245 1.412825398413612 21.75156109177896
960 -0.9986143133809657 1.736207716682757 21.33072820548866
961 -1.024930987586837 1.778050605745379 21.33224066365006
962 -1.459274697815593 1.459246914988187 21.75001515113565
963 -1.786370830855295 -1.036385784082657 13.83668644075889
964 -1.975312525308921 -0.5295480630588241 13.41686555871708
965 -2.004829967703131 -0.5374020604489654 13.4168217642181
966 -1.954510328775516 0.5238115855338664 22.58325578512159
967 -1.78783323972167 1.034393211638038 22.16520713424192
968 -2.007913424953796 0.5381279667438658 22.58325262326513
969 -1.732874297629063 0.9995258908675455 22.1673209075308
970 -1.93190007420027 0.5174551611340099 22.58348395419628
971 -1.932372643043031 0.5156876131416467 22.5849399284935
972 -0.000829010804107874 -2.052965700082857 15.49935730435844
973 -0.5316943959542099 -1.981420211651293 15.08275299947829
974 0.53293155389293 -1.991738855299302 15.91610501810807
975 0.5234865948562843 -1.964960436894238 15.91438130802847
976 1.037499642919763 -1.797002120866559 16.3333333486306
977 1.003819642781934 -1.741836239798502 16.33207872326015
978 0.5177797558731875 -1.943404772992512 15.91440869984785
979 -0.5265328599594721 -1.948252614423921 15.07990536459311
980 -0.002969057146303159 -2.008615319318974 15.49764742489353
981 -0.5215744020240766 -1.93515762716885 15.08099348964317
982 1.43552032872362 -1.432658907937759 16.75158779868647
983 1.420536103589547 -1.417924344338243 16.75146443566761
984 1.457421031827613 -1.456978072121022 16.75024189988893
985 1.780354080482182 -1.02540634795911 17.16833146833202
986 1.980095960742317 -0.5280050090871131 17.5852538936584
987 1.444223589936256 1.449741846175559 19.25303475020683
988 1.772473814178462 1.028527266669264 18.83682349152666
989 1.950990087547419 0.5273195354711775 18.42013019252893
990 1.990497739564125 0.5357983807789644 18.41849087703937
991 1.934460293725526 0.5226665273506139 18.41998812584611
992 2.002636830798812 0.003026660922030471 18.00240537824388
993 2.065036635629899 0.003740111956294993 18.00288255957214
994 1.936288249729478 -0.515673240572688 17.58575287020213
995 1.73834846996872 -1.000907343392805 17.16854158479574
996 1.945341888792595 -0.5181520975173537 17.58570116081033
997 0.005969412429734639 2.046653525026259 20.49535798469351
998 0.5301712290234883 1.972818939578319 20.08216238234386
999 -0.5293199386425842 1.983355896565086 20.91507999450968
1000 -0.516044422074852 1.946859006488161 20.91238092708655
1001 -0.5131606212539312 1.937340638137789 20.91210396031795
1002 1.415187214711261 1.418286185576208 19.2517406403752
1003 1.001095371032478 1.733829138478319 19.66661943801177
1004 1.735361520562975 1.00511881500455 18.83553781387816
1005 1.426292577542662 1.428714201386295 19.25134991910348
1006 1.022095449441467 1.768259686891697 19.66586346139622
1007 0.520858575565044 1.934998586953308 20.08150956327868
1008 0.5254184658290484 1.950608106820199 20.08123709181616
1009 0.003376044085591405 2.007954930564856 20.49732407076386
1010 -1.932481980942816 -0.5152778924320665 13.41472258819617
1011 -1.733391024121564 -0.9984971625474319 13.83176476867996
1012 -1.932372705770263 -0.5156875415979497 13.41505997568911
1013 -1.416920941498463 1.411500322382185 19.83649211361022
1014 -1.416920848146722 -1.41150021410549 13.16350786485846
1015 -1.845144347107806 0.7716473559073033 19.90179419393952
1016 -1.841017279047342 0.7814426956412458 20.65005285540551
1017 -1.84514461484024 -0.7716473918211083 13.09820579912792
1018 -1.841017548083957 -0.7814427202469389 12.34994713550539
1019 -2.683485404738882e-07 -1.999999451450821 14.0000000169918
1020 0.9999996426517501 -1.73205021564882 14.83333334864698
1021 1.732050321033657 -0.99999974033772 15.66666662498878
1022 1.732050303508645 0.9999997531784413 17.33333337532467
1023 0.9999998123964328 1.732050436253565 18.16666668199775
1024 1.999999640290944 -2.991676877000439e-08 16.49999999770303
1025 2.713917964540669e-07 1.999999451612072 19.00000001368673
1026 -1.777218324460693 0.9173290417509978 21.41150087009353
1027 -1.204340873958424 1.596734307281672 20.56981634997049
1028 -1.777218505435937 -0.9173289592688201 11.58849912789749
1029 -1.204341024191691 -1.596734454149987 12.43018365738893
1030 -0.2543058300595176 1.983765806252426 19.7351275300592
1031 -0.2543061882681572 -1.983765528695445 13.26487247103185
1032 -1.229298775965438 1.57760006837321 19.11171936743949
1033 -1.229298907704931 -1.577600189046608 13.88828063325297
1034 -1.960571995548358 0.3951652030136915 20.70059304494392
1035 -1.959894699204758 0.3985107880165542 21.07455177042736
1036 -1.960903647183313 0.3935161716538067 20.32589710184178
1037 -1.84514434712614 0.7716473559074231 20.276794193939
1038 -1.960903647170864 0.3935161716556891 19.95089710184302
1039 -1.642319219964975 1.141396424488703 19.85625414649171
1040 -1.640399818226493 1.144153250627124 20.23060478631304
1041 -1.960571859834324 -0.3951651298907322 12.29940694138752
1042 -1.959894574425572 -0.3985106830502483 11.9254482337566
1043 -1.960903519446907 -0.3935160480729872 12.67410290196858
1044 -1.845144614828945 -0.771647391821038 12.72320579912792
1045 -1.960903519462421 -0.3935160480749166 13.04910290196833
1046 -1.642319078806168 -1.141396247689382 13.14374583660558
1047 -1.64039968635595 -1.144153055420081 12.76939520189865
1048 0.5176378423304192 -1.931851279215165 13.66666668281768
1049 0.5176378621305496 -1.931851273932011 14.41666668205009
1050 0.999999642633784 -1.732050215619539 14.08333334864722
1051 -1.255998072858321e-07 -1.999999451478413 14.75000001008095
1052 0.5176379802269963 -1.931851242310414 15.16666667590659
1053 -0.5176380527000688 -1.931850976738522 14.33333335117075
1054 0.9999996426697162 -1.732050215678101 15.58333334864673
1055 1.732050313216739 -0.9999997538226062 14.91666663394768
1056 1.931851101291426 -0.5176379552212853 15.33333329860797
1057 1.414213228113748 -1.414213226850386 14.50000000151046
1058 1.414213234249182 -1.414213220748909 15.24999999083371
1059 1.414213240396225 -1.414213214635825 15.99999999945095
1060 1.414213084484887 1.41421317522893 17.00000001181973
1061 1.414213084500558 1.414213175257024 17.75000001181984
1062 0.9999998123871706 1.732050436235161 17.41666668199765
1063 1.732050284451345 0.9999997862419752 18.08333335303157
1064 1.41421311552884 1.414213144272472 18.49999999968379
1065 1.931851148427017 0.5176379630177511 17.66666667148008
1066 0.9999998124056959 1.732050436271971 18.91666668199786
1067 1.732050302037774 0.9999997556706806 16.58333336241526
1068 1.931851179541753 0.5176378466914712 16.16666668286297
1069 1.931851148401082 0.5176379630124932 16.91666667147934
1070 1.99999964027299 -5.805022024468178e-09 15.7500000013152
1071 1.99999964030899 -5.804332633571719e-09 17.25000000131666
1072 7.903127643633418e-08 1.999999451584821 18.25000001277751
1073 -0.5176378389786989 1.931851280502813 18.66666667953894
1074 0.5176379390902554 1.931851007226876 17.8333333423621
1075 0.5176380167466776 1.931850986453485 18.58333335483804
1076 0.5176380561928601 1.931850975918485 19.33333334783931
1077 1.931851101321252 -0.5176379552210859 16.08333329860868
1078 1.73205032033822 -0.9999997415966841 16.41666664241192
1079 1.931851096620881 -0.517637972874179 16.83333333337745
1080 -1.466642332167849 1.35976414444376 21.37056400883457
1081 -1.527636142162377 1.290862571249249 20.99017997196007
1082 -1.103752466634166 1.667851226023033 20.95214840743341
1083 -1.802386882643756 0.8668327104019713 21.0292766626701
1084 -1.582555768939053 1.222912748820957 20.61012752785177
1085 -1.948850972310297 0.4494194449729329 21.45887643418708
1086 -1.280237559866041 1.536551141327705 20.19257519058915
1087 -1.466642130919878 -1.359764042722397 11.62943599355373
1088 -1.527635918590264 -1.290862412549841 12.00982002415763
1089 -1.103752658146334 -1.667851441021129 12.04785160507255
1090 -1.802387123339071 -0.8668326464361524 11.97072331615403
1091 -1.582555573068314 -1.222912550019086 12.38987246926277
1092 -1.948850917317815 -0.4494193799326959 11.54112356075253
1093 -1.280237641698942 -1.536551202057937 12.80742480842694
1094 -0.1274117621927392 1.995936944385205 20.11756377409364
1095 0.3935161934438657 1.960903428801433 19.70089710602377
1096 -0.6396568977494111 1.894950435604096 20.53423045302094
1097 -0.7590770058096948 1.850351287471413 20.15179419591145
1098 -0.9184318734666403 1.776648603502503 19.79261636248914
1099 -0.1274118443017824 -1.995936806735221 12.88243624666351
1100 0.3935160285916201 -1.960903740385729 13.29910290983677
1101 -0.6396567855671063 -1.894950333118351 12.4657695712818
1102 -0.759077176342484 -1.850351235756063 12.84820580521539
1103 -0.9184320936991335 -1.776648730403054 13.2073836208911
1104 -0.639656774269289 1.894950477235078 19.03423043772441
1105 -1.126306069623349 1.652704413709075 18.74417628292493
1106 -0.1274116475296185 1.995936951680621 19.36756375972164
1107 -0.7688591415242707 1.846308040453135 19.41176126924081
1108 -1.337422818053584 1.487043386554166 19.5134593173093
1109 -0.6396569208391933 -1.894950287521088 13.96576957819341
1110 -1.126306269387345 -1.652704610676091 14.25582372979886
1111 -0.1274119692730239 -1.995936798788387 13.6324362201931
1112 -0.7688592954243254 -1.846308008949196 13.5882387324631
1113 -1.337422822743114 -1.487043381020994 13.48654067026976
1114 -1.942765463309112 -0.4750369717401619 11.16863133379768
1115 -1.755109636680079 -0.958951543922705 11.20993954875972
1116 -1.935971563821418 -0.5020079410058587 10.79242803177048
1117 -1.792238069708648 -0.887626512287085 13.4657695743026
1118 -1.501434167825288 -1.321246665269886 13.88243624962215
1119 -1.585130828455506 -1.219572673244302 13.50997094992755
1120 -1.792237871040535 0.887626544034082 19.53423043224546
1121 -1.501434356169454 1.321246836628962 19.11756376196734
1122 -1.585131022011866 1.219572873157523 19.49002904754846
1123 -1.942765468910692 0.4750370589696305 21.83136866932503
1124 -1.755109558422411 0.9589515642414865 21.79006045973119
1125 -1.935971555775787 0.5020078956969269 22.20757197024531
1126 -1.004533553242748 -1.73212219477372 21.66357436634752
1127 -1.768568630872797 -1.017151969847153 20.83067728757962
1128 -1.735267468663896 -0.9981511389759441 20.83078175087905
1129 1.753470888050081 -1.005609351421428 24.17127449507705
1130 1.023533721804975 -1.768207750534348 23.33512686856528
1131 -0.005741964538386705 -2.015252262643856 22.49546528637577
1132 -1.002703267329548 -1.731316897365331 21.66451247895229
1133 -1.41668046988791 -1.411740936448016 21.24722050247771
1134 -1.417026108112398 -1.411394003521331 21.24683079342415
1135 -1.431464435885748 -1.426250243334753 21.24709602841917
1136 -1.739925278668873 -1.001973061779394 20.8315669060613
1137 -1.020978710434542 -1.760640875553 21.6636380043687
1138 -1.455728713459928 -1.449946466266919 21.24683281679155
1139 -1.943367155664171 -0.5191265312724249 20.41544598377875
1140 -1.937419312102957 -0.5158014626570142 20.41411440048022
1141 -1.733294111645977 -0.9984686685634189 20.831783618383
1142 -1.935448401796321 -0.5166229501045687 20.41514795707522
1143 -1.934139146786145 -0.5163974843382668 20.41524321238348
1144 -1.788099603569362 -1.032738540473547 20.83358622069742
1145 -2.008061284252624 -0.5376864992284832 20.41639158193014
1146 -1.988122379767584 -0.5322058838569612 20.4162857371984
1147 1.966724844325933 -0.5230103987885685 24.58633381786785
1148 1.95031296608989 -0.5201158686565692 24.58521376284079
1149 1.738149816812051 -0.9989594827094028 24.16980300740017
1150 1.939916012860741 -0.5168485612393118 24.58559263538267
1151 1.422648691015041 -1.4186554937908 23.75223678447014
1152 1.782928605494349 -1.027301803245313 24.16805490776111
1153 1.460778110882708 -1.458774500992459 23.75109224378062
1154 1.440691415414154 -1.43563345732773 23.75279871057349
1155 1.037499450064215 -1.797001794528933 23.33333335209078
1156 1.007246651525126 -1.740196873890813 23.33507694979723
1157 -0.5250946118883195 -1.94447529848778 22.08022377004688
1158 -0.5317928636356316 -1.982595800989192 22.08291550089393
1159 -0.5202351986431025 -1.933302264260184 22.08163758266394
1160 -0.003292063645563807 -2.002595124615471 22.49738365799363
1161 0.5115339082150292 -1.933476105056171 22.91164004944968
1162 -0.003584228762894197 -2.054939503095587 22.49722402180423
1163 0.5229554331621946 -1.959006678195577 22.91518150257384
1164 0.5329851611987698 -1.993706289279038 22.91575277388859
1165 2.0499989115525 -3.715566977901336e-09 25.75000001472809
1166 2.049998911607 -3.715395005884999e-09 26.50000001472927
1167 2.0499989116615 -3.715223033868662e-09 27.25000001472873
1168 2.02499891157975 -3.715514664350055e-09 26.12500001473055
1169 2.0249989115525 -3.715600650358224e-09 25.75000001473013
1170 2.04999891152525 -3.715652963909505e-09 25.37500001472727
1171 2.02499891152525 -3.715686636366392e-09 25.37500001472944
1172 2.07499891152525 -3.715619291452617e-09 25.37500001472556
1173 2.024998911607 -3.715428678341887e-09 26.5000000147311
1174 2.04999891157975 -3.715480991893168e-09 26.12500001472876
1175 2.07499891157975 -3.71544731943628e-09 26.12500001472735
1176 2.0749989115525 -3.715533305444448e-09 25.75000001472676
1177 2.074998911607 -3.715361333428111e-09 26.50000001472757
1178 2.07499891163425 -3.715275347419943e-09 26.87500001472743
1179 2.0749989116615 -3.715189361411775e-09 27.25000001472742
1180 2.04999891168875 -3.715137047860494e-09 27.62500001472779
1181 2.07499891168875 -3.715103375403606e-09 27.62500001472661
1182 2.02499891168875 -3.715170720317382e-09 27.62500001473001
1183 2.02499891163425 -3.715342692333718e-09 26.87500001473136
1184 2.0249989116615 -3.71525670632555e-09 27.2500000147311
1185 2.04999891163425 -3.715309019876831e-09 26.87500001472912
1186 1.517455276869231 -1.451663185020309 24.83333335208764
1187 -1.517455356672298 -1.451662831385591 23.16666668991536
1188 1.948929134631768 -0.7820938574125709 25.66666668339614
1189 1.948929134574436 -0.7820938574131282 24.91666668339563
1190 -1.948929478632637 -0.7820937116770545 22.33333334982143
1191 -1.948929478674986 -0.7820937116782032 23.08333334982218
1192 1.818652643561932 -1.049999359982953 26.4166666833868
1193 1.296775282400009 -1.651777715702091 25.58333335208351
1194 -1.818652437529579 -1.049999699448319 21.58333334980953
1195 -1.29677551490218 -1.651777747292595 22.41666668991172
1196 0.2971513389756138 -2.078869324077099 24.75000002097465
1197 -0.2971517679047921 -2.078869015510102 23.25000002096785
1198 -8.966944178589577e-08 -2.099999072646444 24.00000000906499
1199 1.296775282346811 -1.651777715615117 24.08333335208387
1200 -1.296775514942711 -1.651777747367851 23.91666668991135
1201 2.061885826784761 -0.3982753706786679 25.33333334905843
1202 2.061885826762921 -0.3982753706804264 24.95833334905816
1203 2.061885826806689 -0.3982753706764507 25.70833334905869
1204 1.948929141688183 -0.7820938397572716 25.29166668911237
1205 2.061885826828528 -0.3982753706746911 26.08333334905893
1206 1.765229794305964 -1.137523690502543 25.2500000177397
1207 1.765229794279575 -1.137523690503962 24.87500001773947
1208 -2.061885697437541 -0.3982751568041621 22.66666667978038
1209 -2.061885697462986 -0.3982751568059673 23.04166667978102
1210 -2.061885697412106 -0.3982751568023091 22.29166667978002
1211 -1.948929478653812 -0.7820937116776288 22.70833334982181
1212 -2.061885697386685 -0.3982751568003823 21.91666667977989
1213 -1.765229829672603 -1.137523374056267 22.75000001986586
1214 -1.765229829699923 -1.137523374059884 23.12500001986624
1215 2.028443330622321 -0.5435197259714444 26.45833334905187
1216 1.888547400403225 -0.9183596442891434 26.0416666618753
1217 1.58650795719564 -1.37585942974157 26.00000001625895
1218 1.680100436107229 -1.259864745565711 25.62500001199466
1219 1.48492368699977 -1.484923588285903 26.37500001773041
1220 1.176350146244155 -1.73959645855642 25.95833335208249
1221 1.410668238406427 -1.555638541653376 25.20833335208525
1222 -2.028443365171968 -0.5435197683002468 21.54166667977219
1223 -1.888547595224357 -0.9183596544259065 21.95833333915342
1224 -1.586507677734251 -1.375859351409064 22.00000001091009
1225 -1.680100333040683 -1.259864439386685 22.37500001986152
1226 -1.484923494413606 -1.484923585701949 21.62500001985524
1227 -1.176350383928299 -1.73959663390601 22.04166668991081
1228 -1.410668401736844 -1.555638377555571 22.79166668991321
1229 0.686026392577357 -1.984783154191577 25.54166669849397
1230 0.1489508526442681 -2.094710008963593 25.1250000320188
1231 0.8250771684449415 -1.931124975599566 25.16666668652453
1232 -0.3982753745103726 -2.061885604698698 24.70833335543403
1233 0.9599719164225806 -1.867739160634494 24.79166668652322
1234 -0.6860263570543372 -1.984783042464551 22.4583333503601
1235 -0.148950991566516 -2.094709853701934 22.87500002508056
1236 -0.8250774506052003 -1.931124912816971 22.8333333554355
1237 0.3982751634269109 -2.061885922921763 23.29166668651932
1238 -0.9599722750970689 -1.867739212454656 23.20833335543529
1239 -0.5435198104789274 -2.028443206665471 24.33333336246409
1240 0.1489507863986164 -2.094710013631398 24.37500000787529
1241 0.686026327631329 -1.98478317654774 24.04166667004542
1242 0.8250771684211643 -1.9311249755578 24.41666668652471
1243 0.543519696607444 -2.028443483294537 23.66666669355184
1244 1.176350146160656 -1.739596458419553 23.70833335208302
1245 1.410668238382382 -1.555638541612923 24.45833335208543
1246 -0.1489510588083424 -2.094709848970446 23.62500001357534
1247 -0.686026439168091 -1.984783014186698 23.95833334926906
1248 -0.8250774424666494 -1.931124916343082 23.58333335881639
1249 -1.176350383984275 -1.739596634010685 24.29166668991024
1250 -1.410668401760413 -1.555638377597134 23.54166668991304
1251 -1.818652496291542 -1.04999959762327 21.20833336113306
1252 -2.028443335610118 -0.5435198785393511 21.16666671115756
1253 -2.028443360489819 -0.5435197855991796 20.79166672756735
1254 -1.586507737160676 -1.375859283085999 23.87500002734666
1255 -1.888547605815197 -0.918359632837854 23.45833336113894
1256 -1.680100323509796 -1.259864452229079 23.50000004250842
1257 1.586507891974699 -1.375859504795989 24.12500001013577
1258 1.888547373597834 -0.918359699180189 24.54166667579332
1259 1.680100429368808 -1.259864754452436 24.50000001773597
1260 1.818652561332331 -1.049999502455191 26.79166667323843
1261 2.028443330647551 -0.5435197259690949 26.83333334905211
1262 2.028443303188002 -0.5435198285410485 27.20833334145426
1263 -1.737995323537524 -0.9991683805424363 23.83040197783248
1264 -1.771246477297487 -1.01924617886258 23.83105137420014
1265 -1.014210155791727 -1.746925468603532 24.66283040440257
1266 1.744756065086414 -1.000601780472815 27.17128111963424
1267 1.018151745231719 -1.767654371847616 26.33170904776583
1268 -0.005015198589429867 -2.023151709610485 25.49605471195335
1269 -1.417037041855656 -1.41138302633257 24.24681846416865
1270 -1.419153043586896 -1.413612825799708 24.24688728042851
1271 -1.003761425408864 -1.732241811221175 24.66415305016324
1272 -1.738924717542882 -1.000274034452309 23.83079494957096
1273 -1.426521614786322 -1.418603459929047 24.24557060297233
1274 -1.932994302881355 -0.5133511568055256 23.41313606901475
1275 -1.939897198278312 -0.5187087936462933 23.41583588312491
1276 -1.45795243394202 -1.453136940693047 24.24736724879039
1277 -1.019193952511486 -1.753814351347587 24.66216249207035
1278 -1.786370508543742 -1.036385591705479 23.83668644347331
1279 -1.975311820768813 -0.5295479775390429 23.41686564289063
1280 -2.004829613989301 -0.537401961457927 23.41682176758602
1281 1.932887581485644 -0.5137526957351393 27.58653328798449
1282 1.734512788326863 -0.9975785050352554 27.16931384498934
1283 1.945893158242518 -0.5190619807624538 27.58511846702735
1284 1.419302294575105 -1.409105247766425 26.75573787597954
1285 1.982647278008428 -0.5287469557257083 27.58520771694091
1286 1.002224437565152 -1.735511257433805 26.3334891723451
1287 1.434260864421953 -1.431111962005995 26.75174903964258
1288 1.460015268982369 -1.458967019077452 26.75057155572658
1289 1.785878719967983 -1.026677674803539 27.1696106488118
1290 1.037499450174708 -1.797001794711308 26.3333333520901
1291 -0.001042285639970916 -2.05216328653441 25.49919166042442
1292 -0.5315005300521575 -1.980897275271917 25.08279313415012
1293 0.5329314622866101 -1.991738492096605 25.91610502801638
1294 0.522823518653266 -1.962623170311689 25.91435072074876
1295 0.5183402314943631 -1.944190351508057 25.91467711744042
1296 -0.5221421493777523 -1.933603832373169 25.08023656949977
1297 -0.5273512814833514 -1.950501128933269 25.07974512259018
1298 -0.002956098455465771 -2.009250570276993 25.49765844546895
1299 -1.932481614751047 -0.5152777898713425 23.41472259092745
1300 -1.733390697595657 -0.998496970580799 23.83176477235158
1301 -1.932372339135227 -0.5156874407036253 23.41505997985649
1302 1.410339489314813 -1.418075844717217 24.83333335211859
1303 -1.416920437496077 -1.411500089591899 23.16350784534558
1304 -1.845144223997154 -0.771647342780723 23.0982057944934
1305 -1.841017159171009 -0.781442665243826 22.3499471312587
1306 1.846709626927944 -0.7678927920927208 24.91666668341446
1307 1.846709626985227 -0.7678927920929919 25.66666668341495
1308 -1.776970615926193 -0.9178082303339493 21.58859447608892
1309 -1.204340714432361 -1.596734213360526 22.43018365212228
1310 1.732050103115891 -0.9999993600774297 26.41666668340715
1311 1.215351099141921 -1.588369480718121 25.58333335211531
1312 0.2583400243767109 -1.983244097473493 24.7500000210797
1313 -0.2543060335217173 -1.983765166752449 23.26487246565621
1314 -2.701544505878092e-07 -1.999999072646325 24.00000002108355
1315 1.215351099088248 -1.58836948063018 24.08333335211561
1316 -1.22929859363859 -1.577599953627416 23.88828062652102
1317 -1.960571477170704 -0.3951651049312219 22.29940694187056
1318 -1.959894192226502 -0.3985106552246616 21.92544823367492
1319 -1.960903136816491 -0.3935160232623474 22.67410290211784
1320 -1.845144223975617 -0.7716473427805891 22.72320579449291
1321 -1.960903136841725 -0.3935160232642623 23.04910290211859
1322 -1.642318690399008 -1.141396142740468 23.14374581390563
1323 -1.640399296708684 -1.144152951835908 22.76939518688543
1324 1.961302447326246 -0.3915217606996559 25.70833334907152
1325 1.961302447348368 -0.3915217606978143 26.08333334907177
1326 1.961302447304113 -0.3915217607015533 25.33333334907128
1327 1.846709630678593 -0.7678927831417794 25.29166668590513
1328 1.961302447281991 -0.3915217607033949 24.95833334907103
1329 1.66065560963707 -1.114549048267449 24.87500001776437
1330 1.660655609663128 -1.114549048266112 25.25000001776461
1331 -1.466591813279632 -1.359817756184524 21.62944830050287
1332 -1.527635583327965 -1.290862222349616 22.00982002465679
1333 -1.103748263717943 -1.667853895007108 22.04785205647652
1334 -1.802386756961564 -0.866832533217454 21.97072330938126
1335 -1.582555207783659 -1.222912403165621 22.38987246457602
1336 -1.948785356477274 -0.4497018915727485 21.5413743558748
1337 -1.28023729492501 -1.536550997954195 22.80742479241869
1338 1.41421300876529 -1.414212910299082 26.37500001775683
1339 1.50277700263192 -1.319718945844648 26.00000001775917
1340 1.11000247696198 -1.663697752038187 25.9583333521145
1341 1.793139289120129 -0.8858032730499801 26.04166666154826
1342 1.585039474256617 -1.21969123123487 25.6250000108515
1343 1.931850747989371 -0.517637821514648 26.45833334906573
1344 1.315603568166545 -1.506380921912037 25.20833335211668
1345 0.1294414343268351 -1.995805963927294 25.12500002308695
1346 -0.3915217792764442 -1.961302228702833 24.70833335557499
1347 0.6415834966358119 -1.894298602879864 25.54166669552635
1348 0.7628387068035383 -1.848803226028446 25.16666668659325
1349 0.8808953221064731 -1.795555448401004 24.791666686592
1350 -0.1274117705945516 -1.995936432021915 22.88243624774406
1351 0.3935160046481816 -1.960903358887943 23.29910290888003
1352 -0.6396566157605988 -1.8949499907872 22.46576957272993
1353 -0.7590769326915701 -1.850350926460161 22.8482058001586
1354 -0.9184317819517029 -1.776648465324169 23.20738360687881
1355 0.5176377416618623 -1.931850914189214 23.66666668659556
1356 0.6415833865547091 -1.894298640072606 24.04166668659351
1357 1.110002476878575 -1.663697751901153 23.70833335211496
1358 0.1294413192812899 -1.995805971345709 24.3750000086978
1359 0.7628387067799991 -1.848803225987452 24.41666668659339
1360 -0.5176379565672725 -1.931850610487896 24.33333335557965
1361 1.315603568141876 -1.506380921870734 24.45833335211684
1362 -0.6396567491527791 -1.89494994586428 23.96576957786924
1363 -1.126306016587752 -1.652704324693133 24.25582372780612
1364 -0.1274118932220319 -1.995936424243489 23.63243621989468
1365 -0.7688590516731448 -1.846307700329347 23.58823872634725
1366 -1.337422457232928 -1.487043200310054 23.48654065592938
1367 -1.935993683272277 -0.501921114773163 20.79238361789419
1368 -1.942988398428749 -0.474122693930616 21.16882043877813
1369 -1.752150433028827 -0.9643470464505602 21.21055362262795
1370 -1.792237706788012 -0.8876263907526889 23.4657695743504
1371 -1.501433848533446 -1.321246454719447 23.88243624950392
1372 -1.585130464230019 -1.219572525428932 23.5099709433506
1373 1.793139265908403 -0.8858033198093231 24.54166667574751
1374 1.502776936363933 -1.319719021153082 24.12500001143612
1375 1.585039466881271 -1.219691240722256 24.50000001776144
1376 1.931850748014653 -0.5176378215123094 26.833333349066
1377 1.73205002194483 -0.9999995007162816 26.79166667406822
1378 1.931850720643014 -0.5176379237563546 27.20833334140273
$EndNodes
$Elements
2752
1 2 2 1 1 33 34 345
2 2 2 1 1 34 344 345
3 2 2 1 1 34 35 344
4 2 2 1 1 345 344 341
5 2 2 1 1 35 346 344
6 2 2 1 1 346 347 344
7 2 2 1 1 346 18 347
8 2 2 1 1 344 347 341
9 2 2 1 1 35 36 346
10 2 2 1 1 36 17 346
11 2 2 1 1 36 1 17
12 2 2 1 1 346 17 18
13 2 2 1 1 341 347 348
14 2 2 1 1 347 19 348
15 2 2 1 1 347 18 19
16 2 2 1 1 348 19 2
17 2 2 1 1 33 345 350
18 2 2 1 1 345 349 350
19 2 2 1 1 345 341 349
20 2 2 1 1 350 349 342
21 2 2 1 1 341 351 349
22 2 2 1 1 351 352 349
23 2 2 1 1 351 21 352
24 2 2 1 1 349 352 342
25 2 2 1 1 341 348 351
26 2 2 1 1 348 20 351
27 2 2 1 1 348 2 20
28 2 2 1 1 351 20 21
29 2 2 1 1 342 352 353
30 2 2 1 1 352 22 353
31 2 2 1 1 352 21 22
32 2 2 1 1 353 22 23
33 2 2 1 1 4 354 29
34 2 2 1 1 354 355 29
35 2 2 1 1 354 343 355
36 2 2 1 1 29 355 28
37 2 2 1 1 343 356 355
38 2 2 1 1 356 357 355
39 2 2 1 1 356 25 357
40 2 2 1 1 355 357 28
41 2 2 1 1 343 358 356
42 2 2 1 1 358 24 356
43 2 2 1 1 358 23 24
44 2 2 1 1 356 24 25
45 2 2 1 1 28 357 27
46 2 2 1 1 357 26 27
47 2 2 1 1 357 25 26
48 2 2 1 1 27 26 3
49 2 2 1 1 33 350 32
50 2 2 1 1 350 359 32
51 2 2 1 1 350 342 359
52 2 2 1 1 32 359 31
53 2 2 1 1 342 360 359
54 2 2 1 1 360 361 359
55 2 2 1 1 360 343 361
56 2 2 1 1 359 361 31
57 2 2 1 1 342 353 360
58 2 2 1 1 353 358 360
59 2 2 1 1 353 23 358
60 2 2 1 1 360 358 343
61 2 2 1 1 31 361 30
62 2 2 1 1 361 354 30
63 2 2 1 1 361 343 354
64 2 2 1 1 30 354 4
65 2 2 1 2 86 376 374
66 2 2 1 2 374 376 375
67 2 2 1 2 374 375 362
68 2 2 1 2 376 364 375
69 2 2 1 2 362 375 377
70 2 2 1 2 377 375 378
71 2 2 1 2 377 378 363
72 2 2 1 2 375 364 378
73 2 2 1 2 362 377 379
74 2 2 1 2 379 377 380
75 2 2 1 2 379 380 79
76 2 2 1 2 377 363 380
77 2 2 1 2 364 382 378
78 2 2 1 2 378 382 381
79 2 2 1 2 378 381 363
80 2 2 1 2 382 56 381
81 2 2 1 2 2 60 19
82 2 2 1 2 19 60 383
83 2 2 1 2 19 383 18
84 2 2 1 2 60 61 383
85 2 2 1 2 18 383 384
86 2 2 1 2 384 383 385
87 2 2 1 2 384 385 365
88 2 2 1 2 383 61 385
89 2 2 1 2 18 384 17
90 2 2 1 2 17 384 386
91 2 2 1 2 17 386 1
92 2 2 1 2 384 365 386
93 2 2 1 2 61 62 385
94 2 2 1 2 385 62 387
95 2 2 1 2 385 387 365
96 2 2 1 2 62 63 387
97 2 2 1 2 63 389 387
98 2 2 1 2 387 389 388
99 2 2 1 2 387 388 365
100 2 2 1 2 389 366 388
101 2 2 1 2 365 388 390
102 2 2 1 2 390 388 391
103 2 2 1 2 390 391 38
104 2 2 1 2 388 366 391
105 2 2 1 2 365 390 386
106 2 2 1 2 386 390 37
107 2 2 1 2 386 37 1
108 2 2 1 2 390 38 37
109 2 2 1 2 366 392 391
110 2 2 1 2 391 392 39
111 2 2 1 2 391 39 38
112 2 2 1 2 392 40 39
113 2 2 1 2 5 59 83
114 2 2 1 2 83 59 393
115 2 2 1 2 83 393 84
116 2 2 1 2 59 58 393
117 2 2 1 2 84 393 394
118 2 2 1 2 394 393 395
119 2 2 1 2 394 395 364
120 2 2 1 2 393 58 395
121 2 2 1 2 84 394 85
122 2 2 1 2 85 394 376
123 2 2 1 2 85 376 86
124 2 2 1 2 394 364 376
125 2 2 1 2 58 57 395
126 2 2 1 2 395 57 382
127 2 2 1 2 395 382 364
128 2 2 1 2 57 56 382
129 2 2 1 2 86 374 87
130 2 2 1 2 87 374 396
131 2 2 1 2 87 396 88
132 2 2 1 2 374 362 396
133 2 2 1 2 88 396 397
134 2 2 1 2 397 396 398
135 2 2 1 2 397 398 81
136 2 2 1 2 396 362 398
137 2 2 1 2 88 397 89
138 2 2 1 2 89 397 82
139 2 2 1 2 89 82 6
140 2 2 1 2 397 81 82
141 2 2 1 2 362 379 398
142 2 2 1 2 398 379 80
143 2 2 1 2 398 80 81
144 2 2 1 2 379 79 80
145 2 2 1 2 63 400 389
146 2 2 1 2 389 400 399
147 2 2 1 2 389 399 366
148 2 2 1 2 400 367 399
149 2 2 1 2 366 399 401
150 2 2 1 2 401 399 402
151 2 2 1 2 401 402 42
152 2 2 1 2 399 367 402
153 2 2 1 2 366 401 392
154 2 2 1 2 392 401 41
155 2 2 1 2 392 41 40
156 2 2 1 2 401 42 41
157 2 2 1 2 367 403 402
158 2 2 1 2 402 403 43
159 2 2 1 2 402 43 42
160 2 2 1 2 403 44 43
161 2 2 1 2 71 406 404
162 2 2 1 2 404 406 405
163 2 2 1 2 404 405 368
164 2 2 1 2 406 369 405
165 2 2 1 2 368 405 407
166 2 2 1 2 407 405 408
167 2 2 1 2 407 408 46
168 2 2 1 2 405 369 408
169 2 2 1 2 368 407 409
170 2 2 1 2 409 407 45
171 2 2 1 2 409 45 44
172 2 2 1 2 407 46 45
173 2 2 1 2 369 410 408
174 2 2 1 2 408 410 47
175 2 2 1 2 408 47 46
176 2 2 1 2 410 48 47
177 2 2 1 2 63 64 400
178 2 2 1 2 400 64 411
179 2 2 1 2 400 411 367
180 2 2 1 2 64 65 411
181 2 2 1 2 367 411 412
182 2 2 1 2 412 411 413
183 2 2 1 2 412 413 370
184 2 2 1 2 411 65 413
185 2 2 1 2 367 412 403
186 2 2 1 2 403 412 414
187 2 2 1 2 403 414 44
188 2 2 1 2 412 370 414
189 2 2 1 2 65 66 413
190 2 2 1 2 413 66 415
191 2 2 1 2 413 415 370
192 2 2 1 2 66 67 415
193 2 2 1 2 71 404 70
194 2 2 1 2 70 404 416
195 2 2 1 2 70 416 69
196 2 2 1 2 404 368 416
197 2 2 1 2 69 416 417
198 2 2 1 2 417 416 418
199 2 2 1 2 417 418 370
200 2 2 1 2 416 368 418
201 2 2 1 2 69 417 68
202 2 2 1 2 68 417 415
203 2 2 1 2 68 415 67
204 2 2 1 2 417 370 415
205 2 2 1 2 368 409 418
206 2 2 1 2 418 409 414
207 2 2 1 2 418 414 370
208 2 2 1 2 409 44 414
209 2 2 1 2 52 51 419
210 2 2 1 2 419 51 420
211 2 2 1 2 419 420 371
212 2 2 1 2 51 50 420
213 2 2 1 2 371 420 421
214 2 2 1 2 421 420 422
215 2 2 1 2 421 422 372
216 2 2 1 2 420 50 422
217 2 2 1 2 371 421 423
218 2 2 1 2 423 421 424
219 2 2 1 2 423 424 75
220 2 2 1 2 421 372 424
221 2 2 1 2 50 49 422
222 2 2 1 2 422 49 425
223 2 2 1 2 422 425 372
224 2 2 1 2 49 48 425
225 2 2 1 2 75 424 74
226 2 2 1 2 74 424 426
227 2 2 1 2 74 426 73
228 2 2 1 2 424 372 426
229 2 2 1 2 73 426 427
230 2 2 1 2 427 426 428
231 2 2 1 2 427 428 369
232 2 2 1 2 426 372 428
233 2 2 1 2 73 427 72
234 2 2 1 2 72 427 406
235 2 2 1 2 72 406 71
236 2 2 1 2 427 369 406
237 2 2 1 2 372 425 428
238 2 2 1 2 428 425 410
239 2 2 1 2 428 410 369
240 2 2 1 2 425 48 410
241 2 2 1 2 75 430 423
242 2 2 1 2 423 430 429
243 2 2 1 2 423 429 371
244 2 2 1 2 430 373 429
245 2 2 1 2 371 429 431
246 2 2 1 2 431 429 432
247 2 2 1 2 431 432 54
248 2 2 1 2 429 373 432
249 2 2 1 2 371 431 419
250 2 2 1 2 419 431 53
251 2 2 1 2 419 53 52
252 2 2 1 2 431 54 53
253 2 2 1 2 373 433 432
254 2 2 1 2 432 433 55
255 2 2 1 2 432 55 54
256 2 2 1 2 433 56 55
257 2 2 1 2 75 76 430
258 2 2 1 2 430 76 434
259 2 2 1 2 430 434 373
260 2 2 1 2 76 77 434
261 2 2 1 2 373 434 435
262 2 2 1 2 435 434 436
263 2 2 1 2 435 436 363
264 2 2 1 2 434 77 436
265 2 2 1 2 373 435 433
266 2 2 1 2 433 435 381
267 2 2 1 2 433 381 56
268 2 2 1 2 435 363 381
269 2 2 1 2 77 78 436
270 2 2 1 2 436 78 380
271 2 2 1 2 436 380 363
272 2 2 1 2 78 79 380
273 2 2 1 3 3 459 26
274 2 2 1 3 26 459 458
275 2 2 1 3 26 458 25
276 2 2 1 3 459 440 458
277 2 2 1 3 25 458 460
278 2 2 1 3 460 458 461
279 2 2 1 3 460 461 439
280 2 2 1 3 458 440 461
281 2 2 1 3 25 460 24
282 2 2 1 3 24 460 462
283 2 2 1 3 24 462 23
284 2 2 1 3 460 439 462
285 2 2 1 3 440 464 461
286 2 2 1 3 461 464 463
287 2 2 1 3 461 463 439
288 2 2 1 3 464 438 463
289 2 2 1 3 6 466 113
290 2 2 1 3 113 466 465
291 2 2 1 3 113 465 114
292 2 2 1 3 466 442 465
293 2 2 1 3 114 465 467
294 2 2 1 3 467 465 468
295 2 2 1 3 467 468 441
296 2 2 1 3 465 442 468
297 2 2 1 3 114 467 115
298 2 2 1 3 115 467 469
299 2 2 1 3 115 469 116
300 2 2 1 3 467 441 469
301 2 2 1 3 442 471 468
302 2 2 1 3 468 471 470
303 2 2 1 3 468 470 441
304 2 2 1 3 471 437 470
305 2 2 1 3 97 474 472
306 2 2 1 3 472 474 473
307 2 2 1 3 472 473 443
308 2 2 1 3 474 444 473
309 2 2 1 3 443 473 475
310 2 2 1 3 475 473 476
311 2 2 1 3 475 476 69
312 2 2 1 3 473 444 476
313 2 2 1 3 443 475 477
314 2 2 1 3 477 475 68
315 2 2 1 3 477 68 67
316 2 2 1 3 475 69 68
317 2 2 1 3 444 478 476
318 2 2 1 3 476 478 70
319 2 2 1 3 476 70 69
320 2 2 1 3 478 71 70
321 2 2 1 3 97 472 96
322 2 2 1 3 96 472 479
323 2 2 1 3 96 479 95
324 2 2 1 3 472 443 479
325 2 2 1 3 95 479 480
326 2 2 1 3 480 479 481
327 2 2 1 3 480 481 445
328 2 2 1 3 479 443 481
329 2 2 1 3 95 480 94
330 2 2 1 3 94 480 482
331 2 2 1 3 94 482 93
332 2 2 1 3 480 445 482
333 2 2 1 3 443 477 481
334 2 2 1 3 481 477 483
335 2 2 1 3 481 483 445
336 2 2 1 3 477 67 483
337 2 2 1 3 101 102 484
338 2 2 1 3 484 102 485
339 2 2 1 3 484 485 446
340 2 2 1 3 102 103 485
341 2 2 1 3 446 485 486
342 2 2 1 3 486 485 487
343 2 2 1 3 486 487 447
344 2 2 1 3 485 103 487
345 2 2 1 3 446 486 488
346 2 2 1 3 488 486 489
347 2 2 1 3 488 489 75
348 2 2 1 3 486 447 489
349 2 2 1 3 103 104 487
350 2 2 1 3 487 104 490
351 2 2 1 3 487 490 447
352 2 2 1 3 104 105 490
353 2 2 1 3 101 484 491
354 2 2 1 3 491 484 492
355 2 2 1 3 491 492 448
356 2 2 1 3 484 446 492
357 2 2 1 3 448 492 493
358 2 2 1 3 493 492 494
359 2 2 1 3 493 494 73
360 2 2 1 3 492 446 494
361 2 2 1 3 448 493 495
362 2 2 1 3 495 493 72
363 2 2 1 3 495 72 71
364 2 2 1 3 493 73 72
365 2 2 1 3 446 488 494
366 2 2 1 3 494 488 74
367 2 2 1 3 494 74 73
368 2 2 1 3 488 75 74
369 2 2 1 3 105 497 490
370 2 2 1 3 490 497 496
371 2 2 1 3 490 496 447
372 2 2 1 3 497 449 496
373 2 2 1 3 447 496 498
374 2 2 1 3 498 496 499
375 2 2 1 3 498 499 77
376 2 2 1 3 496 449 499
377 2 2 1 3 447 498 489
378 2 2 1 3 489 498 76
379 2 2 1 3 489 76 75
380 2 2 1 3 498 77 76
381 2 2 1 3 449 500 499
382 2 2 1 3 499 500 78
383 2 2 1 3 499 78 77
384 2 2 1 3 500 79 78
385 2 2 1 3 97 98 474
386 2 2 1 3 474 98 501
387 2 2 1 3 474 501 444
388 2 2 1 3 98 99 501
389 2 2 1 3 444 501 502
390 2 2 1 3 502 501 503
391 2 2 1 3 502 503 448
392 2 2 1 3 501 99 503
393 2 2 1 3 444 502 478
394 2 2 1 3 478 502 495
395 2 2 1 3 478 495 71
396 2 2 1 3 502 448 495
397 2 2 1 3 99 100 503
398 2 2 1 3 503 100 491
399 2 2 1 3 503 491 448
400 2 2 1 3 100 101 491
401 2 2 1 3 23 462 504
402 2 2 1 3 504 462 505
403 2 2 1 3 504 505 450
404 2 2 1 3 462 439 505
405 2 2 1 3 450 505 506
406 2 2 1 3 506 505 507
407 2 2 1 3 506 507 451
408 2 2 1 3 505 439 507
409 2 2 1 3 450 506 508
410 2 2 1 3 508 506 509
411 2 2 1 3 508 509 63
412 2 2 1 3 506 451 509
413 2 2 1 3 439 463 507
414 2 2 1 3 507 463 510
415 2 2 1 3 507 510 451
416 2 2 1 3 463 438 510
417 2 2 1 3 116 469 511
418 2 2 1 3 511 469 512
419 2 2 1 3 511 512 452
420 2 2 1 3 469 441 512
421 2 2 1 3 452 512 513
422 2 2 1 3 513 512 514
423 2 2 1 3 513 514 453
424 2 2 1 3 512 441 514
425 2 2 1 3 452 513 515
426 2 2 1 3 515 513 516
427 2 2 1 3 515 516 109
428 2 2 1 3 513 453 516
429 2 2 1 3 441 470 514
430 2 2 1 3 514 470 517
431 2 2 1 3 514 517 453
432 2 2 1 3 470 437 517
433 2 2 1 3 63 509 64
434 2 2 1 3 64 509 518
435 2 2 1 3 64 518 65
436 2 2 1 3 509 451 518
437 2 2 1 3 65 518 519
438 2 2 1 3 519 518 520
439 2 2 1 3 519 520 454
440 2 2 1 3 518 451 520
441 2 2 1 3 65 519 66
442 2 2 1 3 66 519 521
443 2 2 1 3 66 521 67
444 2 2 1 3 519 454 521
445 2 2 1 3 451 510 520
446 2 2 1 3 520 510 522
447 2 2 1 3 520 522 454
448 2 2 1 3 510 438 522
449 2 2 1 3 109 516 108
450 2 2 1 3 108 516 523
451 2 2 1 3 108 523 107
452 2 2 1 3 516 453 523
453 2 2 1 3 107 523 524
454 2 2 1 3 524 523 525
455 2 2 1 3 524 525 455
456 2 2 1 3 523 453 525
457 2 2 1 3 107 524 106
458 2 2 1 3 106 524 526
459 2 2 1 3 106 526 105
460 2 2 1 3 524 455 526
461 2 2 1 3 453 517 525
462 2 2 1 3 525 517 527
463 2 2 1 3 525 527 455
464 2 2 1 3 517 437 527
465 2 2 1 3 105 526 497
466 2 2 1 3 497 526 528
467 2 2 1 3 497 528 449
468 2 2 1 3 526 455 528
469 2 2 1 3 449 528 529
470 2 2 1 3 529 528 530
471 2 2 1 3 529 530 456
472 2 2 1 3 528 455 530
473 2 2 1 3 449 529 500
474 2 2 1 3 500 529 531
475 2 2 1 3 500 531 79
476 2 2 1 3 529 456 531
477 2 2 1 3 455 527 530
478 2 2 1 3 530 527 532
479 2 2 1 3 530 532 456
480 2 2 1 3 527 437 532
481 2 2 1 3 67 521 483
482 2 2 1 3 483 521 533
483 2 2 1 3 483 533 445
484 2 2 1 3 521 454 533
485 2 2 1 3 445 533 534
486 2 2 1 3 534 533 535
487 2 2 1 3 534 535 457
488 2 2 1 3 533 454 535
489 2 2 1 3 445 534 482
490 2 2 1 3 482 534 536
491 2 2 1 3 482 536 93
492 2 2 1 3 534 457 536
493 2 2 1 3 454 522 535
494 2 2 1 3 535 522 537
495 2 2 1 3 535 537 457
496 2 2 1 3 522 438 537
497 2 2 1 3 2 20 60
498 2 2 1 3 60 20 538
499 2 2 1 3 60 538 61
500 2 2 1 3 20 21 538
501 2 2 1 3 61 538 539
502 2 2 1 3 539 538 540
503 2 2 1 3 539 540 450
504 2 2 1 3 538 21 540
505 2 2 1 3 61 539 62
506 2 2 1 3 62 539 508
507 2 2 1 3 62 508 63
508 2 2 1 3 539 450 508
509 2 2 1 3 21 22 540
510 2 2 1 3 540 22 504
511 2 2 1 3 540 504 450
512 2 2 1 3 22 23 504
513 2 2 1 3 93 536 92
514 2 2 1 3 92 536 541
515 2 2 1 3 92 541 91
516 2 2 1 3 536 457 541
517 2 2 1 3 91 541 542
518 2 2 1 3 542 541 543
519 2 2 1 3 542 543 440
520 2 2 1 3 541 457 543
521 2 2 1 3 91 542 90
522 2 2 1 3 90 542 459
523 2 2 1 3 90 459 3
524 2 2 1 3 542 440 459
525 2 2 1 3 457 537 543
526 2 2 1 3 543 537 464
527 2 2 1 3 543 464 440
528 2 2 1 3 537 438 464
529 2 2 1 3 79 531 80
530 2 2 1 3 80 531 544
531 2 2 1 3 80 544 81
532 2 2 1 3 531 456 544
533 2 2 1 3 81 544 545
534 2 2 1 3 545 544 546
535 2 2 1 3 545 546 442
536 2 2 1 3 544 456 546
537 2 2 1 3 81 545 82
538 2 2 1 3 82 545 466
539 2 2 1 3 82 466 6
540 2 2 1 3 545 442 466
541 2 2 1 3 456 532 546
542 2 2 1 3 546 532 471
543 2 2 1 3 546 471 442
544 2 2 1 3 532 437 471
545 2 2 1 3 109 110 515
546 2 2 1 3 515 110 547
547 2 2 1 3 515 547 452
548 2 2 1 3 110 111 547
549 2 2 1 3 452 547 548
550 2 2 1 3 548 547 549
551 2 2 1 3 548 549 118
552 2 2 1 3 547 111 549
553 2 2 1 3 452 548 511
554 2 2 1 3 511 548 117
555 2 2 1 3 511 117 116
556 2 2 1 3 548 118 117
557 2 2 1 3 111 112 549
558 2 2 1 3 549 112 119
559 2 2 1 3 549 119 118
560 2 2 1 3 112 7 119
561 2 2 1 4 146 564 562
562 2 2 1 4 562 564 563
563 2 2 1 4 562 563 550
564 2 2 1 4 564 552 563
565 2 2 1 4 550 563 565
566 2 2 1 4 565 563 566
567 2 2 1 4 565 566 551
568 2 2 1 4 563 552 566
569 2 2 1 4 550 565 567
570 2 2 1 4 567 565 568
571 2 2 1 4 567 568 139
572 2 2 1 4 565 551 568
573 2 2 1 4 552 570 566
574 2 2 1 4 566 570 569
575 2 2 1 4 566 569 551
576 2 2 1 4 570 109 569
577 2 2 1 4 93 92 571
578 2 2 1 4 571 92 572
579 2 2 1 4 571 572 553
580 2 2 1 4 92 91 572
581 2 2 1 4 553 572 573
582 2 2 1 4 573 572 574
583 2 2 1 4 573 574 28
584 2 2 1 4 572 91 574
585 2 2 1 4 553 573 575
586 2 2 1 4 575 573 29
587 2 2 1 4 575 29 4
588 2 2 1 4 573 28 29
589 2 2 1 4 91 90 574
590 2 2 1 4 574 90 27
591 2 2 1 4 574 27 28
592 2 2 1 4 90 3 27
593 2 2 1 4 4 120 575
594 2 2 1 4 575 120 576
595 2 2 1 4 575 576 553
596 2 2 1 4 120 121 576
597 2 2 1 4 553 576 577
598 2 2 1 4 577 576 578
599 2 2 1 4 577 578 554
600 2 2 1 4 576 121 578
601 2 2 1 4 553 577 571
602 2 2 1 4 571 577 579
603 2 2 1 4 571 579 93
604 2 2 1 4 577 554 579
605 2 2 1 4 121 122 578
606 2 2 1 4 578 122 580
607 2 2 1 4 578 580 554
608 2 2 1 4 122 123 580
609 2 2 1 4 146 145 564
610 2 2 1 4 564 145 581
611 2 2 1 4 564 581 552
612 2 2 1 4 145 144 581
613 2 2 1 4 552 581 582
614 2 2 1 4 582 581 583
615 2 2 1 4 582 583 111
616 2 2 1 4 581 144 583
617 2 2 1 4 552 582 570
618 2 2 1 4 570 582 110
619 2 2 1 4 570 110 109
620 2 2 1 4 582 111 110
621 2 2 1 4 144 143 583
622 2 2 1 4 583 143 112
623 2 2 1 4 583 112 111
624 2 2 1 4 143 7 112
625 2 2 1 4 139 140 567
626 2 2 1 4 567 140 584
627 2 2 1 4 567 584 550
628 2 2 1 4 140 141 584
629 2 2 1 4 550 584 585
630 2 2 1 4 585 584 586
631 2 2 1 4 585 586 148
632 2 2 1 4 584 141 586
633 2 2 1 4 550 585 562
634 2 2 1 4 562 585 147
635 2 2 1 4 562 147 146
636 2 2 1 4 585 148 147
637 2 2 1 4 141 142 586
638 2 2 1 4 586 142 149
639 2 2 1 4 586 149 148
640 2 2 1 4 142 8 149
641 2 2 1 4 93 588 94
642 2 2 1 4 94 588 587
643 2 2 1 4 94 587 95
644 2 2 1 4 588 556 587
645 2 2 1 4 95 587 589
646 2 2 1 4 589 587 590
647 2 2 1 4 589 590 555
648 2 2 1 4 587 556 590
649 2 2 1 4 95 589 96
650 2 2 1 4 96 589 591
651 2 2 1 4 96 591 97
652 2 2 1 4 589 555 591
653 2 2 1 4 556 593 590
654 2 2 1 4 590 593 592
655 2 2 1 4 590 592 555
656 2 2 1 4 593 127 592
657 2 2 1 4 123 124 580
658 2 2 1 4 580 124 594
659 2 2 1 4 580 594 554
660 2 2 1 4 124 125 594
661 2 2 1 4 554 594 595
662 2 2 1 4 595 594 596
663 2 2 1 4 595 596 556
664 2 2 1 4 594 125 596
665 2 2 1 4 554 595 579
666 2 2 1 4 579 595 588
667 2 2 1 4 579 588 93
668 2 2 1 4 595 556 588
669 2 2 1 4 125 126 596
670 2 2 1 4 596 126 593
671 2 2 1 4 596 593 556
672 2 2 1 4 126 127 593
673 2 2 1 4 127 598 592
674 2 2 1 4 592 598 597
675 2 2 1 4 592 597 555
676 2 2 1 4 598 557 597
677 2 2 1 4 555 597 599
678 2 2 1 4 599 597 600
679 2 2 1 4 599 600 99
680 2 2 1 4 597 557 600
681 2 2 1 4 555 599 591
682 2 2 1 4 591 599 98
683 2 2 1 4 591 98 97
684 2 2 1 4 599 99 98
685 2 2 1 4 557 601 600
686 2 2 1 4 600 601 100
687 2 2 1 4 600 100 99
688 2 2 1 4 601 101 100
689 2 2 1 4 105 104 602
690 2 2 1 4 602 104 603
691 2 2 1 4 602 603 558
692 2 2 1 4 104 103 603
693 2 2 1 4 558 603 604
694 2 2 1 4 604 603 605
695 2 2 1 4 604 605 559
696 2 2 1 4 603 103 605
697 2 2 1 4 558 604 606
698 2 2 1 4 606 604 607
699 2 2 1 4 606 607 131
700 2 2 1 4 604 559 607
701 2 2 1 4 103 102 605
702 2 2 1 4 605 102 608
703 2 2 1 4 605 608 559
704 2 2 1 4 102 101 608
705 2 2 1 4 131 607 130
706 2 2 1 4 130 607 609
707 2 2 1 4 130 609 129
708 2 2 1 4 607 559 609
709 2 2 1 4 129 609 610
710 2 2 1 4 610 609 611
711 2 2 1 4 610 611 557
712 2 2 1 4 609 559 611
713 2 2 1 4 129 610 128
714 2 2 1 4 128 610 598
715 2 2 1 4 128 598 127
716 2 2 1 4 610 557 598
717 2 2 1 4 559 608 611
718 2 2 1 4 611 608 601
719 2 2 1 4 611 601 557
720 2 2 1 4 608 101 601
721 2 2 1 4 105 613 106
722 2 2 1 4 106 613 612
723 2 2 1 4 106 612 107
724 2 2 1 4 613 560 612
725 2 2 1 4 107 612 614
726 2 2 1 4 614 612 615
727 2 2 1 4 614 615 551
728 2 2 1 4 612 560 615
729 2 2 1 4 107 614 108
730 2 2 1 4 108 614 569
731 2 2 1 4 108 569 109
732 2 2 1 4 614 551 569
733 2 2 1 4 560 616 615
734 2 2 1 4 615 616 568
735 2 2 1 4 615 568 551
736 2 2 1 4 616 139 568
737 2 2 1 4 135 618 134
738 2 2 1 4 134 618 617
739 2 2 1 4 134 617 133
740 2 2 1 4 618 561 617
741 2 2 1 4 133 617 619
742 2 2 1 4 619 617 620
743 2 2 1 4 619 620 558
744 2 2 1 4 617 561 620
745 2 2 1 4 133 619 132
746 2 2 1 4 132 619 606
747 2 2 1 4 132 606 131
748 2 2 1 4 619 558 606
749 2 2 1 4 561 621 620
750 2 2 1 4 620 621 602
751 2 2 1 4 620 602 558
752 2 2 1 4 621 105 602
753 2 2 1 4 135 136 618
754 2 2 1 4 618 136 622
755 2 2 1 4 618 622 561
756 2 2 1 4 136 137 622
757 2 2 1 4 561 622 623
758 2 2 1 4 623 622 624
759 2 2 1 4 623 624 560
760 2 2 1 4 622 137 624
761 2 2 1 4 561 623 621
762 2 2 1 4 621 623 613
763 2 2 1 4 621 613 105
764 2 2 1 4 623 560 613
765 2 2 1 4 137 138 624
766 2 2 1 4 624 138 616
767 2 2 1 4 624 616 560
768 2 2 1 4 138 139 616
769 2 2 1 5 153 647 154
770 2 2 1 5 154 647 646
771 2 2 1 5 154 646 155
772 2 2 1 5 647 628 646
773 2 2 1 5 155 646 648
774 2 2 1 5 648 646 649
775 2 2 1 5 648 649 627
776 2 2 1 5 646 628 649
777 2 2 1 5 155 648 156
778 2 2 1 5 156 648 650
779 2 2 1 5 156 650 5
780 2 2 1 5 648 627 650
781 2 2 1 5 628 652 649
782 2 2 1 5 649 652 651
783 2 2 1 5 649 651 627
784 2 2 1 5 652 625 651
785 2 2 1 5 33 654 32
786 2 2 1 5 32 654 653
787 2 2 1 5 32 653 31
788 2 2 1 5 654 630 653
789 2 2 1 5 31 653 655
790 2 2 1 5 655 653 656
791 2 2 1 5 655 656 629
792 2 2 1 5 653 630 656
793 2 2 1 5 31 655 30
794 2 2 1 5 30 655 657
795 2 2 1 5 30 657 4
796 2 2 1 5 655 629 657
797 2 2 1 5 630 659 656
798 2 2 1 5 656 659 658
799 2 2 1 5 656 658 629
800 2 2 1 5 659 626 658
801 2 2 1 5 44 662 660
802 2 2 1 5 660 662 661
803 2 2 1 5 660 661 631
804 2 2 1 5 662 632 661
805 2 2 1 5 631 661 663
806 2 2 1 5 663 661 664
807 2 2 1 5 663 664 125
808 2 2 1 5 661 632 664
809 2 2 1 5 631 663 665
810 2 2 1 5 665 663 124
811 2 2 1 5 665 124 123
812 2 2 1 5 663 125 124
813 2 2 1 5 632 666 664
814 2 2 1 5 664 666 126
815 2 2 1 5 664 126 125
816 2 2 1 5 666 127 126
817 2 2 1 5 48 668 47
818 2 2 1 5 47 668 667
819 2 2 1 5 47 667 46
820 2 2 1 5 668 633 667
821 2 2 1 5 46 667 669
822 2 2 1 5 669 667 670
823 2 2 1 5 669 670 632
824 2 2 1 5 667 633 670
825 2 2 1 5 46 669 45
826 2 2 1 5 45 669 662
827 2 2 1 5 45 662 44
828 2 2 1 5 669 632 662
829 2 2 1 5 633 671 670
830 2 2 1 5 670 671 666
831 2 2 1 5 670 666 632
832 2 2 1 5 671 127 666
833 2 2 1 5 52 674 672
834 2 2 1 5 672 674 673
835 2 2 1 5 672 673 634
836 2 2 1 5 674 635 673
837 2 2 1 5 634 673 675
838 2 2 1 5 675 673 676
839 2 2 1 5 675 676 133
840 2 2 1 5 673 635 676
841 2 2 1 5 634 675 677
842 2 2 1 5 677 675 132
843 2 2 1 5 677 132 131
844 2 2 1 5 675 133 132
845 2 2 1 5 635 678 676
846 2 2 1 5 676 678 134
847 2 2 1 5 676 134 133
848 2 2 1 5 678 135 134
849 2 2 1 5 52 672 51
850 2 2 1 5 51 672 679
851 2 2 1 5 51 679 50
852 2 2 1 5 672 634 679
853 2 2 1 5 50 679 680
854 2 2 1 5 680 679 681
855 2 2 1 5 680 681 636
856 2 2 1 5 679 634 681
857 2 2 1 5 50 680 49
858 2 2 1 5 49 680 682
859 2 2 1 5 49 682 48
860 2 2 1 5 680 636 682
861 2 2 1 5 634 677 681
862 2 2 1 5 681 677 683
863 2 2 1 5 681 683 636
864 2 2 1 5 677 131 683
865 2 2 1 5 56 685 55
866 2 2 1 5 55 685 684
867 2 2 1 5 55 684 54
868 2 2 1 5 685 637 684
869 2 2 1 5 54 684 686
870 2 2 1 5 686 684 687
871 2 2 1 5 686 687 635
872 2 2 1 5 684 637 687
873 2 2 1 5 54 686 53
874 2 2 1 5 53 686 674
875 2 2 1 5 53 674 52
876 2 2 1 5 686 635 674
877 2 2 1 5 637 688 687
878 2 2 1 5 687 688 678
879 2 2 1 5 687 678 635
880 2 2 1 5 688 135 678
881 2 2 1 5 131 130 683
882 2 2 1 5 683 130 689
883 2 2 1 5 683 689 636
884 2 2 1 5 130 129 689
885 2 2 1 5 636 689 690
886 2 2 1 5 690 689 691
887 2 2 1 5 690 691 633
888 2 2 1 5 689 129 691
889 2 2 1 5 636 690 682
890 2 2 1 5 682 690 668
891 2 2 1 5 682 668 48
892 2 2 1 5 690 633 668
893 2 2 1 5 129 128 691
894 2 2 1 5 691 128 671
895 2 2 1 5 691 671 633
896 2 2 1 5 128 127 671
897 2 2 1 5 139 694 692
898 2 2 1 5 692 694 693
899 2 2 1 5 692 693 638
900 2 2 1 5 694 639 693
901 2 2 1 5 638 693 695
902 2 2 1 5 695 693 696
903 2 2 1 5 695 696 628
904 2 2 1 5 693 639 696
905 2 2 1 5 638 695 697
906 2 2 1 5 697 695 647
907 2 2 1 5 697 647 153
908 2 2 1 5 695 628 647
909 2 2 1 5 639 698 696
910 2 2 1 5 696 698 652
911 2 2 1 5 696 652 628
912 2 2 1 5 698 625 652
913 2 2 1 5 40 701 699
914 2 2 1 5 699 701 700
915 2 2 1 5 699 700 640
916 2 2 1 5 701 641 700
917 2 2 1 5 640 700 702
918 2 2 1 5 702 700 703
919 2 2 1 5 702 703 630
920 2 2 1 5 700 641 703
921 2 2 1 5 640 702 704
922 2 2 1 5 704 702 654
923 2 2 1 5 704 654 33
924 2 2 1 5 702 630 654
925 2 2 1 5 641 705 703
926 2 2 1 5 703 705 659
927 2 2 1 5 703 659 630
928 2 2 1 5 705 626 659
929 2 2 1 5 135 707 136
930 2 2 1 5 136 707 706
931 2 2 1 5 136 706 137
932 2 2 1 5 707 642 706
933 2 2 1 5 137 706 708
934 2 2 1 5 708 706 709
935 2 2 1 5 708 709 639
936 2 2 1 5 706 642 709
937 2 2 1 5 137 708 138
938 2 2 1 5 138 708 694
939 2 2 1 5 138 694 139
940 2 2 1 5 708 639 694
941 2 2 1 5 642 710 709
942 2 2 1 5 709 710 698
943 2 2 1 5 709 698 639
944 2 2 1 5 710 625 698
945 2 2 1 5 44 712 43
946 2 2 1 5 43 712 711
947 2 2 1 5 43 711 42
948 2 2 1 5 712 643 711
949 2 2 1 5 42 711 713
950 2 2 1 5 713 711 714
951 2 2 1 5 713 714 641
952 2 2 1 5 711 643 714
953 2 2 1 5 42 713 41
954 2 2 1 5 41 713 701
955 2 2 1 5 41 701 40
956 2 2 1 5 713 641 701
957 2 2 1 5 643 715 714
958 2 2 1 5 714 715 705
959 2 2 1 5 714 705 641
960 2 2 1 5 715 626 705
961 2 2 1 5 56 717 685
962 2 2 1 5 685 717 716
963 2 2 1 5 685 716 637
964 2 2 1 5 717 644 716
965 2 2 1 5 637 716 718
966 2 2 1 5 718 716 719
967 2 2 1 5 718 719 642
968 2 2 1 5 716 644 719
969 2 2 1 5 637 718 688
970 2 2 1 5 688 718 707
971 2 2 1 5 688 707 135
972 2 2 1 5 718 642 707
973 2 2 1 5 644 720 719
974 2 2 1 5 719 720 710
975 2 2 1 5 719 710 642
976 2 2 1 5 720 625 710
977 2 2 1 5 123 722 665
978 2 2 1 5 665 722 721
979 2 2 1 5 665 721 631
980 2 2 1 5 722 645 721
981 2 2 1 5 631 721 723
982 2 2 1 5 723 721 724
983 2 2 1 5 723 724 643
984 2 2 1 5 721 645 724
985 2 2 1 5 631 723 660
986 2 2 1 5 660 723 712
987 2 2 1 5 660 712 44
988 2 2 1 5 723 643 712
989 2 2 1 5 645 725 724
990 2 2 1 5 724 725 715
991 2 2 1 5 724 715 643
992 2 2 1 5 725 626 715
993 2 2 1 5 1 37 36
994 2 2 1 5 36 37 726
995 2 2 1 5 36 726 35
996 2 2 1 5 37 38 726
997 2 2 1 5 35 726 727
998 2 2 1 5 727 726 728
999 2 2 1 5 727 728 640
1000 2 2 1 5 726 38 728
1001 2 2 1 5 35 727 34
1002 2 2 1 5 34 727 704
1003 2 2 1 5 34 704 33
1004 2 2 1 5 727 640 704
1005 2 2 1 5 38 39 728
1006 2 2 1 5 728 39 699
1007 2 2 1 5 728 699 640
1008 2 2 1 5 39 40 699
1009 2 2 1 5 4 657 120
1010 2 2 1 5 120 657 729
1011 2 2 1 5 120 729 121
1012 2 2 1 5 657 629 729
1013 2 2 1 5 121 729 730
1014 2 2 1 5 730 729 731
1015 2 2 1 5 730 731 645
1016 2 2 1 5 729 629 731
1017 2 2 1 5 121 730 122
1018 2 2 1 5 122 730 722
1019 2 2 1 5 122 722 123
1020 2 2 1 5 730 645 722
1021 2 2 1 5 629 658 731
1022 2 2 1 5 731 658 725
1023 2 2 1 5 731 725 645
1024 2 2 1 5 658 626 725
1025 2 2 1 5 5 650 59
1026 2 2 1 5 59 650 732
1027 2 2 1 5 59 732 58
1028 2 2 1 5 650 627 732
1029 2 2 1 5 58 732 733
1030 2 2 1 5 733 732 734
1031 2 2 1 5 733 734 644
1032 2 2 1 5 732 627 734
1033 2 2 1 5 58 733 57
1034 2 2 1 5 57 733 717
1035 2 2 1 5 57 717 56
1036 2 2 1 5 733 644 717
1037 2 2 1 5 627 651 734
1038 2 2 1 5 734 651 720
1039 2 2 1 5 734 720 644
1040 2 2 1 5 651 625 720
1041 2 2 1 5 153 152 697
1042 2 2 1 5 697 152 735
1043 2 2 1 5 697 735 638
1044 2 2 1 5 152 151 735
1045 2 2 1 5 638 735 736
1046 2 2 1 5 736 735 737
1047 2 2 1 5 736 737 141
1048 2 2 1 5 735 151 737
1049 2 2 1 5 638 736 692
1050 2 2 1 5 692 736 140
1051 2 2 1 5 692 140 139
1052 2 2 1 5 736 141 140
1053 2 2 1 5 151 150 737
1054 2 2 1 5 737 150 142
1055 2 2 1 5 737 142 141
1056 2 2 1 5 150 8 142
1057 2 2 1 6 183 753 751
1058 2 2 1 6 751 753 752
1059 2 2 1 6 751 752 738
1060 2 2 1 6 753 740 752
1061 2 2 1 6 738 752 754
1062 2 2 1 6 754 752 755
1063 2 2 1 6 754 755 739
1064 2 2 1 6 752 740 755
1065 2 2 1 6 738 754 756
1066 2 2 1 6 756 754 757
1067 2 2 1 6 756 757 86
1068 2 2 1 6 754 739 757
1069 2 2 1 6 740 759 755
1070 2 2 1 6 755 759 758
1071 2 2 1 6 755 758 739
1072 2 2 1 6 759 160 758
1073 2 2 1 6 206 762 760
1074 2 2 1 6 760 762 761
1075 2 2 1 6 760 761 741
1076 2 2 1 6 762 743 761
1077 2 2 1 6 741 761 763
1078 2 2 1 6 763 761 764
1079 2 2 1 6 763 764 742
1080 2 2 1 6 761 743 764
1081 2 2 1 6 741 763 765
1082 2 2 1 6 765 763 766
1083 2 2 1 6 765 766 199
1084 2 2 1 6 763 742 766
1085 2 2 1 6 743 768 764
1086 2 2 1 6 764 768 767
1087 2 2 1 6 764 767 742
1088 2 2 1 6 768 176 767
1089 2 2 1 6 160 159 758
1090 2 2 1 6 758 159 769
1091 2 2 1 6 758 769 739
1092 2 2 1 6 159 158 769
1093 2 2 1 6 739 769 770
1094 2 2 1 6 770 769 771
1095 2 2 1 6 770 771 84
1096 2 2 1 6 769 158 771
1097 2 2 1 6 739 770 757
1098 2 2 1 6 757 770 85
1099 2 2 1 6 757 85 86
1100 2 2 1 6 770 84 85
1101 2 2 1 6 158 157 771
1102 2 2 1 6 771 157 83
1103 2 2 1 6 771 83 84
1104 2 2 1 6 157 5 83
1105 2 2 1 6 86 87 756
1106 2 2 1 6 756 87 772
1107 2 2 1 6 756 772 738
1108 2 2 1 6 87 88 772
1109 2 2 1 6 738 772 773
1110 2 2 1 6 773 772 774
1111 2 2 1 6 773 774 181
1112 2 2 1 6 772 88 774
1113 2 2 1 6 738 773 751
1114 2 2 1 6 751 773 182
1115 2 2 1 6 751 182 183
1116 2 2 1 6 773 181 182
1117 2 2 1 6 88 89 774
1118 2 2 1 6 774 89 180
1119 2 2 1 6 774 180 181
1120 2 2 1 6 89 6 180
1121 2 2 1 6 199 200 765
1122 2 2 1 6 765 200 775
1123 2 2 1 6 765 775 741
1124 2 2 1 6 200 201 775
1125 2 2 1 6 741 775 776
1126 2 2 1 6 776 775 777
1127 2 2 1 6 776 777 208
1128 2 2 1 6 775 201 777
1129 2 2 1 6 741 776 760
1130 2 2 1 6 760 776 207
1131 2 2 1 6 760 207 206
1132 2 2 1 6 776 208 207
1133 2 2 1 6 201 202 777
1134 2 2 1 6 777 202 209
1135 2 2 1 6 777 209 208
1136 2 2 1 6 202 10 209
1137 2 2 1 6 183 779 753
1138 2 2 1 6 753 779 778
1139 2 2 1 6 753 778 740
1140 2 2 1 6 779 744 778
1141 2 2 1 6 740 778 780
1142 2 2 1 6 780 778 781
1143 2 2 1 6 780 781 162
1144 2 2 1 6 778 744 781
1145 2 2 1 6 740 780 759
1146 2 2 1 6 759 780 161
1147 2 2 1 6 759 161 160
1148 2 2 1 6 780 162 161
1149 2 2 1 6 744 782 781
1150 2 2 1 6 781 782 163
1151 2 2 1 6 781 163 162
1152 2 2 1 6 782 164 163
1153 2 2 1 6 191 785 783
1154 2 2 1 6 783 785 784
1155 2 2 1 6 783 784 745
1156 2 2 1 6 785 746 784
1157 2 2 1 6 745 784 786
1158 2 2 1 6 786 784 787
1159 2 2 1 6 786 787 166
1160 2 2 1 6 784 746 787
1161 2 2 1 6 745 786 788
1162 2 2 1 6 788 786 165
1163 2 2 1 6 788 165 164
1164 2 2 1 6 786 166 165
1165 2 2 1 6 746 789 787
1166 2 2 1 6 787 789 167
1167 2 2 1 6 787 167 166
1168 2 2 1 6 789 168 167
1169 2 2 1 6 183 184 779
1170 2 2 1 6 779 184 790
1171 2 2 1 6 779 790 744
1172 2 2 1 6 184 185 790
1173 2 2 1 6 744 790 791
1174 2 2 1 6 791 790 792
1175 2 2 1 6 791 792 747
1176 2 2 1 6 790 185 792
1177 2 2 1 6 744 791 782
1178 2 2 1 6 782 791 793
1179 2 2 1 6 782 793 164
1180 2 2 1 6 791 747 793
1181 2 2 1 6 185 186 792
1182 2 2 1 6 792 186 794
1183 2 2 1 6 792 794 747
1184 2 2 1 6 186 187 794
1185 2 2 1 6 191 783 190
1186 2 2 1 6 190 783 795
1187 2 2 1 6 190 795 189
1188 2 2 1 6 783 745 795
1189 2 2 1 6 189 795 796
1190 2 2 1 6 796 795 797
1191 2 2 1 6 796 797 747
1192 2 2 1 6 795 745 797
1193 2 2 1 6 189 796 188
1194 2 2 1 6 188 796 794
1195 2 2 1 6 188 794 187
1196 2 2 1 6 796 747 794
1197 2 2 1 6 745 788 797
1198 2 2 1 6 797 788 793
1199 2 2 1 6 797 793 747
1200 2 2 1 6 788 164 793
1201 2 2 1 6 168 799 169
1202 2 2 1 6 169 799 798
1203 2 2 1 6 169 798 170
1204 2 2 1 6 799 749 798
1205 2 2 1 6 170 798 800
1206 2 2 1 6 800 798 801
1207 2 2 1 6 800 801 748
1208 2 2 1 6 798 749 801
1209 2 2 1 6 170 800 171
1210 2 2 1 6 171 800 802
1211 2 2 1 6 171 802 172
1212 2 2 1 6 800 748 802
1213 2 2 1 6 749 804 801
1214 2 2 1 6 801 804 803
1215 2 2 1 6 801 803 748
1216 2 2 1 6 804 195 803
1217 2 2 1 6 191 192 785
1218 2 2 1 6 785 192 805
1219 2 2 1 6 785 805 746
1220 2 2 1 6 192 193 805
1221 2 2 1 6 746 805 806
1222 2 2 1 6 806 805 807
1223 2 2 1 6 806 807 749
1224 2 2 1 6 805 193 807
1225 2 2 1 6 746 806 789
1226 2 2 1 6 789 806 799
1227 2 2 1 6 789 799 168
1228 2 2 1 6 806 749 799
1229 2 2 1 6 193 194 807
1230 2 2 1 6 807 194 804
1231 2 2 1 6 807 804 749
1232 2 2 1 6 194 195 804
1233 2 2 1 6 195 809 803
1234 2 2 1 6 803 809 808
1235 2 2 1 6 803 808 748
1236 2 2 1 6 809 750 808
1237 2 2 1 6 748 808 810
1238 2 2 1 6 810 808 811
1239 2 2 1 6 810 811 174
1240 2 2 1 6 808 750 811
1241 2 2 1 6 748 810 802
1242 2 2 1 6 802 810 173
1243 2 2 1 6 802 173 172
1244 2 2 1 6 810 174 173
1245 2 2 1 6 750 812 811
1246 2 2 1 6 811 812 175
1247 2 2 1 6 811 175 174
1248 2 2 1 6 812 176 175
1249 2 2 1 6 199 766 198
1250 2 2 1 6 198 766 813
1251 2 2 1 6 198 813 197
1252 2 2 1 6 766 742 813
1253 2 2 1 6 197 813 814
1254 2 2 1 6 814 813 815
1255 2 2 1 6 814 815 750
1256 2 2 1 6 813 742 815
1257 2 2 1 6 197 814 196
1258 2 2 1 6 196 814 809
1259 2 2 1 6 196 809 195
1260 2 2 1 6 814 750 809
1261 2 2 1 6 742 767 815
1262 2 2 1 6 815 767 812
1263 2 2 1 6 815 812 750
1264 2 2 1 6 767 176 812
1265 2 2 1 6 206 205 762
1266 2 2 1 6 762 205 816
1267 2 2 1 6 762 816 743
1268 2 2 1 6 205 204 816
1269 2 2 1 6 743 816 817
1270 2 2 1 6 817 816 818
1271 2 2 1 6 817 818 178
1272 2 2 1 6 816 204 818
1273 2 2 1 6 743 817 768
1274 2 2 1 6 768 817 177
1275 2 2 1 6 768 177 176
1276 2 2 1 6 817 178 177
1277 2 2 1 6 204 203 818
1278 2 2 1 6 818 203 179
1279 2 2 1 6 818 179 178
1280 2 2 1 6 203 9 179
1281 2 2 1 7 7 841 119
1282 2 2 1 7 119 841 840
1283 2 2 1 7 119 840 118
1284 2 2 1 7 841 822 840
1285 2 2 1 7 118 840 842
1286 2 2 1 7 842 840 843
1287 2 2 1 7 842 843 821
1288 2 2 1 7 840 822 843
1289 2 2 1 7 118 842 117
1290 2 2 1 7 117 842 844
1291 2 2 1 7 117 844 116
1292 2 2 1 7 842 821 844
1293 2 2 1 7 822 846 843
1294 2 2 1 7 843 846 845
1295 2 2 1 7 843 845 821
1296 2 2 1 7 846 820 845
1297 2 2 1 7 10 848 233
1298 2 2 1 7 233 848 847
1299 2 2 1 7 233 847 234
1300 2 2 1 7 848 824 847
1301 2 2 1 7 234 847 849
1302 2 2 1 7 849 847 850
1303 2 2 1 7 849 850 823
1304 2 2 1 7 847 824 850
1305 2 2 1 7 234 849 235
1306 2 2 1 7 235 849 851
1307 2 2 1 7 235 851 236
1308 2 2 1 7 849 823 851
1309 2 2 1 7 824 853 850
1310 2 2 1 7 850 853 852
1311 2 2 1 7 850 852 823
1312 2 2 1 7 853 819 852
1313 2 2 1 7 217 856 854
1314 2 2 1 7 854 856 855
1315 2 2 1 7 854 855 825
1316 2 2 1 7 856 826 855
1317 2 2 1 7 825 855 857
1318 2 2 1 7 857 855 858
1319 2 2 1 7 857 858 189
1320 2 2 1 7 855 826 858
1321 2 2 1 7 825 857 859
1322 2 2 1 7 859 857 188
1323 2 2 1 7 859 188 187
1324 2 2 1 7 857 189 188
1325 2 2 1 7 826 860 858
1326 2 2 1 7 858 860 190
1327 2 2 1 7 858 190 189
1328 2 2 1 7 860 191 190
1329 2 2 1 7 217 854 216
1330 2 2 1 7 216 854 861
1331 2 2 1 7 216 861 215
1332 2 2 1 7 854 825 861
1333 2 2 1 7 215 861 862
1334 2 2 1 7 862 861 863
1335 2 2 1 7 862 863 827
1336 2 2 1 7 861 825 863
1337 2 2 1 7 215 862 214
1338 2 2 1 7 214 862 864
1339 2 2 1 7 214 864 213
1340 2 2 1 7 862 827 864
1341 2 2 1 7 825 859 863
1342 2 2 1 7 863 859 865
1343 2 2 1 7 863 865 827
1344 2 2 1 7 859 187 865
1345 2 2 1 7 225 867 224
1346 2 2 1 7 224 867 866
1347 2 2 1 7 224 866 223
1348 2 2 1 7 867 829 866
1349 2 2 1 7 223 866 868
1350 2 2 1 7 868 866 869
1351 2 2 1 7 868 869 828
1352 2 2 1 7 866 829 869
1353 2 2 1 7 223 868 222
1354 2 2 1 7 222 868 870
1355 2 2 1 7 222 870 221
1356 2 2 1 7 868 828 870
1357 2 2 1 7 829 872 869
1358 2 2 1 7 869 872 871
1359 2 2 1 7 869 871 828
1360 2 2 1 7 872 195 871
1361 2 2 1 7 221 870 873
1362 2 2 1 7 873 870 874
1363 2 2 1 7 873 874 830
1364 2 2 1 7 870 828 874
1365 2 2 1 7 830 874 875
1366 2 2 1 7 875 874 876
1367 2 2 1 7 875 876 193
1368 2 2 1 7 874 828 876
1369 2 2 1 7 830 875 877
1370 2 2 1 7 877 875 192
1371 2 2 1 7 877 192 191
1372 2 2 1 7 875 193 192
1373 2 2 1 7 828 871 876
1374 2 2 1 7 876 871 194
1375 2 2 1 7 876 194 193
1376 2 2 1 7 871 195 194
1377 2 2 1 7 225 879 867
1378 2 2 1 7 867 879 878
1379 2 2 1 7 867 878 829
1380 2 2 1 7 879 831 878
1381 2 2 1 7 829 878 880
1382 2 2 1 7 880 878 881
1383 2 2 1 7 880 881 197
1384 2 2 1 7 878 831 881
1385 2 2 1 7 829 880 872
1386 2 2 1 7 872 880 196
1387 2 2 1 7 872 196 195
1388 2 2 1 7 880 197 196
1389 2 2 1 7 831 882 881
1390 2 2 1 7 881 882 198
1391 2 2 1 7 881 198 197
1392 2 2 1 7 882 199 198
1393 2 2 1 7 221 873 220
1394 2 2 1 7 220 873 883
1395 2 2 1 7 220 883 219
1396 2 2 1 7 873 830 883
1397 2 2 1 7 219 883 884
1398 2 2 1 7 884 883 885
1399 2 2 1 7 884 885 826
1400 2 2 1 7 883 830 885
1401 2 2 1 7 219 884 218
1402 2 2 1 7 218 884 856
1403 2 2 1 7 218 856 217
1404 2 2 1 7 884 826 856
1405 2 2 1 7 830 877 885
1406 2 2 1 7 885 877 860
1407 2 2 1 7 885 860 826
1408 2 2 1 7 877 191 860
1409 2 2 1 7 116 844 886
1410 2 2 1 7 886 844 887
1411 2 2 1 7 886 887 832
1412 2 2 1 7 844 821 887
1413 2 2 1 7 832 887 888
1414 2 2 1 7 888 887 889
1415 2 2 1 7 888 889 833
1416 2 2 1 7 887 821 889
1417 2 2 1 7 832 888 890
1418 2 2 1 7 890 888 891
1419 2 2 1 7 890 891 183
1420 2 2 1 7 888 833 891
1421 2 2 1 7 821 845 889
1422 2 2 1 7 889 845 892
1423 2 2 1 7 889 892 833
1424 2 2 1 7 845 820 892
1425 2 2 1 7 236 851 893
1426 2 2 1 7 893 851 894
1427 2 2 1 7 893 894 834
1428 2 2 1 7 851 823 894
1429 2 2 1 7 834 894 895
1430 2 2 1 7 895 894 896
1431 2 2 1 7 895 896 835
1432 2 2 1 7 894 823 896
1433 2 2 1 7 834 895 897
1434 2 2 1 7 897 895 898
1435 2 2 1 7 897 898 229
1436 2 2 1 7 895 835 898
1437 2 2 1 7 823 852 896
1438 2 2 1 7 896 852 899
1439 2 2 1 7 896 899 835
1440 2 2 1 7 852 819 899
1441 2 2 1 7 183 891 184
1442 2 2 1 7 184 891 900
1443 2 2 1 7 184 900 185
1444 2 2 1 7 891 833 900
1445 2 2 1 7 185 900 901
1446 2 2 1 7 901 900 902
1447 2 2 1 7 901 902 836
1448 2 2 1 7 900 833 902
1449 2 2 1 7 185 901 186
1450 2 2 1 7 186 901 903
1451 2 2 1 7 186 903 187
1452 2 2 1 7 901 836 903
1453 2 2 1 7 833 892 902
1454 2 2 1 7 902 892 904
1455 2 2 1 7 902 904 836
1456 2 2 1 7 892 820 904
1457 2 2 1 7 229 898 228
1458 2 2 1 7 228 898 905
1459 2 2 1 7 228 905 227
1460 2 2 1 7 898 835 905
1461 2 2 1 7 227 905 906
1462 2 2 1 7 906 905 907
1463 2 2 1 7 906 907 837
1464 2 2 1 7 905 835 907
1465 2 2 1 7 227 906 226
1466 2 2 1 7 226 906 908
1467 2 2 1 7 226 908 225
1468 2 2 1 7 906 837 908
1469 2 2 1 7 835 899 907
1470 2 2 1 7 907 899 909
1471 2 2 1 7 907 909 837
1472 2 2 1 7 899 819 909
1473 2 2 1 7 225 908 879
1474 2 2 1 7 879 908 910
1475 2 2 1 7 879 910 831
1476 2 2 1 7 908 837 910
1477 2 2 1 7 831 910 911
1478 2 2 1 7 911 910 912
1479 2 2 1 7 911 912 838
1480 2 2 1 7 910 837 912
1481 2 2 1 7 831 911 882
1482 2 2 1 7 882 911 913
1483 2 2 1 7 882 913 199
1484 2 2 1 7 911 838 913
1485 2 2 1 7 837 909 912
1486 2 2 1 7 912 909 914
1487 2 2 1 7 912 914 838
1488 2 2 1 7 909 819 914
1489 2 2 1 7 187 903 865
1490 2 2 1 7 865 903 915
1491 2 2 1 7 865 915 827
1492 2 2 1 7 903 836 915
1493 2 2 1 7 827 915 916
1494 2 2 1 7 916 915 917
1495 2 2 1 7 916 917 839
1496 2 2 1 7 915 836 917
1497 2 2 1 7 827 916 864
1498 2 2 1 7 864 916 918
1499 2 2 1 7 864 918 213
1500 2 2 1 7 916 839 918
1501 2 2 1 7 836 904 917
1502 2 2 1 7 917 904 919
1503 2 2 1 7 917 919 839
1504 2 2 1 7 904 820 919
1505 2 2 1 7 116 886 115
1506 2 2 1 7 115 886 920
1507 2 2 1 7 115 920 114
1508 2 2 1 7 886 832 920
1509 2 2 1 7 114 920 921
1510 2 2 1 7 921 920 922
1511 2 2 1 7 921 922 181
1512 2 2 1 7 920 832 922
1513 2 2 1 7 114 921 113
1514 2 2 1 7 113 921 180
1515 2 2 1 7 113 180 6
1516 2 2 1 7 921 181 180
1517 2 2 1 7 832 890 922
1518 2 2 1 7 922 890 182
1519 2 2 1 7 922 182 181
1520 2 2 1 7 890 183 182
1521 2 2 1 7 213 918 212
1522 2 2 1 7 212 918 923
1523 2 2 1 7 212 923 211
1524 2 2 1 7 918 839 923
1525 2 2 1 7 211 923 924
1526 2 2 1 7 924 923 925
1527 2 2 1 7 924 925 822
1528 2 2 1 7 923 839 925
1529 2 2 1 7 211 924 210
1530 2 2 1 7 210 924 841
1531 2 2 1 7 210 841 7
1532 2 2 1 7 924 822 841
1533 2 2 1 7 839 919 925
1534 2 2 1 7 925 919 846
1535 2 2 1 7 925 846 822
1536 2 2 1 7 919 820 846
1537 2 2 1 7 199 913 200
1538 2 2 1 7 200 913 926
1539 2 2 1 7 200 926 201
1540 2 2 1 7 913 838 926
1541 2 2 1 7 201 926 927
1542 2 2 1 7 927 926 928
1543 2 2 1 7 927 928 824
1544 2 2 1 7 926 838 928
1545 2 2 1 7 201 927 202
1546 2 2 1 7 202 927 848
1547 2 2 1 7 202 848 10
1548 2 2 1 7 927 824 848
1549 2 2 1 7 838 914 928
1550 2 2 1 7 928 914 853
1551 2 2 1 7 928 853 824
1552 2 2 1 7 914 819 853
1553 2 2 1 7 236 893 237
1554 2 2 1 7 237 893 929
1555 2 2 1 7 237 929 238
1556 2 2 1 7 893 834 929
1557 2 2 1 7 238 929 930
1558 2 2 1 7 930 929 931
1559 2 2 1 7 930 931 231
1560 2 2 1 7 929 834 931
1561 2 2 1 7 238 930 239
1562 2 2 1 7 239 930 232
1563 2 2 1 7 239 232 11
1564 2 2 1 7 930 231 232
1565 2 2 1 7 834 897 931
1566 2 2 1 7 931 897 230
1567 2 2 1 7 931 230 231
1568 2 2 1 7 897 229 230
1569 2 2 1 8 243 947 945
1570 2 2 1 8 945 947 946
1571 2 2 1 8 945 946 932
1572 2 2 1 8 947 934 946
1573 2 2 1 8 932 946 948
1574 2 2 1 8 948 946 949
1575 2 2 1 8 948 949 933
1576 2 2 1 8 946 934 949
1577 2 2 1 8 932 948 950
1578 2 2 1 8 950 948 951
1579 2 2 1 8 950 951 146
1580 2 2 1 8 948 933 951
1581 2 2 1 8 934 953 949
1582 2 2 1 8 949 953 952
1583 2 2 1 8 949 952 933
1584 2 2 1 8 953 213 952
1585 2 2 1 8 266 956 954
1586 2 2 1 8 954 956 955
1587 2 2 1 8 954 955 935
1588 2 2 1 8 956 937 955
1589 2 2 1 8 935 955 957
1590 2 2 1 8 957 955 958
1591 2 2 1 8 957 958 936
1592 2 2 1 8 955 937 958
1593 2 2 1 8 935 957 959
1594 2 2 1 8 959 957 960
1595 2 2 1 8 959 960 259
1596 2 2 1 8 957 936 960
1597 2 2 1 8 937 962 958
1598 2 2 1 8 958 962 961
1599 2 2 1 8 958 961 936
1600 2 2 1 8 962 229 961
1601 2 2 1 8 213 212 952
1602 2 2 1 8 952 212 963
1603 2 2 1 8 952 963 933
1604 2 2 1 8 212 211 963
1605 2 2 1 8 933 963 964
1606 2 2 1 8 964 963 965
1607 2 2 1 8 964 965 144
1608 2 2 1 8 963 211 965
1609 2 2 1 8 933 964 951
1610 2 2 1 8 951 964 145
1611 2 2 1 8 951 145 146
1612 2 2 1 8 964 144 145
1613 2 2 1 8 211 210 965
1614 2 2 1 8 965 210 143
1615 2 2 1 8 965 143 144
1616 2 2 1 8 210 7 143
1617 2 2 1 8 266 265 956
1618 2 2 1 8 956 265 966
1619 2 2 1 8 956 966 937
1620 2 2 1 8 265 264 966
1621 2 2 1 8 937 966 967
1622 2 2 1 8 967 966 968
1623 2 2 1 8 967 968 231
1624 2 2 1 8 966 264 968
1625 2 2 1 8 937 967 962
1626 2 2 1 8 962 967 230
1627 2 2 1 8 962 230 229
1628 2 2 1 8 967 231 230
1629 2 2 1 8 264 263 968
1630 2 2 1 8 968 263 232
1631 2 2 1 8 968 232 231
1632 2 2 1 8 263 11 232
1633 2 2 1 8 259 260 959
1634 2 2 1 8 959 260 969
1635 2 2 1 8 959 969 935
1636 2 2 1 8 260 261 969
1637 2 2 1 8 935 969 970
1638 2 2 1 8 970 969 971
1639 2 2 1 8 970 971 268
1640 2 2 1 8 969 261 971
1641 2 2 1 8 935 970 954
1642 2 2 1 8 954 970 267
1643 2 2 1 8 954 267 266
1644 2 2 1 8 970 268 267
1645 2 2 1 8 261 262 971
1646 2 2 1 8 971 262 269
1647 2 2 1 8 971 269 268
1648 2 2 1 8 262 12 269
1649 2 2 1 8 213 973 214
1650 2 2 1 8 214 973 972
1651 2 2 1 8 214 972 215
1652 2 2 1 8 973 939 972
1653 2 2 1 8 215 972 974
1654 2 2 1 8 974 972 975
1655 2 2 1 8 974 975 938
1656 2 2 1 8 972 939 975
1657 2 2 1 8 215 974 216
1658 2 2 1 8 216 974 976
1659 2 2 1 8 216 976 217
1660 2 2 1 8 974 938 976
1661 2 2 1 8 939 978 975
1662 2 2 1 8 975 978 977
1663 2 2 1 8 975 977 938
1664 2 2 1 8 978 247 977
1665 2 2 1 8 213 953 973
1666 2 2 1 8 973 953 979
1667 2 2 1 8 973 979 939
1668 2 2 1 8 953 934 979
1669 2 2 1 8 939 979 980
1670 2 2 1 8 980 979 981
1671 2 2 1 8 980 981 245
1672 2 2 1 8 979 934 981
1673 2 2 1 8 939 980 978
1674 2 2 1 8 978 980 246
1675 2 2 1 8 978 246 247
1676 2 2 1 8 980 245 246
1677 2 2 1 8 934 947 981
1678 2 2 1 8 981 947 244
1679 2 2 1 8 981 244 245
1680 2 2 1 8 947 243 244
1681 2 2 1 8 247 983 977
1682 2 2 1 8 977 983 982
1683 2 2 1 8 977 982 938
1684 2 2 1 8 983 940 982
1685 2 2 1 8 938 982 984
1686 2 2 1 8 984 982 985
1687 2 2 1 8 984 985 219
1688 2 2 1 8 982 940 985
1689 2 2 1 8 938 984 976
1690 2 2 1 8 976 984 218
1691 2 2 1 8 976 218 217
1692 2 2 1 8 984 219 218
1693 2 2 1 8 940 986 985
1694 2 2 1 8 985 986 220
1695 2 2 1 8 985 220 219
1696 2 2 1 8 986 221 220
1697 2 2 1 8 225 224 987
1698 2 2 1 8 987 224 988
1699 2 2 1 8 987 988 941
1700 2 2 1 8 224 223 988
1701 2 2 1 8 941 988 989
1702 2 2 1 8 989 988 990
1703 2 2 1 8 989 990 942
1704 2 2 1 8 988 223 990
1705 2 2 1 8 941 989 991
1706 2 2 1 8 991 989 992
1707 2 2 1 8 991 992 251
1708 2 2 1 8 989 942 992
1709 2 2 1 8 223 222 990
1710 2 2 1 8 990 222 993
1711 2 2 1 8 990 993 942
1712 2 2 1 8 222 221 993
1713 2 2 1 8 251 992 250
1714 2 2 1 8 250 992 994
1715 2 2 1 8 250 994 249
1716 2 2 1 8 992 942 994
1717 2 2 1 8 249 994 995
1718 2 2 1 8 995 994 996
1719 2 2 1 8 995 996 940
1720 2 2 1 8 994 942 996
1721 2 2 1 8 249 995 248
1722 2 2 1 8 248 995 983
1723 2 2 1 8 248 983 247
1724 2 2 1 8 995 940 983
1725 2 2 1 8 942 993 996
1726 2 2 1 8 996 993 986
1727 2 2 1 8 996 986 940
1728 2 2 1 8 993 221 986
1729 2 2 1 8 225 998 226
1730 2 2 1 8 226 998 997
1731 2 2 1 8 226 997 227
1732 2 2 1 8 998 943 997
1733 2 2 1 8 227 997 999
1734 2 2 1 8 999 997 1000
1735 2 2 1 8 999 1000 936
1736 2 2 1 8 997 943 1000
1737 2 2 1 8 227 999 228
1738 2 2 1 8 228 999 961
1739 2 2 1 8 228 961 229
1740 2 2 1 8 999 936 961
1741 2 2 1 8 943 1001 1000
1742 2 2 1 8 1000 1001 960
1743 2 2 1 8 1000 960 936
1744 2 2 1 8 1001 259 960
1745 2 2 1 8 255 1003 254
1746 2 2 1 8 254 1003 1002
1747 2 2 1 8 254 1002 253
1748 2 2 1 8 1003 944 1002
1749 2 2 1 8 253 1002 1004
1750 2 2 1 8 1004 1002 1005
1751 2 2 1 8 1004 1005 941
1752 2 2 1 8 1002 944 1005
1753 2 2 1 8 253 1004 252
1754 2 2 1 8 252 1004 991
1755 2 2 1 8 252 991 251
1756 2 2 1 8 1004 941 991
1757 2 2 1 8 944 1006 1005
1758 2 2 1 8 1005 1006 987
1759 2 2 1 8 1005 987 941
1760 2 2 1 8 1006 225 987
1761 2 2 1 8 255 256 1003
1762 2 2 1 8 1003 256 1007
1763 2 2 1 8 1003 1007 944
1764 2 2 1 8 256 257 1007
1765 2 2 1 8 944 1007 1008
1766 2 2 1 8 1008 1007 1009
1767 2 2 1 8 1008 1009 943
1768 2 2 1 8 1007 257 1009
1769 2 2 1 8 944 1008 1006
1770 2 2 1 8 1006 1008 998
1771 2 2 1 8 1006 998 225
1772 2 2 1 8 1008 943 998
1773 2 2 1 8 257 258 1009
1774 2 2 1 8 1009 258 1001
1775 2 2 1 8 1009 1001 943
1776 2 2 1 8 258 259 1001
1777 2 2 1 8 146 147 950
1778 2 2 1 8 950 147 1010
1779 2 2 1 8 950 1010 932
1780 2 2 1 8 147 148 1010
1781 2 2 1 8 932 1010 1011
1782 2 2 1 8 1011 1010 1012
1783 2 2 1 8 1011 1012 241
1784 2 2 1 8 1010 148 1012
1785 2 2 1 8 932 1011 945
1786 2 2 1 8 945 1011 242
1787 2 2 1 8 945 242 243
1788 2 2 1 8 1011 241 242
1789 2 2 1 8 148 149 1012
1790 2 2 1 8 1012 149 240
1791 2 2 1 8 1012 240 241
1792 2 2 1 8 149 8 240
1793 2 2 1 9 273 1035 274
1794 2 2 1 9 274 1035 1034
1795 2 2 1 9 274 1034 275
1796 2 2 1 9 1035 1016 1034
1797 2 2 1 9 275 1034 1036
1798 2 2 1 9 1036 1034 1037
1799 2 2 1 9 1036 1037 1015
1800 2 2 1 9 1034 1016 1037
1801 2 2 1 9 275 1036 276
1802 2 2 1 9 276 1036 1038
1803 2 2 1 9 276 1038 9
1804 2 2 1 9 1036 1015 1038
1805 2 2 1 9 1016 1040 1037
1806 2 2 1 9 1037 1040 1039
1807 2 2 1 9 1037 1039 1015
1808 2 2 1 9 1040 1013 1039
1809 2 2 1 9 153 1042 152
1810 2 2 1 9 152 1042 1041
1811 2 2 1 9 152 1041 151
1812 2 2 1 9 1042 1018 1041
1813 2 2 1 9 151 1041 1043
1814 2 2 1 9 1043 1041 1044
1815 2 2 1 9 1043 1044 1017
1816 2 2 1 9 1041 1018 1044
1817 2 2 1 9 151 1043 150
1818 2 2 1 9 150 1043 1045
1819 2 2 1 9 150 1045 8
1820 2 2 1 9 1043 1017 1045
1821 2 2 1 9 1018 1047 1044
1822 2 2 1 9 1044 1047 1046
1823 2 2 1 9 1044 1046 1017
1824 2 2 1 9 1047 1014 1046
1825 2 2 1 9 164 1050 1048
1826 2 2 1 9 1048 1050 1049
1827 2 2 1 9 1048 1049 1019
1828 2 2 1 9 1050 1020 1049
1829 2 2 1 9 1019 1049 1051
1830 2 2 1 9 1051 1049 1052
1831 2 2 1 9 1051 1052 245
1832 2 2 1 9 1049 1020 1052
1833 2 2 1 9 1019 1051 1053
1834 2 2 1 9 1053 1051 244
1835 2 2 1 9 1053 244 243
1836 2 2 1 9 1051 245 244
1837 2 2 1 9 1020 1054 1052
1838 2 2 1 9 1052 1054 246
1839 2 2 1 9 1052 246 245
1840 2 2 1 9 1054 247 246
1841 2 2 1 9 168 1056 167
1842 2 2 1 9 167 1056 1055
1843 2 2 1 9 167 1055 166
1844 2 2 1 9 1056 1021 1055
1845 2 2 1 9 166 1055 1057
1846 2 2 1 9 1057 1055 1058
1847 2 2 1 9 1057 1058 1020
1848 2 2 1 9 1055 1021 1058
1849 2 2 1 9 166 1057 165
1850 2 2 1 9 165 1057 1050
1851 2 2 1 9 165 1050 164
1852 2 2 1 9 1057 1020 1050
1853 2 2 1 9 1021 1059 1058
1854 2 2 1 9 1058 1059 1054
1855 2 2 1 9 1058 1054 1020
1856 2 2 1 9 1059 247 1054
1857 2 2 1 9 172 1062 1060
1858 2 2 1 9 1060 1062 1061
1859 2 2 1 9 1060 1061 1022
1860 2 2 1 9 1062 1023 1061
1861 2 2 1 9 1022 1061 1063
1862 2 2 1 9 1063 1061 1064
1863 2 2 1 9 1063 1064 253
1864 2 2 1 9 1061 1023 1064
1865 2 2 1 9 1022 1063 1065
1866 2 2 1 9 1065 1063 252
1867 2 2 1 9 1065 252 251
1868 2 2 1 9 1063 253 252
1869 2 2 1 9 1023 1066 1064
1870 2 2 1 9 1064 1066 254
1871 2 2 1 9 1064 254 253
1872 2 2 1 9 1066 255 254
1873 2 2 1 9 172 1060 171
1874 2 2 1 9 171 1060 1067
1875 2 2 1 9 171 1067 170
1876 2 2 1 9 1060 1022 1067
1877 2 2 1 9 170 1067 1068
1878 2 2 1 9 1068 1067 1069
1879 2 2 1 9 1068 1069 1024
1880 2 2 1 9 1067 1022 1069
1881 2 2 1 9 170 1068 169
1882 2 2 1 9 169 1068 1070
1883 2 2 1 9 169 1070 168
1884 2 2 1 9 1068 1024 1070
1885 2 2 1 9 1022 1065 1069
1886 2 2 1 9 1069 1065 1071
1887 2 2 1 9 1069 1071 1024
1888 2 2 1 9 1065 251 1071
1889 2 2 1 9 176 1073 175
1890 2 2 1 9 175 1073 1072
1891 2 2 1 9 175 1072 174
1892 2 2 1 9 1073 1025 1072
1893 2 2 1 9 174 1072 1074
1894 2 2 1 9 1074 1072 1075
1895 2 2 1 9 1074 1075 1023
1896 2 2 1 9 1072 1025 1075
1897 2 2 1 9 174 1074 173
1898 2 2 1 9 173 1074 1062
1899 2 2 1 9 173 1062 172
1900 2 2 1 9 1074 1023 1062
1901 2 2 1 9 1025 1076 1075
1902 2 2 1 9 1075 1076 1066
1903 2 2 1 9 1075 1066 1023
1904 2 2 1 9 1076 255 1066
1905 2 2 1 9 168 1070 1056
1906 2 2 1 9 1056 1070 1077
1907 2 2 1 9 1056 1077 1021
1908 2 2 1 9 1070 1024 1077
1909 2 2 1 9 1021 1077 1078
1910 2 2 1 9 1078 1077 1079
1911 2 2 1 9 1078 1079 249
1912 2 2 1 9 1077 1024 1079
1913 2 2 1 9 1021 1078 1059
1914 2 2 1 9 1059 1078 248
1915 2 2 1 9 1059 248 247
1916 2 2 1 9 1078 249 248
1917 2 2 1 9 1024 1071 1079
1918 2 2 1 9 1079 1071 250
1919 2 2 1 9 1079 250 249
1920 2 2 1 9 1071 251 250
1921 2 2 1 9 259 1082 1080
1922 2 2 1 9 1080 1082 1081
1923 2 2 1 9 1080 1081 1026
1924 2 2 1 9 1082 1027 1081
1925 2 2 1 9 1026 1081 1083
1926 2 2 1 9 1083 1081 1084
1927 2 2 1 9 1083 1084 1016
1928 2 2 1 9 1081 1027 1084
1929 2 2 1 9 1026 1083 1085
1930 2 2 1 9 1085 1083 1035
1931 2 2 1 9 1085 1035 273
1932 2 2 1 9 1083 1016 1035
1933 2 2 1 9 1027 1086 1084
1934 2 2 1 9 1084 1086 1040
1935 2 2 1 9 1084 1040 1016
1936 2 2 1 9 1086 1013 1040
1937 2 2 1 9 160 1089 1087
1938 2 2 1 9 1087 1089 1088
1939 2 2 1 9 1087 1088 1028
1940 2 2 1 9 1089 1029 1088
1941 2 2 1 9 1028 1088 1090
1942 2 2 1 9 1090 1088 1091
1943 2 2 1 9 1090 1091 1018
1944 2 2 1 9 1088 1029 1091
1945 2 2 1 9 1028 1090 1092
1946 2 2 1 9 1092 1090 1042
1947 2 2 1 9 1092 1042 153
1948 2 2 1 9 1090 1018 1042
1949 2 2 1 9 1029 1093 1091
1950 2 2 1 9 1091 1093 1047
1951 2 2 1 9 1091 1047 1018
1952 2 2 1 9 1093 1014 1047
1953 2 2 1 9 255 1095 256
1954 2 2 1 9 256 1095 1094
1955 2 2 1 9 256 1094 257
1956 2 2 1 9 1095 1030 1094
1957 2 2 1 9 257 1094 1096
1958 2 2 1 9 1096 1094 1097
1959 2 2 1 9 1096 1097 1027
1960 2 2 1 9 1094 1030 1097
1961 2 2 1 9 257 1096 258
1962 2 2 1 9 258 1096 1082
1963 2 2 1 9 258 1082 259
1964 2 2 1 9 1096 1027 1082
1965 2 2 1 9 1030 1098 1097
1966 2 2 1 9 1097 1098 1086
1967 2 2 1 9 1097 1086 1027
1968 2 2 1 9 1098 1013 1086
1969 2 2 1 9 164 1100 163
1970 2 2 1 9 163 1100 1099
1971 2 2 1 9 163 1099 162
1972 2 2 1 9 1100 1031 1099
1973 2 2 1 9 162 1099 1101
1974 2 2 1 9 1101 1099 1102
1975 2 2 1 9 1101 1102 1029
1976 2 2 1 9 1099 1031 1102
1977 2 2 1 9 162 1101 161
1978 2 2 1 9 161 1101 1089
1979 2 2 1 9 161 1089 160
1980 2 2 1 9 1101 1029 1089
1981 2 2 1 9 1031 1103 1102
1982 2 2 1 9 1102 1103 1093
1983 2 2 1 9 1102 1093 1029
1984 2 2 1 9 1103 1014 1093
1985 2 2 1 9 176 1105 1073
1986 2 2 1 9 1073 1105 1104
1987 2 2 1 9 1073 1104 1025
1988 2 2 1 9 1105 1032 1104
1989 2 2 1 9 1025 1104 1106
1990 2 2 1 9 1106 1104 1107
1991 2 2 1 9 1106 1107 1030
1992 2 2 1 9 1104 1032 1107
1993 2 2 1 9 1025 1106 1076
1994 2 2 1 9 1076 1106 1095
1995 2 2 1 9 1076 1095 255
1996 2 2 1 9 1106 1030 1095
1997 2 2 1 9 1032 1108 1107
1998 2 2 1 9 1107 1108 1098
1999 2 2 1 9 1107 1098 1030
2000 2 2 1 9 1108 1013 1098
2001 2 2 1 9 243 1110 1053
2002 2 2 1 9 1053 1110 1109
2003 2 2 1 9 1053 1109 1019
2004 2 2 1 9 1110 1033 1109
2005 2 2 1 9 1019 1109 1111
2006 2 2 1 9 1111 1109 1112
2007 2 2 1 9 1111 1112 1031
2008 2 2 1 9 1109 1033 1112
2009 2 2 1 9 1019 1111 1048
2010 2 2 1 9 1048 1111 1100
2011 2 2 1 9 1048 1100 164
2012 2 2 1 9 1111 1031 1100
2013 2 2 1 9 1033 1113 1112
2014 2 2 1 9 1112 1113 1103
2015 2 2 1 9 1112 1103 1031
2016 2 2 1 9 1113 1014 1103
2017 2 2 1 9 153 154 1092
2018 2 2 1 9 1092 154 1114
2019 2 2 1 9 1092 1114 1028
2020 2 2 1 9 154 155 1114
2021 2 2 1 9 1028 1114 1115
2022 2 2 1 9 1115 1114 1116
2023 2 2 1 9 1115 1116 158
2024 2 2 1 9 1114 155 1116
2025 2 2 1 9 1028 1115 1087
2026 2 2 1 9 1087 1115 159
2027 2 2 1 9 1087 159 160
2028 2 2 1 9 1115 158 159
2029 2 2 1 9 155 156 1116
2030 2 2 1 9 1116 156 157
2031 2 2 1 9 1116 157 158
2032 2 2 1 9 156 5 157
2033 2 2 1 9 8 1045 240
2034 2 2 1 9 240 1045 1117
2035 2 2 1 9 240 1117 241
2036 2 2 1 9 1045 1017 1117
2037 2 2 1 9 241 1117 1118
2038 2 2 1 9 1118 1117 1119
2039 2 2 1 9 1118 1119 1033
2040 2 2 1 9 1117 1017 1119
2041 2 2 1 9 241 1118 242
2042 2 2 1 9 242 1118 1110
2043 2 2 1 9 242 1110 243
2044 2 2 1 9 1118 1033 1110
2045 2 2 1 9 1017 1046 1119
2046 2 2 1 9 1119 1046 1113
2047 2 2 1 9 1119 1113 1033
2048 2 2 1 9 1046 1014 1113
2049 2 2 1 9 9 1038 179
2050 2 2 1 9 179 1038 1120
2051 2 2 1 9 179 1120 178
2052 2 2 1 9 1038 1015 1120
2053 2 2 1 9 178 1120 1121
2054 2 2 1 9 1121 1120 1122
2055 2 2 1 9 1121 1122 1032
2056 2 2 1 9 1120 1015 1122
2057 2 2 1 9 178 1121 177
2058 2 2 1 9 177 1121 1105
2059 2 2 1 9 177 1105 176
2060 2 2 1 9 1121 1032 1105
2061 2 2 1 9 1015 1039 1122
2062 2 2 1 9 1122 1039 1108
2063 2 2 1 9 1122 1108 1032
2064 2 2 1 9 1039 1013 1108
2065 2 2 1 9 273 272 1085
2066 2 2 1 9 1085 272 1123
2067 2 2 1 9 1085 1123 1026
2068 2 2 1 9 272 271 1123
2069 2 2 1 9 1026 1123 1124
2070 2 2 1 9 1124 1123 1125
2071 2 2 1 9 1124 1125 261
2072 2 2 1 9 1123 271 1125
2073 2 2 1 9 1026 1124 1080
2074 2 2 1 9 1080 1124 260
2075 2 2 1 9 1080 260 259
2076 2 2 1 9 1124 261 260
2077 2 2 1 9 271 270 1125
2078 2 2 1 9 1125 270 262
2079 2 2 1 9 1125 262 261
2080 2 2 1 9 270 12 262
2081 2 2 1 10 280 1134 1132
2082 2 2 1 10 1132 1134 1133
2083 2 2 1 10 1132 1133 1126
2084 2 2 1 10 1134 1128 1133
2085 2 2 1 10 1126 1133 1135
2086 2 2 1 10 1135 1133 1136
2087 2 2 1 10 1135 1136 1127
2088 2 2 1 10 1133 1128 1136
2089 2 2 1 10 1126 1135 1137
2090 2 2 1 10 1137 1135 1138
2091 2 2 1 10 1137 1138 291
2092 2 2 1 10 1135 1127 1138
2093 2 2 1 10 1128 1140 1136
2094 2 2 1 10 1136 1140 1139
2095 2 2 1 10 1136 1139 1127
2096 2 2 1 10 1140 206 1139
2097 2 2 1 10 280 279 1134
2098 2 2 1 10 1134 279 1141
2099 2 2 1 10 1134 1141 1128
2100 2 2 1 10 279 278 1141
2101 2 2 1 10 1128 1141 1142
2102 2 2 1 10 1142 1141 1143
2103 2 2 1 10 1142 1143 204
2104 2 2 1 10 1141 278 1143
2105 2 2 1 10 1128 1142 1140
2106 2 2 1 10 1140 1142 205
2107 2 2 1 10 1140 205 206
2108 2 2 1 10 1142 204 205
2109 2 2 1 10 278 277 1143
2110 2 2 1 10 1143 277 203
2111 2 2 1 10 1143 203 204
2112 2 2 1 10 277 9 203
2113 2 2 1 10 291 1138 290
2114 2 2 1 10 290 1138 1144
2115 2 2 1 10 290 1144 289
2116 2 2 1 10 1138 1127 1144
2117 2 2 1 10 289 1144 1145
2118 2 2 1 10 1145 1144 1146
2119 2 2 1 10 1145 1146 208
2120 2 2 1 10 1144 1127 1146
2121 2 2 1 10 289 1145 288
2122 2 2 1 10 288 1145 209
2123 2 2 1 10 288 209 10
2124 2 2 1 10 1145 208 209
2125 2 2 1 10 1127 1139 1146
2126 2 2 1 10 1146 1139 207
2127 2 2 1 10 1146 207 208
2128 2 2 1 10 1139 206 207
2129 2 2 1 10 14 301 1147
2130 2 2 1 10 1147 301 1148
2131 2 2 1 10 1147 1148 1129
2132 2 2 1 10 301 300 1148
2133 2 2 1 10 1129 1148 1149
2134 2 2 1 10 1149 1148 1150
2135 2 2 1 10 1149 1150 286
2136 2 2 1 10 1148 300 1150
2137 2 2 1 10 1129 1149 1151
2138 2 2 1 10 1151 1149 285
2139 2 2 1 10 1151 285 284
2140 2 2 1 10 1149 286 285
2141 2 2 1 10 300 299 1150
2142 2 2 1 10 1150 299 287
2143 2 2 1 10 1150 287 286
2144 2 2 1 10 299 13 287
2145 2 2 1 10 14 1147 298
2146 2 2 1 10 298 1147 1152
2147 2 2 1 10 298 1152 297
2148 2 2 1 10 1147 1129 1152
2149 2 2 1 10 297 1152 1153
2150 2 2 1 10 1153 1152 1154
2151 2 2 1 10 1153 1154 1130
2152 2 2 1 10 1152 1129 1154
2153 2 2 1 10 297 1153 296
2154 2 2 1 10 296 1153 1155
2155 2 2 1 10 296 1155 295
2156 2 2 1 10 1153 1130 1155
2157 2 2 1 10 1129 1151 1154
2158 2 2 1 10 1154 1151 1156
2159 2 2 1 10 1154 1156 1130
2160 2 2 1 10 1151 284 1156
2161 2 2 1 10 291 1158 1137
2162 2 2 1 10 1137 1158 1157
2163 2 2 1 10 1137 1157 1126
2164 2 2 1 10 1158 1131 1157
2165 2 2 1 10 1126 1157 1159
2166 2 2 1 10 1159 1157 1160
2167 2 2 1 10 1159 1160 282
2168 2 2 1 10 1157 1131 1160
2169 2 2 1 10 1126 1159 1132
2170 2 2 1 10 1132 1159 281
2171 2 2 1 10 1132 281 280
2172 2 2 1 10 1159 282 281
2173 2 2 1 10 1131 1161 1160
2174 2 2 1 10 1160 1161 283
2175 2 2 1 10 1160 283 282
2176 2 2 1 10 1161 284 283
2177 2 2 1 10 291 292 1158
2178 2 2 1 10 1158 292 1162
2179 2 2 1 10 1158 1162 1131
2180 2 2 1 10 292 293 1162
2181 2 2 1 10 1131 1162 1163
2182 2 2 1 10 1163 1162 1164
2183 2 2 1 10 1163 1164 1130
2184 2 2 1 10 1162 293 1164
2185 2 2 1 10 1131 1163 1161
2186 2 2 1 10 1161 1163 1156
2187 2 2 1 10 1161 1156 284
2188 2 2 1 10 1163 1130 1156
2189 2 2 1 10 293 294 1164
2190 2 2 1 10 1164 294 1155
2191 2 2 1 10 1164 1155 1130
2192 2 2 1 10 294 295 1155
2193 2 2 1 11 315 316 1168
2194 2 2 1 11 1168 316 1169
2195 2 2 1 11 1168 1169 1165
2196 2 2 1 11 316 317 1169
2197 2 2 1 11 1165 1169 1170
2198 2 2 1 11 1170 1169 1171
2199 2 2 1 11 1170 1171 300
2200 2 2 1 11 1169 317 1171
2201 2 2 1 11 1165 1170 1172
2202 2 2 1 11 1172 1170 301
2203 2 2 1 11 1172 301 14
2204 2 2 1 11 1170 300 301
2205 2 2 1 11 317 318 1171
2206 2 2 1 11 1171 318 299
2207 2 2 1 11 1171 299 300
2208 2 2 1 11 318 13 299
2209 2 2 1 11 315 1168 1173
2210 2 2 1 11 1173 1168 1174
2211 2 2 1 11 1173 1174 1166
2212 2 2 1 11 1168 1165 1174
2213 2 2 1 11 1166 1174 1175
2214 2 2 1 11 1175 1174 1176
2215 2 2 1 11 1175 1176 303
2216 2 2 1 11 1174 1165 1176
2217 2 2 1 11 1166 1175 1177
2218 2 2 1 11 1177 1175 304
2219 2 2 1 11 1177 304 305
2220 2 2 1 11 1175 303 304
2221 2 2 1 11 1165 1172 1176
2222 2 2 1 11 1176 1172 302
2223 2 2 1 11 1176 302 303
2224 2 2 1 11 1172 14 302
2225 2 2 1 11 305 306 1178
2226 2 2 1 11 1178 306 1179
2227 2 2 1 11 1178 1179 1167
2228 2 2 1 11 306 307 1179
2229 2 2 1 11 1167 1179 1180
2230 2 2 1 11 1180 1179 1181
2231 2 2 1 11 1180 1181 310
2232 2 2 1 11 1179 307 1181
2233 2 2 1 11 1167 1180 1182
2234 2 2 1 11 1182 1180 311
2235 2 2 1 11 1182 311 16
2236 2 2 1 11 1180 310 311
2237 2 2 1 11 307 308 1181
2238 2 2 1 11 1181 308 309
2239 2 2 1 11 1181 309 310
2240 2 2 1 11 308 15 309
2241 2 2 1 11 315 1173 314
2242 2 2 1 11 314 1173 1183
2243 2 2 1 11 314 1183 313
2244 2 2 1 11 1173 1166 1183
2245 2 2 1 11 313 1183 1184
2246 2 2 1 11 1184 1183 1185
2247 2 2 1 11 1184 1185 1167
2248 2 2 1 11 1183 1166 1185
2249 2 2 1 11 313 1184 312
2250 2 2 1 11 312 1184 1182
2251 2 2 1 11 312 1182 16
2252 2 2 1 11 1184 1167 1182
2253 2 2 1 11 1166 1177 1185
2254 2 2 1 11 1185 1177 1178
2255 2 2 1 11 1185 1178 1167
2256 2 2 1 11 1177 305 1178
2257 2 2 1 12 14 1202 302
2258 2 2 1 12 302 1202 1201
2259 2 2 1 12 302 1201 303
2260 2 2 1 12 1202 1189 1201
2261 2 2 1 12 303 1201 1203
2262 2 2 1 12 1203 1201 1204
2263 2 2 1 12 1203 1204 1188
2264 2 2 1 12 1201 1189 1204
2265 2 2 1 12 303 1203 304
2266 2 2 1 12 304 1203 1205
2267 2 2 1 12 304 1205 305
2268 2 2 1 12 1203 1188 1205
2269 2 2 1 12 1189 1207 1204
2270 2 2 1 12 1204 1207 1206
2271 2 2 1 12 1204 1206 1188
2272 2 2 1 12 1207 1186 1206
2273 2 2 1 12 11 1209 239
2274 2 2 1 12 239 1209 1208
2275 2 2 1 12 239 1208 238
2276 2 2 1 12 1209 1191 1208
2277 2 2 1 12 238 1208 1210
2278 2 2 1 12 1210 1208 1211
2279 2 2 1 12 1210 1211 1190
2280 2 2 1 12 1208 1191 1211
2281 2 2 1 12 238 1210 237
2282 2 2 1 12 237 1210 1212
2283 2 2 1 12 237 1212 236
2284 2 2 1 12 1210 1190 1212
2285 2 2 1 12 1191 1214 1211
2286 2 2 1 12 1211 1214 1213
2287 2 2 1 12 1211 1213 1190
2288 2 2 1 12 1214 1187 1213
2289 2 2 1 12 305 1205 1215
2290 2 2 1 12 1215 1205 1216
2291 2 2 1 12 1215 1216 1192
2292 2 2 1 12 1205 1188 1216
2293 2 2 1 12 1192 1216 1217
2294 2 2 1 12 1217 1216 1218
2295 2 2 1 12 1217 1218 1193
2296 2 2 1 12 1216 1188 1218
2297 2 2 1 12 1192 1217 1219
2298 2 2 1 12 1219 1217 1220
2299 2 2 1 12 1219 1220 326
2300 2 2 1 12 1217 1193 1220
2301 2 2 1 12 1188 1206 1218
2302 2 2 1 12 1218 1206 1221
2303 2 2 1 12 1218 1221 1193
2304 2 2 1 12 1206 1186 1221
2305 2 2 1 12 236 1212 1222
2306 2 2 1 12 1222 1212 1223
2307 2 2 1 12 1222 1223 1194
2308 2 2 1 12 1212 1190 1223
2309 2 2 1 12 1194 1223 1224
2310 2 2 1 12 1224 1223 1225
2311 2 2 1 12 1224 1225 1195
2312 2 2 1 12 1223 1190 1225
2313 2 2 1 12 1194 1224 1226
2314 2 2 1 12 1226 1224 1227
2315 2 2 1 12 1226 1227 291
2316 2 2 1 12 1224 1195 1227
2317 2 2 1 12 1190 1213 1225
2318 2 2 1 12 1225 1213 1228
2319 2 2 1 12 1225 1228 1195
2320 2 2 1 12 1213 1187 1228
2321 2 2 1 12 326 1220 325
2322 2 2 1 12 325 1220 1229
2323 2 2 1 12 325 1229 324
2324 2 2 1 12 1220 1193 1229
2325 2 2 1 12 324 1229 1230
2326 2 2 1 12 1230 1229 1231
2327 2 2 1 12 1230 1231 1196
2328 2 2 1 12 1229 1193 1231
2329 2 2 1 12 324 1230 323
2330 2 2 1 12 323 1230 1232
2331 2 2 1 12 323 1232 322
2332 2 2 1 12 1230 1196 1232
2333 2 2 1 12 1193 1221 1231
2334 2 2 1 12 1231 1221 1233
2335 2 2 1 12 1231 1233 1196
2336 2 2 1 12 1221 1186 1233
2337 2 2 1 12 291 1227 292
2338 2 2 1 12 292 1227 1234
2339 2 2 1 12 292 1234 293
2340 2 2 1 12 1227 1195 1234
2341 2 2 1 12 293 1234 1235
2342 2 2 1 12 1235 1234 1236
2343 2 2 1 12 1235 1236 1197
2344 2 2 1 12 1234 1195 1236
2345 2 2 1 12 293 1235 294
2346 2 2 1 12 294 1235 1237
2347 2 2 1 12 294 1237 295
2348 2 2 1 12 1235 1197 1237
2349 2 2 1 12 1195 1228 1236
2350 2 2 1 12 1236 1228 1238
2351 2 2 1 12 1236 1238 1197
2352 2 2 1 12 1228 1187 1238
2353 2 2 1 12 322 1232 1239
2354 2 2 1 12 1239 1232 1240
2355 2 2 1 12 1239 1240 1198
2356 2 2 1 12 1232 1196 1240
2357 2 2 1 12 1198 1240 1241
2358 2 2 1 12 1241 1240 1242
2359 2 2 1 12 1241 1242 1199
2360 2 2 1 12 1240 1196 1242
2361 2 2 1 12 1198 1241 1243
2362 2 2 1 12 1243 1241 1244
2363 2 2 1 12 1243 1244 295
2364 2 2 1 12 1241 1199 1244
2365 2 2 1 12 1196 1233 1242
2366 2 2 1 12 1242 1233 1245
2367 2 2 1 12 1242 1245 1199
2368 2 2 1 12 1233 1186 1245
2369 2 2 1 12 295 1237 1243
2370 2 2 1 12 1243 1237 1246
2371 2 2 1 12 1243 1246 1198
2372 2 2 1 12 1237 1197 1246
2373 2 2 1 12 1198 1246 1247
2374 2 2 1 12 1247 1246 1248
2375 2 2 1 12 1247 1248 1200
2376 2 2 1 12 1246 1197 1248
2377 2 2 1 12 1198 1247 1239
2378 2 2 1 12 1239 1247 1249
2379 2 2 1 12 1239 1249 322
2380 2 2 1 12 1247 1200 1249
2381 2 2 1 12 1197 1238 1248
2382 2 2 1 12 1248 1238 1250
2383 2 2 1 12 1248 1250 1200
2384 2 2 1 12 1238 1187 1250
2385 2 2 1 12 291 290 1226
2386 2 2 1 12 1226 290 1251
2387 2 2 1 12 1226 1251 1194
2388 2 2 1 12 290 289 1251
2389 2 2 1 12 1194 1251 1252
2390 2 2 1 12 1252 1251 1253
2391 2 2 1 12 1252 1253 234
2392 2 2 1 12 1251 289 1253
2393 2 2 1 12 1194 1252 1222
2394 2 2 1 12 1222 1252 235
2395 2 2 1 12 1222 235 236
2396 2 2 1 12 1252 234 235
2397 2 2 1 12 289 288 1253
2398 2 2 1 12 1253 288 233
2399 2 2 1 12 1253 233 234
2400 2 2 1 12 288 10 233
2401 2 2 1 12 322 1249 321
2402 2 2 1 12 321 1249 1254
2403 2 2 1 12 321 1254 320
2404 2 2 1 12 1249 1200 1254
2405 2 2 1 12 320 1254 1255
2406 2 2 1 12 1255 1254 1256
2407 2 2 1 12 1255 1256 1191
2408 2 2 1 12 1254 1200 1256
2409 2 2 1 12 320 1255 319
2410 2 2 1 12 319 1255 1209
2411 2 2 1 12 319 1209 11
2412 2 2 1 12 1255 1191 1209
2413 2 2 1 12 1200 1250 1256
2414 2 2 1 12 1256 1250 1214
2415 2 2 1 12 1256 1214 1191
2416 2 2 1 12 1250 1187 1214
2417 2 2 1 12 295 1244 296
2418 2 2 1 12 296 1244 1257
2419 2 2 1 12 296 1257 297
2420 2 2 1 12 1244 1199 1257
2421 2 2 1 12 297 1257 1258
2422 2 2 1 12 1258 1257 1259
2423 2 2 1 12 1258 1259 1189
2424 2 2 1 12 1257 1199 1259
2425 2 2 1 12 297 1258 298
2426 2 2 1 12 298 1258 1202
2427 2 2 1 12 298 1202 14
2428 2 2 1 12 1258 1189 1202
2429 2 2 1 12 1199 1245 1259
2430 2 2 1 12 1259 1245 1207
2431 2 2 1 12 1259 1207 1189
2432 2 2 1 12 1245 1186 1207
2433 2 2 1 12 326 327 1219
2434 2 2 1 12 1219 327 1260
2435 2 2 1 12 1219 1260 1192
2436 2 2 1 12 327 328 1260
2437 2 2 1 12 1192 1260 1261
2438 2 2 1 12 1261 1260 1262
2439 2 2 1 12 1261 1262 307
2440 2 2 1 12 1260 328 1262
2441 2 2 1 12 1192 1261 1215
2442 2 2 1 12 1215 1261 306
2443 2 2 1 12 1215 306 305
2444 2 2 1 12 1261 307 306
2445 2 2 1 12 328 329 1262
2446 2 2 1 12 1262 329 308
2447 2 2 1 12 1262 308 307
2448 2 2 1 12 329 15 308
2449 2 2 1 13 333 1271 1269
2450 2 2 1 13 1269 1271 1270
2451 2 2 1 13 1269 1270 1263
2452 2 2 1 13 1271 1265 1270
2453 2 2 1 13 1263 1270 1272
2454 2 2 1 13 1272 1270 1273
2455 2 2 1 13 1272 1273 1264
2456 2 2 1 13 1270 1265 1273
2457 2 2 1 13 1263 1272 1274
2458 2 2 1 13 1274 1272 1275
2459 2 2 1 13 1274 1275 266
2460 2 2 1 13 1272 1264 1275
2461 2 2 1 13 1265 1277 1273
2462 2 2 1 13 1273 1277 1276
2463 2 2 1 13 1273 1276 1264
2464 2 2 1 13 1277 322 1276
2465 2 2 1 13 322 321 1276
2466 2 2 1 13 1276 321 1278
2467 2 2 1 13 1276 1278 1264
2468 2 2 1 13 321 320 1278
2469 2 2 1 13 1264 1278 1279
2470 2 2 1 13 1279 1278 1280
2471 2 2 1 13 1279 1280 264
2472 2 2 1 13 1278 320 1280
2473 2 2 1 13 1264 1279 1275
2474 2 2 1 13 1275 1279 265
2475 2 2 1 13 1275 265 266
2476 2 2 1 13 1279 264 265
2477 2 2 1 13 320 319 1280
2478 2 2 1 13 1280 319 263
2479 2 2 1 13 1280 263 264
2480 2 2 1 13 319 11 263
2481 2 2 1 13 16 311 340
2482 2 2 1 13 340 311 1281
2483 2 2 1 13 340 1281 339
2484 2 2 1 13 311 310 1281
2485 2 2 1 13 339 1281 1282
2486 2 2 1 13 1282 1281 1283
2487 2 2 1 13 1282 1283 1266
2488 2 2 1 13 1281 310 1283
2489 2 2 1 13 339 1282 338
2490 2 2 1 13 338 1282 1284
2491 2 2 1 13 338 1284 337
2492 2 2 1 13 1282 1266 1284
2493 2 2 1 13 310 309 1283
2494 2 2 1 13 1283 309 1285
2495 2 2 1 13 1283 1285 1266
2496 2 2 1 13 309 15 1285
2497 2 2 1 13 337 1284 1286
2498 2 2 1 13 1286 1284 1287
2499 2 2 1 13 1286 1287 1267
2500 2 2 1 13 1284 1266 1287
2501 2 2 1 13 1267 1287 1288
2502 2 2 1 13 1288 1287 1289
2503 2 2 1 13 1288 1289 328
2504 2 2 1 13 1287 1266 1289
2505 2 2 1 13 1267 1288 1290
2506 2 2 1 13 1290 1288 327
2507 2 2 1 13 1290 327 326
2508 2 2 1 13 1288 328 327
2509 2 2 1 13 1266 1285 1289
2510 2 2 1 13 1289 1285 329
2511 2 2 1 13 1289 329 328
2512 2 2 1 13 1285 15 329
2513 2 2 1 13 322 1292 323
2514 2 2 1 13 323 1292 1291
2515 2 2 1 13 323 1291 324
2516 2 2 1 13 1292 1268 1291
2517 2 2 1 13 324 1291 1293
2518 2 2 1 13 1293 1291 1294
2519 2 2 1 13 1293 1294 1267
2520 2 2 1 13 1291 1268 1294
2521 2 2 1 13 324 1293 325
2522 2 2 1 13 325 1293 1290
2523 2 2 1 13 325 1290 326
2524 2 2 1 13 1293 1267 1290
2525 2 2 1 13 1268 1295 1294
2526 2 2 1 13 1294 1295 1286
2527 2 2 1 13 1294 1286 1267
2528 2 2 1 13 1295 337 1286
2529 2 2 1 13 333 334 1271
2530 2 2 1 13 1271 334 1296
2531 2 2 1 13 1271 1296 1265
2532 2 2 1 13 334 335 1296
2533 2 2 1 13 1265 1296 1297
2534 2 2 1 13 1297 1296 1298
2535 2 2 1 13 1297 1298 1268
2536 2 2 1 13 1296 335 1298
2537 2 2 1 13 1265 1297 1277
2538 2 2 1 13 1277 1297 1292
2539 2 2 1 13 1277 1292 322
2540 2 2 1 13 1297 1268 1292
2541 2 2 1 13 335 336 1298
2542 2 2 1 13 1298 336 1295
2543 2 2 1 13 1298 1295 1268
2544 2 2 1 13 336 337 1295
2545 2 2 1 13 266 267 1274
2546 2 2 1 13 1274 267 1299
2547 2 2 1 13 1274 1299 1263
2548 2 2 1 13 267 268 1299
2549 2 2 1 13 1263 1299 1300
2550 2 2 1 13 1300 1299 1301
2551 2 2 1 13 1300 1301 331
2552 2 2 1 13 1299 268 1301
2553 2 2 1 13 1263 1300 1269
2554 2 2 1 13 1269 1300 332
2555 2 2 1 13 1269 332 333
2556 2 2 1 13 1300 331 332
2557 2 2 1 13 268 269 1301
2558 2 2 1 13 1301 269 330
2559 2 2 1 13 1301 330 331
2560 2 2 1 13 269 12 330
2561 2 2 1 14 273 1318 272
2562 2 2 1 14 272 1318 1317
2563 2 2 1 14 272 1317 271
2564 2 2 1 14 1318 1305 1317
2565 2 2 1 14 271 1317 1319
2566 2 2 1 14 1319 1317 1320
2567 2 2 1 14 1319 1320 1304
2568 2 2 1 14 1317 1305 1320
2569 2 2 1 14 271 1319 270
2570 2 2 1 14 270 1319 1321
2571 2 2 1 14 270 1321 12
2572 2 2 1 14 1319 1304 1321
2573 2 2 1 14 1305 1323 1320
2574 2 2 1 14 1320 1323 1322
2575 2 2 1 14 1320 1322 1304
2576 2 2 1 14 1323 1303 1322
2577 2 2 1 14 315 1325 316
2578 2 2 1 14 316 1325 1324
2579 2 2 1 14 316 1324 317
2580 2 2 1 14 1325 1307 1324
2581 2 2 1 14 317 1324 1326
2582 2 2 1 14 1326 1324 1327
2583 2 2 1 14 1326 1327 1306
2584 2 2 1 14 1324 1307 1327
2585 2 2 1 14 317 1326 318
2586 2 2 1 14 318 1326 1328
2587 2 2 1 14 318 1328 13
2588 2 2 1 14 1326 1306 1328
2589 2 2 1 14 1307 1330 1327
2590 2 2 1 14 1327 1330 1329
2591 2 2 1 14 1327 1329 1306
2592 2 2 1 14 1330 1302 1329
2593 2 2 1 14 280 1333 1331
2594 2 2 1 14 1331 1333 1332
2595 2 2 1 14 1331 1332 1308
2596 2 2 1 14 1333 1309 1332
2597 2 2 1 14 1308 1332 1334
2598 2 2 1 14 1334 1332 1335
2599 2 2 1 14 1334 1335 1305
2600 2 2 1 14 1332 1309 1335
2601 2 2 1 14 1308 1334 1336
2602 2 2 1 14 1336 1334 1318
2603 2 2 1 14 1336 1318 273
2604 2 2 1 14 1334 1305 1318
2605 2 2 1 14 1309 1337 1335
2606 2 2 1 14 1335 1337 1323
2607 2 2 1 14 1335 1323 1305
2608 2 2 1 14 1337 1303 1323
2609 2 2 1 14 337 1340 1338
2610 2 2 1 14 1338 1340 1339
2611 2 2 1 14 1338 1339 1310
2612 2 2 1 14 1340 1311 1339
2613 2 2 1 14 1310 1339 1341
2614 2 2 1 14 1341 1339 1342
2615 2 2 1 14 1341 1342 1307
2616 2 2 1 14 1339 1311 1342
2617 2 2 1 14 1310 1341 1343
2618 2 2 1 14 1343 1341 1325
2619 2 2 1 14 1343 1325 315
2620 2 2 1 14 1341 1307 1325
2621 2 2 1 14 1311 1344 1342
2622 2 2 1 14 1342 1344 1330
2623 2 2 1 14 1342 1330 1307
2624 2 2 1 14 1344 1302 1330
2625 2 2 1 14 333 1346 334
2626 2 2 1 14 334 1346 1345
2627 2 2 1 14 334 1345 335
2628 2 2 1 14 1346 1312 1345
2629 2 2 1 14 335 1345 1347
2630 2 2 1 14 1347 1345 1348
2631 2 2 1 14 1347 1348 1311
2632 2 2 1 14 1345 1312 1348
2633 2 2 1 14 335 1347 336
2634 2 2 1 14 336 1347 1340
2635 2 2 1 14 336 1340 337
2636 2 2 1 14 1347 1311 1340
2637 2 2 1 14 1312 1349 1348
2638 2 2 1 14 1348 1349 1344
2639 2 2 1 14 1348 1344 1311
2640 2 2 1 14 1349 1302 1344
2641 2 2 1 14 284 1351 283
2642 2 2 1 14 283 1351 1350
2643 2 2 1 14 283 1350 282
2644 2 2 1 14 1351 1313 1350
2645 2 2 1 14 282 1350 1352
2646 2 2 1 14 1352 1350 1353
2647 2 2 1 14 1352 1353 1309
2648 2 2 1 14 1350 1313 1353
2649 2 2 1 14 282 1352 281
2650 2 2 1 14 281 1352 1333
2651 2 2 1 14 281 1333 280
2652 2 2 1 14 1352 1309 1333
2653 2 2 1 14 1313 1354 1353
2654 2 2 1 14 1353 1354 1337
2655 2 2 1 14 1353 1337 1309
2656 2 2 1 14 1354 1303 1337
2657 2 2 1 14 284 1357 1355
2658 2 2 1 14 1355 1357 1356
2659 2 2 1 14 1355 1356 1314
2660 2 2 1 14 1357 1315 1356
2661 2 2 1 14 1314 1356 1358
2662 2 2 1 14 1358 1356 1359
2663 2 2 1 14 1358 1359 1312
2664 2 2 1 14 1356 1315 1359
2665 2 2 1 14 1314 1358 1360
2666 2 2 1 14 1360 1358 1346
2667 2 2 1 14 1360 1346 333
2668 2 2 1 14 1358 1312 1346
2669 2 2 1 14 1315 1361 1359
2670 2 2 1 14 1359 1361 1349
2671 2 2 1 14 1359 1349 1312
2672 2 2 1 14 1361 1302 1349
2673 2 2 1 14 333 1363 1360
2674 2 2 1 14 1360 1363 1362
2675 2 2 1 14 1360 1362 1314
2676 2 2 1 14 1363 1316 1362
2677 2 2 1 14 1314 1362 1364
2678 2 2 1 14 1364 1362 1365
2679 2 2 1 14 1364 1365 1313
2680 2 2 1 14 1362 1316 1365
2681 2 2 1 14 1314 1364 1355
2682 2 2 1 14 1355 1364 1351
2683 2 2 1 14 1355 1351 284
2684 2 2 1 14 1364 1313 1351
2685 2 2 1 14 1316 1366 1365
2686 2 2 1 14 1365 1366 1354
2687 2 2 1 14 1365 1354 1313
2688 2 2 1 14 1366 1303 1354
2689 2 2 1 14 9 277 276
2690 2 2 1 14 276 277 1367
2691 2 2 1 14 276 1367 275
2692 2 2 1 14 277 278 1367
2693 2 2 1 14 275 1367 1368
2694 2 2 1 14 1368 1367 1369
2695 2 2 1 14 1368 1369 1308
2696 2 2 1 14 1367 278 1369
2697 2 2 1 14 275 1368 274
2698 2 2 1 14 274 1368 1336
2699 2 2 1 14 274 1336 273
2700 2 2 1 14 1368 1308 1336
2701 2 2 1 14 278 279 1369
2702 2 2 1 14 1369 279 1331
2703 2 2 1 14 1369 1331 1308
2704 2 2 1 14 279 280 1331
2705 2 2 1 14 12 1321 330
2706 2 2 1 14 330 1321 1370
2707 2 2 1 14 330 1370 331
2708 2 2 1 14 1321 1304 1370
2709 2 2 1 14 331 1370 1371
2710 2 2 1 14 1371 1370 1372
2711 2 2 1 14 1371 1372 1316
2712 2 2 1 14 1370 1304 1372
2713 2 2 1 14 331 1371 332
2714 2 2 1 14 332 1371 1363
2715 2 2 1 14 332 1363 333
2716 2 2 1 14 1371 1316 1363
2717 2 2 1 14 1304 1322 1372
2718 2 2 1 14 1372 1322 1366
2719 2 2 1 14 1372 1366 1316
2720 2 2 1 14 1322 1303 1366
2721 2 2 1 14 13 1328 287
2722 2 2 1 14 287 1328 1373
2723 2 2 1 14 287 1373 286
2724 2 2 1 14 1328 1306 1373
2725 2 2 1 14 286 1373 1374
2726 2 2 1 14 1374 1373 1375
2727 2 2 1 14 1374 1375 1315
2728 2 2 1 14 1373 1306 1375
2729 2 2 1 14 286 1374 285
2730 2 2 1 14 285 1374 1357
2731 2 2 1 14 285 1357 284
2732 2 2 1 14 1374 1315 1357
2733 2 2 1 14 1306 1329 1375
2734 2 2 1 14 1375 1329 1361
2735 2 2 1 14 1375 1361 1315
2736 2 2 1 14 1329 1302 1361
2737 2 2 1 14 315 314 1343
2738 2 2 1 14 1343 314 1376
2739 2 2 1 14 1343 1376 1310
2740 2 2 1 14 314 313 1376
2741 2 2 1 14 1310 1376 1377
2742 2 2 1 14 1377 1376 1378
2743 2 2 1 14 1377 1378 339
2744 2 2 1 14 1376 313 1378
2745 2 2 1 14 1310 1377 1338
2746 2 2 1 14 1338 1377 338
2747 2 2 1 14 1338 338 337
2748 2 2 1 14 1377 339 338
2749 2 2 1 14 313 312 1378
2750 2 2 1 14 1378 312 340
2751 2 2 1 14 1378 340 339
2752 2 2 1 14 312 16 340
$EndElements
