$MeshFormat
2.2 0 8
$EndMeshFormat
$PhysicalNames
1
2 1 "surf"
$EndPhysicalNames
$Nodes
1218
1 -1.5 -0.05000000000018 -8.881784197001e-16
2 -1.5 0.04999999999984 8.881784197001e-16
3 1.5 0.04999999999984 -8.881784197001e-16
4 1.5 -0.05000000000018 -8.881784197001e-16
5 1.499999999852 0.04999999970738 20.00000001956
6 1.499999999853 -0.05000000029264 20.000000019559
7 -1.500000000148 -0.05000000029366 20.000000019611
8 -1.500000000148 0.04999999970636 20.000000019612
9 -1.5 -0.03750000000017747 -7.771561172375873e-16
10 -1.5 -0.02500000000017495 -6.661338147750746e-16
11 -1.5 -0.01250000000017242 -5.551115123125618e-16
12 -1.5 -1.698918783432646e-13 -4.440892098500491e-16
13 -1.5 0.01249999999983258 -3.330669073875368e-16
14 -1.5 0.02499999999983504 -2.220446049250246e-16
15 -1.5 0.03749999999983754 -1.110223024625122e-16
16 -1.125 0.0499999999999 -1.899522206195e-16
17 -0.7499999999999989 0.0499999999999 -1.899522206195e-16
18 -0.3749999999999982 0.0499999999999 -1.899522206195e-16
19 2.220446049250313e-15 0.0499999999999 -1.899522206195e-16
20 0.3750000000000016 0.0499999999999 -1.899522206195e-16
21 0.7500000000000009 0.0499999999999 -1.899522206195e-16
22 1.125 0.0499999999999 -1.899522206195e-16
23 1.5 0.03749999999983748 -8.881784197001e-16
24 1.5 0.02499999999983495 -8.881784197001e-16
25 1.5 0.01249999999983242 -8.881784197001e-16
26 1.5 -1.701069840542857e-13 -8.881784197001e-16
27 1.5 -0.01250000000017257 -8.881784197001e-16
28 1.5 -0.02500000000017505 -8.881784197001e-16
29 1.5 -0.03750000000017753 -8.881784197001e-16
30 1.125 -0.05000000000013 -1.899522206195e-16
31 0.7499999999999989 -0.05000000000013 -1.899522206195e-16
32 0.3749999999999982 -0.05000000000013 -1.899522206195e-16
33 -2.220446049250313e-15 -0.05000000000013 -1.899522206195e-16
34 -0.3750000000000016 -0.05000000000013 -1.899522206195e-16
35 -0.7500000000000009 -0.05000000000013 -1.899522206195e-16
36 -1.125 -0.05000000000013 -1.899522206195e-16
37 -1.492611071399611 -0.1568810920697434 0.4545455220351043
38 -1.47761644956915 -0.2629634180127541 0.9090908949299216
39 -1.455092131871919 -0.3677055716275963 1.363636305985807
40 -1.425152896566366 -0.4705737125459336 1.818181773699597
41 -1.387951390350796 -0.5710437936928248 2.272727266322168
42 -1.343677231877134 -0.6686039948589004 2.727272753878827
43 -1.292556031789726 -0.762757247129993 3.181818221584458
44 -1.234848268051144 -0.8530237645193273 3.636363669283051
45 -1.170847985803732 -0.9389435213655709 4.090909105547369
46 -1.100881312946393 -1.02007863338107 4.545454540709184
47 -1.025304796746832 -1.096015615508827 4.999999983185068
48 -0.9445035759070096 -1.166367499574449 5.454545436867793
49 -0.8588894054045055 -1.230775802835514 5.909090900465647
50 -0.7688985510211147 -1.288912342777064 6.363636369113297
51 -0.6749895681277513 -1.340480895090955 6.818181836114807
52 -0.5776409748021663 -1.385218692307866 7.272727296002251
53 -0.4773488262626659 -1.422897758867688 7.727272747293411
54 -0.3746241957716837 -1.453326076532163 8.18181819294978
55 -0.2699905675343759 -1.476348572263348 8.636363639427792
56 -0.1639811530891862 -1.491847918844093 9.090909092251762
57 -0.05713615261248924 -1.499745138306323 9.545454550942893
58 0.05000000018844251 -1.499999999068859 10.00000000965827
59 0.1568813650412134 -1.492611202045051 10.4545454680475
60 0.2629632992355337 -1.47761640029922 10.90909092605787
61 0.3677052565878788 -1.455092017941665 11.36363637920443
62 0.4705734986870164 -1.425152831953956 11.81818182720911
63 0.5710438113979805 -1.387951392209331 12.27272727434152
64 0.6686041932833189 -1.343677259086355 12.72727272571907
65 0.7627574827596382 -1.292556045090858 13.18181818411747
66 0.8530239009677967 -1.234848262085747 13.63636364909843
67 0.9389434945574655 -1.170847984662908 14.09090911675166
68 1.020078468661389 -1.100881343244332 14.54545458127902
69 1.096015403094287 -1.02530486026748 15.00000003732447
70 1.166367346270303 -0.9445036400301126 15.45454548201222
71 1.230775781512429 -0.8588894186677929 15.90909091750703
72 1.288912458558303 -0.7688984779724063 16.36363635165329
73 1.340481081240042 -0.6749894251078744 16.81818179605454
74 1.385218839603923 -0.5776408419635327 17.27272726178711
75 1.422897771372486 -0.4773488149225501 17.7272727507391
76 1.453325935116931 -0.3746243669939341 18.18181824772505
77 1.47634837390188 -0.2699908341670196 18.63636371942431
78 1.491847844945237 -0.163981256256153 19.09090913029511
79 1.499745287824903 -0.05713588938758279 19.54545449932513
80 -1.499744990591995 -0.05713588117163318 0.4545455241494228
81 -1.491847932913094 -0.1639812735233677 0.9090908939426156
82 -1.476348659818475 -0.2699908842153877 1.363636303502997
83 -1.453326151577418 -0.3746244145651567 1.818181771980839
84 -1.422897808195105 -0.4773488211252135 2.272727266233812
85 -1.385218733416568 -0.5776407957209032 2.727272755003058
86 -1.340480930754747 -0.6749893487044946 3.18181822297325
87 -1.288912349945151 -0.7688984115754713 3.636363670151648
88 -1.230775752413007 -0.8588893972615617 4.090909105607986
89 -1.166367386168425 -0.9445036756159163 4.54545454012589
90 -1.096015474661484 -1.025304936911532 4.999999982360912
91 -1.020078533189643 -1.100881425760612 5.454545436197256
92 -0.9389435294312225 -1.170848035977642 5.909090900169064
93 -0.8530239043135643 -1.234848261084409 6.363636369204754
94 -0.7627574671254058 -1.292555996659801 6.818181836451736
95 -0.6686041743646652 -1.343677191283619 7.272727296381536
96 -0.5710437987557864 -1.387951341061735 7.727272747546656
97 -0.470573493105863 -1.425152820795391 8.181818192997486
98 -0.3677052541138943 -1.455092043090177 8.636363639305095
99 -0.26296329728311 -1.477616434775499 9.090909092082267
100 -0.1568813640858191 -1.492611219853011 9.545454550850637
101 -0.04999999980765463 -1.499999999066272 10.00000000967485
102 0.05713615362802683 -1.499745120484092 10.45454546821369
103 0.1639811551551009 -1.491847884331427 10.90909092638636
104 0.2699905700891618 -1.476348547081917 11.36363637944574
105 0.374624201317226 -1.453326087709078 11.81818182708914
106 0.4773488387467882 -1.422897810105549 12.27272727383149
107 0.5776409935138397 -1.385218760238734 12.72727272507221
108 0.6749895836102582 -1.340480943614635 13.18181818369913
109 0.7688985476619813 -1.288912343761753 13.63636364917818
110 0.8588893706773222 -1.230775751366201 14.09090911734381
111 0.9445035116353557 -1.166367416806406 14.54545458212896
112 1.025304725444139 -1.096015538618035 15.00000003803268
113 1.100881273202048 -1.020078597686719 15.45454548220306
114 1.170848014864955 -0.9389435429063191 15.90909091701227
115 1.23484837643744 -0.8530238313041021 16.36363635061525
116 1.292556181962925 -0.7627573240429457 16.81818179490847
117 1.343677337839144 -0.6686040414535892 17.2727272611523
118 1.387951353533196 -0.571043787367594 17.72727275114265
119 1.425152680344111 -0.4705736642563439 18.18181824921389
120 1.455091846250701 -0.3677055206212212 18.63636372117926
121 1.477616361725544 -0.2629634004609713 19.09090913057756
122 1.492611368583787 -0.1568811013336334 19.54545449698791
123 1.499999999852125 0.03749999970737748 20.00000001955987
124 1.49999999985225 0.02499999970737495 20.00000001955975
125 1.499999999852375 0.01249999970737242 20.00000001955963
126 1.4999999998525 -2.926301076455751e-10 20.0000000195595
127 1.499999999852625 -0.01250000029263258 20.00000001955938
128 1.49999999985275 -0.02500000029263505 20.00000001955925
129 1.499999999852875 -0.03750000029263753 20.00000001955913
130 1.124999999852875 -0.05000000029276749 20.0000000195655
131 0.74999999985275 -0.050000000292895 20.000000019572
132 0.374999999852625 -0.0500000002930225 20.0000000195785
133 -1.475000122042047e-10 -0.05000000029315 20.000000019585
134 -0.375000000147625 -0.0500000002932775 20.0000000195915
135 -0.75000000014775 -0.050000000293405 20.000000019598
136 -1.125000000147875 -0.0500000002935325 20.0000000196045
137 -1.500000000148 -0.03750000029365748 20.00000001961113
138 -1.500000000148 -0.02500000029365496 20.00000001961125
139 -1.500000000148 -0.01250000029365242 20.00000001961138
140 -1.500000000148 -2.936499064742915e-10 20.0000000196115
141 -1.500000000148 0.01249999970635258 20.00000001961163
142 -1.500000000148 0.02499999970635505 20.00000001961175
143 -1.500000000148 0.03749999970635753 20.00000001961187
144 -1.125000000147999 0.04999999970625307 20.00000001960543
145 -0.7500000001479989 0.04999999970637613 20.00000001959886
146 -0.3750000001479983 0.0499999997064992 20.00000001959229
147 -1.479978362084466e-10 0.04999999970662227 20.00000001958572
148 0.3749999998520015 0.04999999970674534 20.00000001957915
149 0.7499999998520008 0.04999999970686841 20.00000001957258
150 1.124999999852 0.04999999970699148 20.00000001956601
151 1.492611354557985 0.1568816644316901 0.4545453888575056
152 1.477616393545969 0.2629632331292227 0.9090909265770619
153 1.455091938506401 0.3677049776140023 1.363636424913876
154 1.42515276933395 0.4705732530209554 1.818181866132024
155 1.387951366736781 0.5710437176197986 2.272727283025152
156 1.343677253019912 0.668604243569599 2.727272705593127
157 1.292556039390389 0.7627576101023363 3.181818148458184
158 1.234848251293926 0.853024037334573 3.636363611412295
159 1.170847974018331 0.9389435975663879 4.090909085440652
160 1.100881340550781 1.020078521698401 4.545454560176125
161 1.02530487154882 1.096015403491812 5.00000002725217
162 0.9445036696719907 1.166367295963316 5.454545482966097
163 0.8588894695525525 1.230775686970018 5.909090928876559
164 0.7688985466378662 1.288912338333848 6.363636369986157
165 0.6749894918099445 1.340480972913249 6.818181813051281
166 0.5776408645612783 1.385218795078512 7.272727263478515
167 0.4773487415731145 1.422897833558467 7.727272722630322
168 0.3746241803848213 1.453326099220939 8.181818187352805
169 0.2699906182135189 1.476348553936459 8.636363651062485
170 0.1639812208837051 1.491847890261907 9.090909108181116
171 0.05713618754371159 1.499745123767526 9.545454559144209
172 -0.04999999978832129 1.500000000932186 10.000000009928
173 -0.1568813979811773 1.492611223259403 10.45454546103794
174 -0.2629633630360418 1.47761644093844 10.90909091268181
175 -0.3677053022563141 1.455092050114797 11.36363636947786
176 -0.4705734720898423 1.425152832247623 11.81818183166087
177 -0.5710437013556509 1.387951364213222 12.27272729490732
178 -0.66860404511095 1.343677225727185 12.72727275397274
179 -0.7627573750960562 1.292556025675609 13.18181820588902
180 -0.8530239032801782 1.234848255653165 13.6363636509747
181 -0.9389436285744632 1.170847971900614 14.09090909307872
182 -1.020078691690357 1.100881305459244 14.54545453805966
183 -1.096015621222211 1.025304802345246 14.99999999141082
184 -1.16636745369911 0.9445035999683702 15.45454545627495
185 -1.230775711264659 0.8588894518806169 15.90909093067733
186 -1.28891222399575 0.768898617189716 16.36363640682372
187 -1.340480787135276 0.6749896341793135 16.81818187307526
188 -1.385218647867743 0.5776409974281416 17.27272731791357
189 -1.422897821620661 0.4773487514318634 17.72727273908651
190 -1.453326241983445 0.3746240038529709 18.18181815161657
191 -1.476348753974802 0.2699903418464615 18.63636358885148
192 -1.491847965293218 0.1639811064839385 19.09090908737472
193 -1.499744974466942 0.05713644420233857 19.54545462895826
194 1.499745271701191 0.05713645238723925 0.454545386740064
195 1.491847877330527 0.1639810891715344 0.9090909275581465
196 1.476348468067673 0.2699902917480876 1.363636427387356
197 1.453326025536362 0.3746239562311937 1.818181867838322
198 1.422897784814494 0.4773487451809685 2.27272728310178
199 1.385218754074327 0.577641043625048 2.727272704457881
200 1.340480937642575 0.6749897105392517 3.181818147059088
201 1.288912332633756 0.7688986835452492 3.636363610534114
202 1.230775740391824 0.8588894732473967 4.090909085371171
203 1.166367413831567 0.9445035643451372 4.54545456075129
204 1.096015549688266 1.025304725665987 5.000000028068936
205 1.020078627197758 1.100881222910224 5.454545483629967
206 0.9389435937384609 1.170847920555835 5.909090929167189
207 0.8530238999739836 1.234848256627344 6.363636369889458
208 0.7627573907714522 1.292556074082536 6.818181812709817
209 0.6686040640721727 1.343677293508923 7.272727263095407
210 0.5710437140416468 1.387951415343019 7.727272722373971
211 0.4705734777158289 1.425152843391629 8.181818187302733
212 0.367705304775916 1.455092024954994 8.63636365118356
213 0.2629633650345919 1.477616406454137 9.090909108349734
214 0.1568813989829608 1.492611205446655 9.545454559236328
215 0.05000000021555695 1.500000000933183 10.00000000991199
216 -0.05713618648191363 1.499745141591365 10.45454546087307
217 -0.1639812187719348 1.491847924779427 10.90909091235536
218 -0.2699906156135089 1.476348579126002 11.36363636923931
219 -0.3746241747949324 1.453326088055334 11.81818183178433
220 -0.477348729045766 1.422897782335018 12.27272729542156
221 -0.5776408458077169 1.385218727165045 12.72727275462453
222 -0.6749894762870827 1.340480924409844 13.18181820631302
223 -0.7688985499583574 1.288912337372182 13.63636365090133
224 -0.8588895042429903 1.230775738464952 14.09090909249369
225 -0.9445037339089939 1.166367378759388 14.54545453721757
226 -1.025304942819159 1.096015480412809 14.99999999071119
227 -1.100881380265253 1.020078557424877 15.45454545609342
228 -1.170847944929836 0.938943576059466 15.90909093118214
229 -1.234848142883008 0.8530239705852271 16.36363640787253
230 -1.29255588919521 0.7627575332264821 16.81818187423285
231 -1.343677147038501 0.6686041970139129 17.27272731856061
232 -1.387951403537527 0.5710437239861931 17.72727273869591
233 -1.425152985542082 0.470573301353756 18.18181815014142
234 -1.455092224116682 0.3677050286647338 18.63636358710679
235 -1.477616481382598 0.2629632507224234 19.09090908709909
236 -1.492611057371211 0.1568816551970566 19.54545463129888
237 8.416206800696007e-17 0.0004629629628330985 -1.89952207666069e-16
238 -0.7500000000000001 -0.01641659665988247 -1.899379907554796e-16
239 -0.7499999999999996 0.01723957397731894 -1.899370490756519e-16
240 0.7499999999999993 -0.01655194473166441 -1.899673729238869e-16
241 0.7500000000000002 0.01724034437749846 -1.899664274355446e-16
242 8.796330888821083e-16 0.02201534002220551 -1.899516046432553e-16
243 -0.3749999999999997 0.009259259259128299 -1.899446169555185e-16
244 -0.3749999999999989 0.03042365850601908 -1.899440247880955e-16
245 -0.375 -0.008101851851988017 -1.8994510270918e-16
246 -0.7499999999999997 0.0004668513387422468 -1.899375183665506e-16
247 -6.837421906920897e-16 -0.02110006021634266 -1.899528109867548e-16
248 -0.3750000000000007 -0.02982530701032379 -1.899457105186581e-16
249 -1.125 -0.00671296296311825 -1.899303746581631e-16
250 -1.125 0.007503540021705814 -1.899299768887845e-16
251 1.125 -0.006712962963118372 -1.899744422303351e-16
252 0.7499999999999998 0.0004164559047964954 -1.899668981580331e-16
253 1.125 0.007495269182744681 -1.899740446923697e-16
254 0.3749999999999999 -0.00877973780228627 -1.899598108667536e-16
255 0.3750000000000003 0.009259259259128268 -1.899593061462425e-16
256 0.374999999999999 -0.02996084601400382 -1.899604035016836e-16
257 0.375000000000001 0.03042378690604899 -1.899587139752269e-16
258 -0.7500000000000006 -0.03333333333346957 -1.899384640758061e-16
259 -1.125 -0.03611111111126234 -1.899311972010299e-16
260 -1.125 -0.02083333333349204 -1.899307697378078e-16
261 -1.125 0.02152777777762927 -1.899295844988737e-16
262 -1.125 0.03634259259246059 -1.899291699890826e-16
263 -0.7499999999999992 0.03402777777766175 -1.899365793515994e-16
264 0.7500000000000007 0.03402777777766171 -1.899659577330474e-16
265 1.125 0.03634259259246055 -1.899732375612546e-16
266 1.125 0.0215277777776292 -1.899736520710457e-16
267 1.125 -0.03611111111126238 -1.899752647732019e-16
268 0.7499999999999993 -0.0333333333334696 -1.899678424572541e-16
269 1.125 -0.02083333333349212 -1.899748373099798e-16
270 -1.495199056018248 -0.1208944743936119 0.578823693161022
271 -1.485802855486415 -0.2059478367902247 0.8557912372504473
272 -1.439926476912822 -0.4202538473351088 1.803218655377889
273 1.49517229171945 -0.1212303498329489 19.41965120389754
274 1.439926252971007 -0.4202538073757351 18.19678130273244
275 1.485941868532478 -0.2049458350293718 19.14914735982437
276 -1.261959809595636 -0.8108373767500574 3.635268049813073
277 -1.364680162119277 -0.6226138462862565 2.723380705334194
278 -0.9822951470928589 -1.133620916483117 5.454486511013799
279 -1.133647293692702 -0.9822646753145503 4.545185488904286
280 -0.8109640692560839 -1.26187847574922 6.363617303039943
281 -0.623120303338034 -1.36444897903521 7.272741506238765
282 -0.213472227933502 -1.484732176415456 9.090909087966828
283 -0.4225994747429903 -1.439239263589433 8.181817080601087
284 0.2134722295644904 -1.484732141973385 10.90909092944108
285 -7.821313057811292e-07 -1.499999999067779 9.999992233628792
286 0.6231215888219614 -1.364448468439716 12.72726708686292
287 0.4225974234468438 -1.439239878705252 11.81817199497723
288 0.9822973303940694 -1.13361888613916 14.54550318425332
289 0.8109612247495717 -1.26188030264402 13.6363636531158
290 1.261958734823531 -0.810839283704559 16.36467092829766
291 1.133643937892353 -0.982268466525541 15.4547556831696
292 1.364698178718029 -0.6225746249085903 17.27675166568013
293 -1.482683331649971 -0.2291781100782427 1.101617395106157
294 -1.490310228254817 -0.1703910721168478 0.7569778126804634
295 -1.47182063826054 -0.290250329326613 1.33450934811804
296 -1.498172953222138 -0.07415625639201624 0.2949900275906692
297 -1.496366223023067 -0.1052981923328902 0.387210294985182
298 -1.499559782197902 -0.03662389867110514 0.1750523259862465
299 -1.494815857668521 -0.1275963954256444 0.4254343049721668
300 -1.466890398826284 -0.3134366748421259 1.327037608764068
301 -1.446598499102384 -0.3974309991814582 1.810700325012889
302 -1.481833066102133 -0.2343486587973304 0.8824337510284463
303 -1.460707616748962 -0.3420274371622294 1.356162702284226
304 -1.432524956274516 -0.4455573431624815 1.811604773514395
305 -1.499124662690922 -0.05534502483197683 0.3237785634238217
306 -1.492844182604602 -0.1500535002709794 0.778487595825526
307 -1.499218325196168 -0.05948765131263969 0.3991547082277322
308 1.499557740907077 -0.03672099487616156 19.82450447979612
309 1.499118478293398 -0.05553008432584865 19.67534307393189
310 1.492813931454618 -0.1503574450281299 19.22015676037255
311 1.499217220662663 -0.05952649632275207 19.60066053422677
312 1.482489196511532 -0.2304455858255626 18.89239994066418
313 1.481896338080448 -0.2339709249617717 19.12002773289668
314 1.494816172062678 -0.1275964133843027 19.57456570284032
315 1.460707332980144 -0.3420273807548569 18.64383728981968
316 1.466890119058375 -0.3134366192058781 18.67296237027267
317 1.432524675888301 -0.4455574357041329 18.18839030018364
318 1.446598278999675 -0.3974309554447932 18.18929966388583
319 1.471820358413719 -0.2902502688691481 18.66549066140727
320 1.497957838700072 -0.07834686971330608 19.68399841772111
321 1.496444651413492 -0.1042225983876373 19.61860693682595
322 1.490262504413814 -0.1708105890151708 19.24101257893256
323 -1.354165556836601 -0.6456518039985029 2.725784338973811
324 -1.396814851985432 -0.5473015876475881 2.270791476890154
325 -1.304599760159696 -0.7407071217809624 3.181046351518444
326 -1.316682495571927 -0.7185728833989551 3.179388373856485
327 -1.248399105004766 -0.8319411440707014 3.635965090600527
328 -1.275473053963329 -0.7898020971861432 3.635226237787771
329 -1.328605671318042 -0.6967233306783396 3.180120279837366
330 -1.414471152405933 -0.4998742848197455 2.266799762685926
331 -1.405899414435122 -0.5229219859125036 2.263991298265602
332 -1.374942350514715 -0.6001245243324423 2.725329004535526
333 -1.117258601158853 -1.001178497155989 4.545410836038046
334 -1.185848454665095 -0.9189064728473839 4.09072103818812
335 -1.042984771515345 -1.078335733560388 4.999983238542779
336 -1.060671193903236 -1.060649217997195 4.999872535510573
337 -0.9633992062447001 -1.149994389865107 5.454536330114173
338 -1.001191554481913 -1.117246513693982 5.454435257081894
339 -1.078348945956703 -1.042970611040597 4.999846062783732
340 -1.21583622692409 -0.8788423099574837 4.090305339087088
341 -1.200857954366557 -0.8988548956854419 4.09029943876407
342 -1.150014317661721 -0.9633746041991725 4.545201289765071
343 -0.7408255472043233 -1.304531448182769 6.818118656128203
344 -0.7188741712074094 -1.316518088991604 6.818178798588471
345 -0.6458680195404289 -1.35406031650888 7.272697487038525
346 -0.7899267107536416 -1.275398247067497 6.363661655480191
347 -0.6969248557216287 -1.328503120837588 6.818226779315277
348 -0.8789038888479573 -1.2157931607414 5.909088330835819
349 -0.6003777700239825 -1.374834999094722 7.272761306065909
350 -0.8319975325209414 -1.248360839083421 6.363582677380499
351 -0.9189337889440425 -1.185826844266702 5.909030577220047
352 -0.8989199756209458 -1.20080929320115 5.909055727225929
353 -0.3986067886275512 -1.446284036853072 8.181846297483975
354 -0.500769929217197 -1.414162028492842 7.727299149222372
355 -0.2944152206689384 -1.471035203702314 8.636391119574004
356 -0.3188478557908652 -1.46572031964901 8.636363719907234
357 -0.1887200387980814 -1.488290837139595 9.090951147890584
358 -0.2382212903190852 -1.481173697592275 9.090883686684828
359 -0.343279588919616 -1.460405436645818 8.636342558028888
360 -0.5476215692574418 -1.396687335469128 7.727261894056497
361 -0.5241961976303359 -1.405424592811903 7.727278239130269
362 -0.4465883530614867 -1.432195440376789 8.181805246900428
363 0.02500493669923315 -1.499999888666458 10.00002812129211
364 -0.0820701658104846 -1.497961768184606 9.545468334798469
365 0.1319491086013671 -1.494394284014082 10.45457295856794
366 0.1070094145064414 -1.496178114405021 10.45454615162631
367 0.2382241587428551 -1.481173184610904 10.90913305647188
368 0.1887231847627198 -1.48829041701535 10.90906560699671
369 0.08206666509840248 -1.49796190855427 10.45450825214303
370 -0.1070051702191903 -1.49617843570483 9.545462019328301
371 -0.02500525205462823 -1.499999849476413 9.999961917795011
372 -0.1319492555285778 -1.494394250592432 9.545416732135108
373 0.6458649683981362 -1.354061859614072 12.72728557146473
374 0.5476202571608718 -1.396687908474781 12.27273150802901
375 0.5241965844856712 -1.405424504403526 12.27272496279648
376 0.4465867135610317 -1.432195950009303 11.81819100357349
377 0.6003774991909532 -1.374835232180878 12.72724634419046
378 0.50076442800604 -1.41416403888859 12.27267765445936
379 0.3432776751401395 -1.460405876513732 11.36364547619774
380 0.3188512297840456 -1.465719561059578 11.36364358185705
381 0.3986063727135307 -1.446284130356583 11.81814360175177
382 0.2944150197068017 -1.471035176857165 11.36359746741031
383 0.8319976486306155 -1.248360872636766 13.63639391534696
384 0.7408164376185813 -1.30453671926346 13.18182775735231
385 0.9189394714869434 -1.185822480933207 14.09097594472241
386 0.8989193491535128 -1.200809684713228 14.09092639892507
387 1.001193423398302 -1.117244853185379 14.5455460023468
388 0.9633977278866688 -1.149995470458383 14.54545176513244
389 0.8789023969954302 -1.215794146176489 14.09090069982972
390 0.6969290194055147 -1.328501018884962 13.18179885246687
391 0.718873535461821 -1.316518493111348 13.18181819860693
392 0.7899275852807992 -1.275397723597922 13.63634687139853
393 1.275476648962669 -0.78979668533595 16.3647809122681
394 1.215837153046923 -0.8788411918858542 15.90968568783764
395 1.200850658351275 -0.8988647020827791 15.90955058365975
396 1.150017882492824 -0.9633701588181989 15.45484038040066
397 1.248398207915625 -0.8319425308678048 16.36400126051283
398 1.185846341730779 -0.9189091488834744 15.90924739963953
399 1.078350293526277 -1.042969024605648 15.00017028298271
400 1.117261313251504 -1.001175448282797 15.45461631063265
401 1.04298703760493 -1.078333404391982 15.00003211242087
402 1.060669809872364 -1.060650453799588 15.00010051495006
403 1.374998278369002 -0.5999939144204107 17.27555591827824
404 1.328625788936447 -0.69668477678193 16.82013010852807
405 1.414487985047057 -0.4998254142379407 17.73351636226932
406 1.405901719550276 -0.522915670463882 17.73602956694872
407 1.396889487648608 -0.5471158766617388 17.73051117381245
408 1.304603985456556 -0.7407004660627832 16.81904283078003
409 1.316681901243944 -0.7185743184877167 16.82052118750891
410 1.354184709598923 -0.6456141166149718 17.27463646856978
411 -0.7500000001479138 0.01647118005505306 20.00000001959928
412 -0.7500000001478256 -0.01731656762544836 20.00000001959899
413 -1.477461253698996e-10 9.760027508189129e-05 20.000000019586
414 0.7499999998525001 -0.01645437018935276 20.00000001957272
415 0.7499999998522516 0.01725132362217824 20.00000001957301
416 -0.3750000001479253 0.02993565302396582 20.00000001959283
417 -0.3750000001478314 0.008326367162057858 20.00000001959264
418 -1.478529473285824e-10 0.02138834131762586 20.00000001958619
419 -0.7500000001478687 -0.000509429639031253 20.00000001959913
420 -0.3750000001477765 -0.009696961342034833 20.00000001959248
421 -1.125000000147942 0.006712962669401678 20.00000001960577
422 -1.125000000147924 -0.007523468875617268 20.00000001960564
423 -0.3750000001476919 -0.03041216216542566 20.0000000195923
424 -1.476399695450317e-10 -0.0213840455433736 20.00000001958581
425 0.3749999998522526 0.009568585010994177 20.00000001957951
426 0.3749999998521301 0.03036892028414203 20.00000001957969
427 0.3749999998523769 -0.008359589627780514 20.00000001957936
428 0.749999999852376 0.0004657486543540751 20.00000001957287
429 0.3749999998524977 -0.02992510494939643 20.00000001957917
430 1.1249999998525 -0.006733325052732993 20.00000001956623
431 1.124999999852375 0.007498169829913538 20.00000001956636
432 0.749999999852126 0.03400527234068632 20.00000001957316
433 1.12499999985225 0.02150527234093959 20.00000001956648
434 1.124999999852125 0.0363350905850397 20.00000001956661
435 1.124999999852625 -0.02085262374956926 20.00000001956611
436 0.7499999998526253 -0.03335262374969923 20.00000001957257
437 1.12499999985275 -0.03611754144503393 20.00000001956597
438 -0.7500000001477846 -0.03402777807119837 20.00000001959884
439 -1.12500000014791 -0.02152777807132335 20.00000001960552
440 -1.125000000147887 -0.03634259288612861 20.00000001960539
441 -1.125000000147958 0.02083333303976416 20.00000001960589
442 -0.7500000001479573 0.03333333303977471 20.00000001959943
443 -1.125000000147986 0.03611111081748011 20.00000001960603
444 -0.0322549367337229 0.03998960522929559 2.844073866101924
445 -0.032530220620014 -0.03985795539107041 17.15617922503203
446 -0.0447836817321331 -0.02279464464739759 13.63401248879701
447 -0.04272758273410601 0.0259970534063388 6.364688163813454
448 -0.05000007413438367 0.00170876583416753 10.00027685179198
449 -0.04782561370700089 0.01459435768630976 8.182235801760314
450 -0.04875662951730758 -0.01142306779657783 11.81796811822667
451 -0.03991684727847127 -0.0315489880242182 15.44314479262843
452 -0.03941261857793749 0.03198880105039781 4.556054177737742
453 -0.01692759374349461 -0.04757467403881638 18.7169507625913
454 -0.01682409609549147 0.04759518093129653 1.283115549256193
455 -0.008901127984287981 -0.04936320412682539 19.37203349127681
456 0.7417971285314622 -0.137224071858371 19.25774638181972
457 -0.008851212606832555 0.04936844392887548 0.6279896785209972
458 0.7418285045581703 0.137229390995719 0.7422665721668096
459 0.7165197157521659 -0.2263520822679375 18.47597200639935
460 0.7165918558869609 0.2263766250731007 1.52409014146791
461 -0.7600360727159313 -0.03820252411730529 0.7383049220621064
462 -0.7600731037749149 0.03820425651085211 19.26171752396843
463 -0.7503002013977078 -0.1316825758955747 1.524199594605389
464 -0.7503819490484133 0.1316945306710777 18.47586065024851
465 0.6758498363888025 0.3148966348186332 2.348553413356002
466 0.6282372781231095 0.4047939157933327 3.217655618679299
467 0.6757293915553868 -0.3148364642017342 17.65155532723122
468 0.6280547280150415 -0.4046599636664825 16.78258761527244
469 0.4078284239231286 0.6278992143822092 5.907408447023485
470 0.3147434492910046 0.6801174915734152 6.815643461711264
471 0.4064120112097854 -0.6261053358549948 14.09209462010343
472 0.3138583100415953 -0.6784969059160604 13.18436025009045
473 0.003800026221510187 -0.7489424186143584 10.45762440395026
474 -0.1028114942902945 -0.7422003607301362 9.548847055565094
475 -0.2074111826355803 -0.7203277809167217 8.64015531877186
476 -0.3080494023003841 -0.6841151294614496 7.731073864964711
477 0.214372435450497 -0.7168384568567755 12.27568447863553
478 0.1102774089598317 -0.7404867160546914 11.36666584377927
479 0.5655932054925594 -0.487926233037269 15.89492981456051
480 0.4906548267388733 -0.5621243303890689 14.99541235261446
481 0.5658281822695047 0.4881586373939033 4.105449623450168
482 0.4918724336074197 0.5632945175154394 5.004292991836767
483 -0.566688413697591 -0.4968044100440768 5.00494780956055
484 -0.6330371863934879 -0.4126291538950903 4.09902825409674
485 -0.5672359024612088 0.4973984846067133 14.99477715443074
486 -0.6334092716615511 0.4127852566908087 15.9018037083815
487 -0.2079814307484334 0.7226446107467588 11.36040563156122
488 -0.30876879846475 0.6858844001898613 12.26940952978264
489 0.2152036601150922 0.7189986152065212 7.724120454237617
490 0.1107905977680441 0.7428466155496743 8.633345804910297
491 0.003946082069392728 0.7511715603003957 9.542498414205888
492 -0.1030724187937916 0.7443886037054769 10.45204690675625
493 -0.4036306604087426 0.6359746183068083 13.17731211267493
494 -0.4903994888935329 0.5725202079993154 14.08656209559295
495 -0.4026041801159912 -0.633984363535502 6.822252742961803
496 -0.4893179409148134 -0.5709886506075219 5.913006491950805
497 -0.6877813752364474 0.3228961568268379 16.78644259075456
498 -0.7253102392671587 0.2263653278659355 17.65489246428543
499 -0.6875463648725511 -0.3227896231396891 3.213731688132599
500 -0.725165856714216 -0.2263239763916627 2.345220086003131
501 -0.04556475464491248 0.02058879558206451 7.273432307276535
502 -0.04220217453075814 -0.02763918899730929 14.53976939246966
503 -0.04079800744543087 0.02926318724794413 5.459413198941634
504 -0.04980523493345388 -0.004931485965057216 10.90932973784755
505 -0.0493268119452341 0.008258324038871166 9.091215564951787
506 -0.04696840022933384 -0.01751371925414734 12.72635666866849
507 -0.03482375443037951 0.03697633399155775 3.682773189731218
508 -0.03522393453513306 -0.03671465709834579 16.31718722014371
509 -0.02727929311051001 0.04360975116182869 2.049150619029057
510 -0.02745782586012184 -0.0435507573186393 17.95098056510479
511 0.746491366149213 -0.09346775222151558 19.63043231824784
512 1.118375560590445 -0.1153376530769991 19.62897719956173
513 0.3708714828651525 -0.06989294176897259 19.66006985276323
514 0.3655634665507903 -0.09001381866645969 19.31099490268765
515 -0.004458404621981478 -0.04984044521261623 19.68601670558807
516 -0.01293041712515001 -0.04861575731139634 19.04740920063956
517 0.3597918915330204 -0.1100189997041131 18.95934293277429
518 0.746506371749429 0.09346960675763873 0.3695702265136995
519 1.118389927237089 0.1153394482294794 0.3710243692537595
520 0.3708919730942266 0.06989498307928102 0.3399343104760569
521 0.3656027205814215 0.09001905902302114 0.6890182252052032
522 -0.004433413668511188 0.04984238670590885 0.3139948883012375
523 -0.0128538017100879 0.04862702353288406 0.9526349082467497
524 0.3598560926429805 0.110031328479775 1.040692492706109
525 1.09753589363425 -0.2648486195740332 18.77460225838297
526 1.075774395350234 -0.338186092958372 18.3433266948846
527 1.111974260858598 -0.1909104406281509 19.19978690414968
528 0.7321487464936005 -0.181832773514037 18.87253241872737
529 0.3522150513507989 -0.1307759475399349 18.58644382608836
530 1.097567275951072 0.2648591280335451 1.225425046658919
531 1.075817294070614 0.3382038846829715 1.656711133241895
532 1.111996552909105 0.1909157855944456 0.8002272796919915
533 0.7322003033807196 0.1818459936221448 1.127504631725942
534 0.3523096720966505 0.1308006910317576 1.413622607911501
535 -0.3795897813139356 0.02980083453133816 0.3396434267298639
536 -0.7544371627640675 0.006147416625173778 0.3703424714925447
537 -0.382746718272711 0.008722185294634054 0.6887635764685842
538 -1.126705210273363 -0.01561708182028983 0.3708166619194523
539 -0.3853507431003614 -0.01287211049855388 1.040469602290612
540 -0.3796106129515716 -0.02979956306951499 19.66036574526886
541 -0.7544528720248478 -0.006146824234471551 19.62966604211731
542 -0.3827866016287563 -0.008718723070696507 19.31125432483411
543 -1.126720179403983 0.01561752890002259 19.6291896193355
544 -0.3854171923598863 0.01288023185360059 18.95957106146933
545 -1.128144194303011 -0.09200132967618564 0.7993351769463224
546 -1.121630841834099 -0.1678253079442797 1.226292298030702
547 -0.7582021836297377 -0.08474529690062546 1.126138787958766
548 -1.107712380915067 -0.2428879408425569 1.654946757785395
549 -0.3865227797256128 -0.03594054677086132 1.412523273802264
550 -1.128170623534638 0.09200206111608841 19.20067940077027
551 -1.121670381627376 0.1678279346302654 18.77373282167283
552 -0.7582616984057491 0.08475080138390155 18.87389975437956
553 -1.107766629914812 0.2428948210284753 18.34509123615014
554 -0.3866230251419768 0.03595843472329031 18.58754327158575
555 0.9801388003463412 0.5504869353979518 2.974569902775314
556 0.9389977537722043 0.6179147703139636 3.421977062199542
557 1.016022065844458 0.4804541631458393 2.52873242364971
558 0.6529616388080903 0.3598442622192657 2.779284191650174
559 1.047681551736671 0.4094909836718872 2.088960396726767
560 0.3154734229055403 0.1908340666783448 2.597371350815447
561 0.3037345615991733 0.2124186726009554 3.023817848185323
562 0.98005659474831 -0.5504234782608117 17.02553960083879
563 0.9388969135232104 -0.6178246646342237 16.57816728396584
564 1.015954129673038 -0.4804109519719122 17.47134384632884
565 0.6528109485047791 -0.3597524086765 17.22088075758578
566 1.047626074222166 -0.4094629178763466 17.91109014521973
567 0.3152794199692914 -0.1907390187653067 17.40280496451827
568 0.3034908926787509 -0.2122760428245911 16.97644379797226
569 0.5308844165488105 0.9917803987113794 6.58811993587099
570 0.4589449877566159 1.027487216252962 7.042740317922994
571 0.600206379343968 0.9513108650358367 6.133713233254638
572 0.3619947708040507 0.6551923168893512 6.361030924557737
573 0.6661628086553298 0.9056639434029586 5.679404237696021
574 0.1716987409681451 0.3347983763364293 6.134762604703086
575 0.1477316662545478 0.3467910266426446 6.589302325777161
576 0.5303241997759852 -0.9908563124797845 13.41182427937194
577 0.4584503557398163 -1.026442176392595 12.95740611918537
578 0.5995472752198229 -0.9504894721620865 13.86587600360679
579 0.3609869086330535 -0.6537129493847643 13.63856472711364
580 0.6655402810772404 -0.9050228652327399 14.32013087723877
581 0.1698893123568552 -0.3323396006275861 13.86380582650393
582 0.1461521879142652 -0.3442058703543774 13.41003569919108
583 -0.08954246207274552 -1.120914921043033 9.775689151425233
584 -0.1693822342788795 -1.111847596928637 9.32067108222885
585 -0.009406249675915981 -1.124555668050951 10.2298891232944
586 -0.04961524891169548 -0.7473026682184839 10.00327772142166
587 0.0708474719716381 -1.12203649061636 10.68465978892469
588 -0.03652752815653583 -0.3741873683871126 10.22966680109509
589 -0.0631357550364825 -0.3709464659414965 9.775192325303527
590 -0.401930664421308 -1.050888874474009 7.957423076780734
591 -0.4759634015646765 -1.019602078361987 7.502560073317946
592 -0.3259057643516091 -1.076549763929724 8.411671467551971
593 -0.2584974196456943 -0.7043278307608445 8.18526770934341
594 -0.2482096115495522 -1.097050422071356 8.86657627434276
595 -0.140751767100103 -0.3498984182139792 8.411688040140499
596 -0.1654291348753457 -0.3392420150375492 7.957422537022789
597 0.2298348443285125 -1.100616754834778 11.59377623634071
598 0.1507490547332767 -1.114285188571819 11.13924806409584
599 0.3077795090976931 -1.081459596678895 12.04831458850852
600 0.1627544136568934 -0.7305303803226217 11.82114430404369
601 0.3840896819790877 -1.056684890208482 12.5027020442034
602 0.07007402366629201 -0.36850867059847 12.04739179555368
603 0.04368236192162436 -0.3728307152688934 11.59299694948776
604 0.7873132213289253 -0.8018005054964632 15.22532215258471
605 0.7283811702756755 -0.8556786566222196 14.77286060503691
606 0.8422841336229968 -0.7437839269448665 15.67822345725093
607 0.5297120605512559 -0.526456330564409 15.44615995227515
608 0.8929602166935473 -0.6825472373272004 16.12852133815546
609 0.2544268692608559 -0.2701352052405037 15.66980976393436
610 0.2351854781648448 -0.287931703952092 15.21904726450864
611 0.7876429450779339 0.8020730389664492 4.774535163484241
612 0.7289083933636374 0.8562542786977372 5.227176850791157
613 0.8425221898754554 0.7440076695906861 4.321916502730023
614 0.5304651631214586 0.5271126579464536 4.553854022743968
615 0.8931058514899053 0.6826826710985218 3.871636165150077
616 0.2548225977200953 0.2704397163351508 4.329980771520465
617 0.2360386382013712 0.2886977988574898 4.780574329264773
618 -0.9080367366778528 -0.668216419018548 4.321212234749566
619 -0.9541708114294565 -0.6028579844354696 3.869366653870883
620 -0.8579604723007419 -0.7311488049949288 4.775520265198637
621 -0.6005240703290826 -0.4550601616279148 4.550974081071086
622 -0.8034787866689677 -0.790361925843587 5.230127796128039
623 -0.3121543750542799 -0.222957822597272 4.780659596587576
624 -0.3278818435056143 -0.2005854662280327 4.325672731230641
625 -0.9082412920244748 0.6683743758948384 15.678818633228
626 -0.9542070777007898 0.6026967688654015 16.13149849575219
627 -0.8581975603565559 0.7313956786955951 15.22437152504619
628 -0.6010449264616424 0.4555364862287125 15.44887035255583
629 -0.803807359351796 0.7906491527158394 14.77012504260016
630 -0.3127927054010952 0.2236077864475896 15.21867625035015
631 -0.3282828935324319 0.2009293047030859 15.67406896780114
632 -0.4023610471603427 1.052040040999815 12.04283403763542
633 -0.4764661064659483 1.020720310455059 12.49765001117926
634 -0.3262172564938571 1.077975753239606 11.58804414460325
635 -0.2590999219248302 0.7061762768092639 11.81522771890241
636 -0.2484120011334084 1.098083068520735 11.1335156905428
637 -0.1414058320992491 0.3524329051265483 11.58844734231086
638 -0.1663757129374027 0.3420363739538725 12.04286587239471
639 0.2301666595655092 1.101925101131354 8.406238943401513
640 0.1510132549223695 1.115754619928162 8.860761249663152
641 0.3081724082446016 1.082643252429063 7.951693909042529
642 0.1633495250219065 0.7324766787916578 8.178670820915928
643 0.3845501071747486 1.057722239939003 7.497139154278285
644 0.07097420944445476 0.3711269151793265 7.952157710420503
645 0.04444823900150692 0.3758302628140645 8.407015830625314
646 -0.08965934306964257 1.12244824904041 10.22466614885154
647 -0.1695394250811834 1.113372828814275 10.67929382443252
648 -0.009314930987423017 1.126031604450056 9.769896091009532
649 -0.04966799905941788 0.7493904507966397 9.997179567287015
650 0.07102666888121484 1.123773075836159 9.315387188016787
651 -0.03642341106833517 0.3773025590900288 9.770474272342083
652 -0.06328069250976036 0.3741619366644689 10.22533756104161
653 -0.6828400855113473 0.8965920358573277 13.86110477346307
654 -0.7453502390376604 0.8459967026703428 14.31549078811596
655 -0.6169558598892846 0.9427009363240434 13.40659550889397
656 -0.4482604446213813 0.605944770484737 13.63214994756244
657 -0.5480508166533051 0.9843120557835685 12.95163773829499
658 -0.235816358400768 0.2999383966725262 13.40498230984133
659 -0.2570401516266967 0.2830293022168014 13.85893511094213
660 -0.6823375317916877 -0.8959614843014501 6.139197669212813
661 -0.7448747258222567 -0.8454495952161409 5.684662457992052
662 -0.616363504880547 -0.9417285481281474 6.593482389353775
663 -0.4472696166304486 -0.6042930995887665 6.367356576551231
664 -0.547557726545266 -0.9832910097576235 7.048274762332959
665 -0.2344975331005854 -0.2976199822472478 6.594220512483154
666 -0.2556266787658619 -0.2809175044138416 6.14036258488335
667 -1.061646287312047 0.3909565565002549 17.47227743498684
668 -1.086881542481152 0.3165623547231269 17.91443795680735
669 -1.030462451719087 0.4633117177235341 17.02824082427442
670 -0.7080833784140369 0.2749659518266957 17.22260282409802
671 -0.9953903577702483 0.5348118276161496 16.5794740229351
672 -0.3654478934199459 0.1316686958930814 16.97674234685863
673 -0.373520154125583 0.1072181868352966 17.39905571771104
674 -1.061554641708783 -0.3909305940349245 2.527788013700692
675 -1.086810421603987 -0.3165482712654172 2.085614523896316
676 -1.030350342916701 -0.4632705548826894 2.971838217471645
677 -0.7078971752950866 -0.2748975925447453 2.777539854744599
678 -0.9953108248994762 -0.5348374577597169 3.420881513991468
679 -0.3651769230950077 -0.1315452621819481 3.023496652144125
680 -0.3733056985800048 -0.1071370412602925 2.601124422947024
681 0.2657560478303848 0.7015122831779501 7.269992473136896
682 0.1228110675997102 0.3568609296606226 7.044029502214043
683 0.09717733013684685 0.3650087444492972 7.498343577344089
684 -0.04417300693337608 0.02343303607358717 6.818988645291927
685 -0.04680395760402345 0.01759010213576759 7.727786251760204
686 -0.2123628120848018 -0.3129489222526015 7.04853159809705
687 -0.3563534561362597 -0.6609647295535246 7.276331934583997
688 -0.1893972360512709 -0.3270102433783214 7.502740365635564
689 0.1926592333022633 -0.3189549052441635 14.31608271296187
690 -0.04356747751383571 -0.02522836278371251 14.08691157365353
691 0.4491386398153631 -0.594862918526887 14.54446217008973
692 0.2149066842125211 -0.3045674664420804 14.76844254775394
693 -0.04108546575700844 -0.02961002105492532 14.9914558823726
694 0.1942048160817041 0.3208103104962741 5.683234428163072
695 -0.0417507385961677 0.0276591734971338 5.911807584694774
696 0.4502611792097277 0.5961657837256131 5.455578653004562
697 0.2160498403518094 0.3057665786703292 5.231206323696055
698 -0.04009680951087453 0.03060224588431982 5.007726565702374
699 -0.00975348912951038 -0.3758149574867792 10.68403305679685
700 -0.05001167722000568 -0.001623729302801187 10.45478131673853
701 0.05717146062145029 -0.7463224490711001 10.91230285966207
702 0.01706636844373381 -0.3753699282995918 11.13887818853208
703 -0.04936924289810539 -0.008275252387037602 11.36366902783998
704 -0.1555748215947772 -0.733430176253024 9.094199592291563
705 -0.08948186101881764 -0.3658442807862596 9.320531516806486
706 -0.1153470365320359 -0.3586272648928973 8.866382497401242
707 -0.0497731105963438 0.004958519969025927 9.545682889582926
708 -0.04867859908826079 0.0114500113345683 8.636693255130922
709 0.2648883192602602 -0.6996028905236161 12.73004710996485
710 0.1214957010491078 -0.3542484977219167 12.95586179309926
711 0.0960555143444513 -0.3622829440445197 12.50178211367735
712 -0.04586731033158993 -0.02032803375375473 13.18029291212815
713 -0.04793253279025217 -0.01456321439644131 12.27220265688908
714 0.5969665177265587 0.4465784148893887 3.661538398749326
715 0.2893696644956535 0.2327461816800466 3.452504999602738
716 0.2730882509619647 0.2524249940402922 3.891262404283029
717 -0.03356896580486803 0.0384852007727908 3.261876107519086
718 -0.03679774327612834 0.03486978865607174 4.115929015700209
719 0.5967558597808046 -0.4463981703491749 16.33877333986232
720 0.2890787309589647 -0.2326113113208089 16.54688992959701
721 0.2727371909825195 -0.2521964196541097 16.10848793405661
722 -0.03390537580597579 -0.03829623622851261 16.73845505242078
723 -0.03724537087862133 -0.0345312751865275 15.88373310314033
724 -0.5300722363106269 0.5362368002775196 14.54072742208748
725 -0.2769731975689637 0.264558012126807 14.31249564200927
726 -0.2956172823978921 0.2447469944022778 14.7657941155341
727 -0.5292256629448674 -0.5351919608446415 5.458902685380105
728 -0.2757819587492787 -0.263016783720799 5.686864735629501
729 -0.29465788908484 -0.2436613513846707 5.233597164772824
730 -0.1558494727342784 0.7349266945903663 10.90630657103897
731 -0.08984873788012757 0.3689733873108774 10.67999944763755
732 -0.1159386311969885 0.3616263010150215 11.13447930019158
733 -0.009431147705776022 0.378853430709614 9.31605885216646
734 0.05752166144517495 0.7488451118733892 9.087813789545987
735 0.01759916186420519 0.378430899432361 8.861468520570879
736 -0.2136848185373591 0.3156233727722353 12.9512428736747
737 -0.3571193616926837 0.6626853177494644 12.72352518274499
738 -0.1904982710079063 0.3296878272335372 12.49715732975938
739 -0.3543119765965535 -0.1548192153646961 3.448129775786829
740 -0.6607748606529169 -0.3679093198179324 3.65545496728835
741 -0.3420520966443021 -0.1783532449927953 3.88731577306088
742 -0.3546417353624936 0.154995594385667 16.55218831796346
743 -0.6610516704226048 0.3680542637874578 16.3447887665076
744 -0.3423994992950959 0.1785909014862802 16.11276139633557
745 0.3289449099618733 0.1713340070113825 2.196168751981931
746 -0.0298004921328918 0.04188220876198114 2.446612409280579
747 0.6969997593884112 0.2707268654395285 1.932542360487584
748 0.3418885775981952 0.1514332100240582 1.800630542198379
749 -0.02211015374939687 0.04584447787120642 1.663215624008102
750 0.328960761191259 -0.1713585125972661 17.80352702739622
751 -0.03002874798570473 -0.04179022637484354 17.55357971794003
752 0.6969027238594256 -0.2706885818845805 18.06752494755096
753 0.3418275294433521 -0.1514206676670905 18.19929147518919
754 -0.02225152994028162 -0.04580738438717991 18.33688248510551
755 -0.738863497345734 0.1780221214376691 18.07568508467055
756 -0.3796670931948365 0.08294458791568229 17.80936042402716
757 -0.3844949848088219 0.05950276134399977 18.20215024169869
758 -0.7387552918496056 -0.1779991473152833 1.924398182266011
759 -0.3794954272254119 -0.08289200362154633 2.190776246942352
760 -0.3843600988975866 -0.05947029201609668 1.797947970609492
761 1.495199276660271 0.1208945338824872 0.5788234177090962
762 1.485802849491868 0.2059476203630144 0.8557910641707042
763 1.439926341909525 0.4202533942834273 1.803218894072034
764 -1.495004637570552 0.1233113342183582 19.40968621293569
765 -1.485796003133145 0.2059974709210058 19.14401661756638
766 -1.439926562662576 0.4202534451496318 18.1967811085875
767 1.261959809348118 0.8108376234704748 3.635268007935199
768 1.364680206953834 0.6226140399776161 2.723380625329212
769 0.9822967379380074 1.133619416094311 5.454485039589789
770 1.133647311346579 0.9822645754054962 4.545185509260429
771 0.6231201624450311 1.364449095522586 7.272736425143099
772 0.8109618310925819 1.261879906879875 6.363630926874499
773 0.2134729085394863 1.48473205985046 9.090902138625262
774 0.4226015061678146 1.439238685231593 8.181805359127644
775 -0.2134722890166385 1.484732183131589 10.90909091269516
776 3.286347192548195e-06 1.500000000929044 9.99998329586257
777 -0.6231224460835569 1.36444797615823 12.72727275481733
778 -0.4225979214666507 1.439239724996271 11.81817097575383
779 -0.9822933140435735 1.133622521421763 14.5455110238411
780 -0.810959800776111 1.261881212847834 13.63636592876117
781 -1.261961488072436 0.8108347751244219 16.36475147643609
782 -1.13364513928759 0.9822671639261911 15.45482480209699
783 -1.364689235576787 0.6225939724591875 17.27670544166306
784 1.482683199608714 0.2291775825605893 1.101617056674031
785 1.490310296650501 0.1703909799966146 0.7569777057772707
786 1.471820393494291 0.2902499927770372 1.334509269818104
787 1.498173320274795 0.07415642465068238 0.2949898542527209
788 1.496366548697602 0.1052987191691363 0.3872103673282531
789 1.499560089055228 0.03662435692594402 0.1750522747974993
790 1.494816201367497 0.1275963488361647 0.4254341802581685
791 1.46689015473002 0.3134363422622549 1.327037601489684
792 1.446598368833035 0.3974305435617567 1.810700492300123
793 1.481833030245542 0.2343484930368774 0.8824336956599915
794 1.460707371839488 0.3420270859219951 1.356162837068565
795 1.432524819921013 0.4455569051348497 1.81160493366613
796 1.492949479078231 0.148977293749103 0.7734161486035984
797 1.499218643358986 0.05948818980675739 0.3991545334407784
798 1.499127768629422 0.05525925295266026 0.3232829754728427
799 -1.499213499758639 0.05973746498260937 19.59885304916819
800 -1.499329708988058 0.04921004652695964 19.70501647914498
801 -1.492813327905836 0.1503781487412162 19.21978639423346
802 -1.498751344067178 0.06168322911138605 19.70501218619584
803 -1.481940697333228 0.2340114088966299 18.87499515324522
804 -1.490183089094279 0.1715070020676489 19.23755558995869
805 -1.471820673075134 0.2902500546681711 18.66549074912804
806 -1.49817296403986 0.07415640997472508 19.70501016425142
807 -1.496328360607575 0.1058492538552374 19.61089005135655
808 -1.494815886831581 0.1275963323012047 19.5745658404058
809 -1.466890432999688 0.3134364048641651 18.67296240875218
810 -1.446598587479263 0.3974305928192013 18.18929951876705
811 -1.481832723031342 0.2343510379377056 19.11756136414128
812 -1.460707654249138 0.3420271478676602 18.64383717080439
813 -1.432525038508886 0.4455569532753907 18.18839507829676
814 1.354165595139646 0.6456520141443167 2.725784258129973
815 1.396814833618777 0.547301494928648 2.270791506867146
816 1.304599778679115 0.7407074643048696 3.181046270248739
817 1.316682545424584 0.7185731679914799 3.179388320802744
818 1.248399092594418 0.8319414099093208 3.635965026336279
819 1.275473054712386 0.7898023418618905 3.635226167487554
820 1.328605075394329 0.6967246400083804 3.180100800843536
821 1.405900670046141 0.5229184586620856 2.263977275034852
822 1.375015851362956 0.599952709757397 2.724156594036079
823 1.414485473976837 0.4998324854412934 2.266515637275117
824 1.117258616744664 1.001178399396994 4.545410867560149
825 1.185848439430364 0.9189065535787508 4.090721020902099
826 1.042985492012118 1.078334885327549 4.999981619261169
827 1.060671818791063 1.060648456364445 4.999872070357391
828 0.9633998763098048 1.149993676902858 5.45453834339285
829 1.001192431930719 1.117245633612236 5.454435671692098
830 1.078349200471076 1.042970221255841 4.999846326324977
831 1.215836224673006 0.8788423732375779 4.090305315873577
832 1.200857947275866 0.8988549655864617 4.090299416705366
833 1.150014346993422 0.9633744908944488 4.545201304099621
834 0.7899260782764461 1.275398642264252 6.363662516522363
835 0.8789026379009562 1.21579395508667 5.909103526182868
836 0.696924480172456 1.328503361102807 6.818226945354017
837 0.718873057808098 1.316518732896749 6.818182109771838
838 0.600378182376254 1.37483489261977 7.272754427189789
839 0.6458665269071017 1.354061066889317 7.272701324622078
840 0.7408211312863191 1.304533995783165 6.818141084870691
841 0.9189340378498577 1.185826620755466 5.909036775499272
842 0.8989194409461235 1.20080962588135 5.909065136722014
843 0.8319969443494797 1.248361279662252 6.363597640887335
844 0.1887226484958382 1.488290525628239 9.09093037625555
845 0.2944183799187254 1.471034594738973 8.636369845869684
846 0.31884768508755 1.465720349574189 8.636361340625612
847 0.398610431980814 1.44628304756883 8.181831058633147
848 0.2382215608520148 1.481173635581588 9.090882576557332
849 0.3432851433487568 1.460404104380612 8.63631350881117
850 0.5007717554088356 1.414161448341521 7.727285289925502
851 0.4465925210038476 1.432194115311644 8.18177608270987
852 0.5476219813082781 1.396687180901636 7.72725144872266
853 0.5241962453313775 1.405424617915706 7.727272764969657
854 -0.2382235731743168 1.481173374608452 10.90911891622902
855 -0.1319453278898597 1.494394660677274 10.45455194237789
856 -0.1070068287365205 1.496178322856433 10.45453744431183
857 -0.02500036023369388 1.499999974746085 10.00000667837458
858 -0.1887224113691768 1.488290567386535 10.90906295311153
859 -0.08206475573709002 1.49796203548632 10.45449983669578
860 0.08207236725640121 1.497961641717933 9.545457423491507
861 0.02500528168998355 1.499999846465553 9.999960676276057
862 0.1319484211820643 1.494394324028541 9.545423270002445
863 0.1070084738898431 1.496178187449394 9.545449601031189
864 -0.4465917922095409 1.432194374067326 11.81820987129904
865 -0.3432787766988787 1.460405680321498 11.3636451253529
866 -0.5476271476114284 1.396685100717607 12.27277179751114
867 -0.5241962127237956 1.405424574196017 12.2727250143102
868 -0.6458687153790091 1.354059918080628 12.72731558090772
869 -0.6003783918866603 1.374834729639377 12.72724771513144
870 -0.5007669786235672 1.414163069099314 12.27268967734836
871 -0.3188508382371209 1.465719688266797 11.36363782231611
872 -0.3986065370675851 1.446284071074105 11.81814273413118
873 -0.2944151812023852 1.471035186453956 11.36359813812568
874 -1.00119106445781 1.117246917101591 14.54557203935521
875 -0.9189318859441491 1.185828323083216 14.09096040000659
876 -0.8989160943210882 1.200812208601212 14.09093084539041
877 -0.8319933185976642 1.248363634778077 13.63639728125473
878 -0.9633944545605313 1.149998428803236 14.54544540981087
879 -0.8789022629157275 1.215794340140252 14.0909019772372
880 -0.7408161776359964 1.304536737734617 13.18183792376848
881 -0.7188752370063773 1.316517485987049 13.18182460960914
882 -0.7899300354936536 1.27539618828781 13.63635635601392
883 -0.6969304177824984 1.328500192118872 13.18180216329192
884 -1.150018617210685 0.9633691473697139 15.45488162862083
885 -1.078348347302236 1.042971042647918 15.00018613906725
886 -1.215837560500298 0.8788403237827866 15.90972593202092
887 -1.200857913249825 0.8988549504973433 15.90970060055819
888 -1.275472996992515 0.7898020474856269 16.36479437353314
889 -1.248399728077652 0.831940238736992 16.36404233164421
890 -1.185847872058039 0.9189073101026817 15.90928798897032
891 -1.042984697781093 1.078335911073146 15.00003339796084
892 -1.060669019860237 1.060651403625627 15.00013158625577
893 -1.117257608592396 1.001179776586068 15.45461117822931
894 -1.414471165064799 0.4998742166785264 17.73320018339859
895 -1.405899433909059 0.5229218981004686 17.73600861235378
896 -1.374942265127489 0.6001247263278877 17.2746710574267
897 -1.396885103288344 0.5471266505224278 17.73041658680307
898 -1.328607882544664 0.6967190813555371 16.81990686765865
899 -1.354181538876086 0.6456187752044155 17.27442346033191
900 -1.30460403794479 0.7406998187582303 16.81901571927766
901 -1.316682396376975 0.7185730889738799 16.82061169801733
902 0.03323384020355982 -0.03736202317126418 4.547275425875186
903 0.03323380417906496 0.03736191216565417 15.45272462615202
904 0.04781096072354069 0.01464417734054166 11.81808235306381
905 0.0483520755906337 -0.01280116208368234 8.181855495431218
906 0.05000000919996404 0.001063684099154858 9.99994633770306
907 0.042718743973254 -0.0260109993980779 6.364146675404264
908 0.04206956315566194 0.02702131934592599 13.63593195587604
909 0.02807474588733984 0.04199490752369092 17.15815202926985
910 0.02807463042365653 -0.04199465385864123 2.841848006648108
911 0.01466954629269155 -0.04803820795591488 1.280180490680093
912 0.01466938948636297 0.04803767603040426 18.71981955143571
913 0.007702495670230983 -0.04948218061138554 0.6271812600771899
914 -0.7423874501179805 -0.137287426751544 0.7422049953606138
915 0.007702437903534243 0.04948250227540711 19.37281877380513
916 -0.7423875111016598 0.1372875212836812 19.25779516798174
917 -0.7189644746923974 -0.2268265133980507 1.523022871337921
918 -0.7189646146411457 0.2268259537198135 18.47697711872647
919 0.7593203983984262 -0.03807019103085102 19.26210311851582
920 0.7593204419515276 0.03807029825011451 0.7378968159010272
921 0.7488423778918086 -0.1312488528776384 18.47643534791445
922 0.7488425114234389 0.1312482927818799 1.523564709639817
923 -0.5692420362311752 -0.4885468162197627 4.090635840356905
924 -0.4936043494086123 -0.5639326109331766 4.997696994816232
925 -0.5692643828770492 0.4885637387823171 15.90936346361694
926 -0.4941866650630803 0.5644176786029921 15.0028837648488
927 0.207520792126578 -0.7204340030112435 11.36056461610513
928 0.3080505538198853 -0.6838529254984899 12.26971363156569
929 -0.2146625055488417 -0.717639636678949 7.724388837402488
930 -0.1104272363997664 -0.7412404229357483 8.63345478329617
931 0.6860925393493245 0.3223937736952752 3.216730595566729
932 0.7232426243267985 0.2255601011434089 2.345051317617188
933 -0.003840504561707632 -0.7494495737159119 9.542341974730547
934 0.1028776867432734 -0.7424703974175475 10.45155221332268
935 -0.4088914409925017 0.6290895775787241 14.09375840722877
936 -0.3152695207201649 0.6809855642923727 13.18474158536729
937 -0.4083330447647702 -0.6283847825369614 5.906447007175481
938 -0.3145829047949988 -0.6797822941842173 6.815475014663351
939 0.6860864357864317 -0.3223904742560569 16.78326602229171
940 0.7232415158398406 -0.2255597804856 17.65494798643465
941 -0.678948257806155 0.3163145624860089 17.6496982080596
942 -0.6298122267233299 0.4051716906745931 16.78602516178559
943 0.4026595590908112 0.6338439391881634 6.821267539487683
944 0.4887995682712483 0.5702252392645851 5.912651194711056
945 0.4022371146177184 -0.6332088967793966 13.17816351055147
946 0.4886135173374018 -0.5700403725811016 14.0870243907677
947 -0.003899016670976186 0.7506096625857869 10.45744553934387
948 0.1029656027974983 0.7436759859861782 9.548428943457624
949 -0.6789473277081537 -0.3163142175767929 2.350301837787337
950 -0.6298054189724352 -0.4051673745609915 3.213973597169828
951 0.2078194168184676 0.7218097935604155 8.639435525071377
952 0.308401857208126 0.6847828287122215 7.730245944341068
953 -0.2151761064943143 0.7189533689856547 12.27579467142058
954 -0.1106552827100553 0.7422906541930805 11.36653718692742
955 0.5654892349177303 -0.495754156389308 14.99414826833753
956 0.6319601436950498 -0.4129989376636696 15.89300860296379
957 0.5657163043929094 0.4959641045358499 5.005748454066191
958 0.631984539899532 0.4130150478477532 4.106975678501485
959 0.04537432912979281 0.02100580571640859 12.72715438315899
960 0.04937221366342243 0.007942263646001152 10.90903036869835
961 0.04600600304658738 -0.01962217267843964 7.272965501745469
962 0.04966743858411491 -0.005889307091185433 9.090939922983443
963 0.03834897648161098 -0.03209501961737684 5.455415585277052
964 0.03796730357673044 0.03253529014914765 14.54449599595699
965 0.03092690768985069 0.03952404677896285 16.3209806280174
966 0.03092952665168253 -0.0395220539709484 3.679017210419328
967 0.02385533641455875 0.04475387924709937 17.95250922459544
968 0.02385542478041188 -0.04475412737004004 2.047490818279797
969 -0.7468291241725727 -0.09346341874965373 0.3693648198271066
970 -1.118741686290383 -0.1153029471149486 0.3707056123978516
971 -0.3713738298294137 -0.06989456153439959 0.3395018217455211
972 -0.366525335878281 -0.09007607876726739 0.6882901840106502
973 0.003857612552246484 -0.04987019578152293 0.3135906583952321
974 0.01123959625921384 -0.04887119238400479 0.9517256642911824
975 -0.3612264030172039 -0.1102087533406692 1.039870975005695
976 -0.7468291368990834 0.09346408133286051 19.63063539033009
977 -1.118741694664835 0.1153035968213893 19.62929460037396
978 -0.3713738493311736 0.0698952582692742 19.66049831409547
979 -0.3665254074420015 0.09007628341550843 19.31170995074961
980 0.003857610758769908 0.04987090747674901 19.68640936818932
981 0.01123947229441244 0.04887096631904793 19.04827437603881
982 -0.3612265237521264 0.1102084080827684 18.96012910217411
983 -1.098209175656956 -0.2650451223953668 1.225759238075601
984 -1.076671963372599 -0.338303334316986 1.65600909404615
985 -1.112490089025715 -0.1909720262478325 0.8001929314787228
986 -0.7329494268622397 -0.1818789341946847 1.126659766977092
987 -0.3544409951189072 -0.1311701668618162 1.4117608969512
988 -1.098209324388181 0.2650446304211043 18.77424071222006
989 -1.076672220947953 0.338302861192301 18.34399085217688
990 -1.112490146748099 0.1909720228616316 19.19980715001319
991 -0.7329495446992681 0.1818784952376447 18.87334029462731
992 -0.3544411709763608 0.1311696040286784 18.5882391356789
993 0.3791216455388536 0.02984501588642334 19.66067988951928
994 0.7541028844188737 0.006190921145115599 19.62986047256742
995 0.38185016473315 0.008856838846894675 19.31185926125848
996 1.126382290394829 -0.0155594618325391 19.62940235385212
997 0.3840122571702735 -0.01260848599209234 18.96023777425623
998 0.3791216627041933 -0.0298443184976491 0.3393200263496815
999 0.7541028929519245 -0.006190257581770925 0.3701393721049072
1000 0.3818502339209149 -0.008856632645683336 0.6881406703913928
1001 1.126382296313412 0.01556011359911302 0.3705974849640714
1002 0.384012376545377 0.0126081429778891 1.039762227502349
1003 1.127665598310056 -0.0918912802310404 19.20094218391735
1004 1.120979202302082 -0.1676468773478616 18.77399103042344
1005 0.7571463889801779 -0.0844804787396637 18.87448847080998
1006 1.106887842211652 -0.2426295365698842 18.34526582343451
1007 0.3847570665938992 -0.03544859792535101 18.58899439209483
1008 1.127665634215553 0.09189127961198808 0.7990577938213308
1009 1.120979348653179 0.167646384063706 1.22600905461393
1010 0.7571464936296793 0.0844800456920632 1.125511566698367
1011 1.106888142714799 0.2426290605083148 1.654734194839407
1012 0.3847572411220441 0.03544803601397474 1.41100563381233
1013 -0.7888349360313223 -0.8021358493231838 4.770192370136884
1014 -0.7296725245517854 -0.8563965979467492 5.224557278058372
1015 -0.844114644941903 -0.7440322834329811 4.316361944156801
1016 -0.5323548235144804 -0.5271992735923403 4.543856145830953
1017 -0.8951200893519193 -0.6831031442174087 3.867077050066269
1018 -0.2595858462860565 -0.2734008788123143 4.318168141465731
1019 -0.2395229996361356 -0.2912587495412314 4.771966426079498
1020 -0.788972182445028 0.802201584635156 15.23006354734408
1021 -0.7298514345652173 0.856573465993872 14.775499894486
1022 -0.8441945584637274 0.744072577570656 15.68374409101207
1023 -0.5325991792007765 0.5273570092607132 15.4564897609947
1024 -0.8951549126201888 0.6831190657624109 16.13296241616754
1025 -0.2595967416958074 0.2734096508396593 15.68183158827557
1026 -0.2396783683914892 0.291401781597842 15.22805046335342
1027 0.401981037498387 -1.050934157728641 12.04276680396777
1028 0.4759441646311717 -1.019694145771743 12.49714001396038
1029 0.3259390001250973 -1.076845485095397 11.58809736755794
1030 0.2584262476785227 -0.7038670260713465 11.81525378341475
1031 0.2482499666207452 -1.097113122277487 11.13358579617717
1032 0.1407484327045836 -0.3497960964038325 11.58868720956926
1033 0.1654198094959398 -0.3390870249676032 12.0432589885083
1034 -0.2298608240251994 -1.100822337216227 8.40636973337037
1035 -0.1508171550335199 -1.11476037583279 8.860851439797127
1036 -0.3078440756294438 -1.081654797390981 7.951688132040153
1037 -0.162884653328182 -0.7309314915998274 8.178755485941693
1038 -0.3841633557510691 -1.056856123460653 7.497284099471171
1039 -0.07042867318091028 -0.3695359007494282 7.952407279990559
1040 -0.04394405688171171 -0.3738880603932012 8.407144235600684
1041 1.060580161497253 0.3905449390903639 2.527906833144025
1042 1.085835691453078 0.3162077376118375 2.085566322664851
1043 1.029463828397014 0.4628512650023981 2.971975025791307
1044 0.7059914644422051 0.2739942965973797 2.777425232003707
1045 0.9944658143174631 0.5347431455020921 3.422863576566068
1046 0.3624672979531306 0.1301043489885631 3.022784535664157
1047 0.3701495668328552 0.1056219059635972 2.598845588007132
1048 0.08956985048514406 -1.121292531952913 10.22439056721355
1049 0.1693841926120294 -1.112244629519186 10.67910042473352
1050 0.009346217821222757 -1.124952626160548 9.769852243987042
1051 0.04962399564931129 -0.7475186682137195 9.9967977350975
1052 -0.07090844399951025 -1.122728670030885 9.315417683867871
1053 0.03650850331531625 -0.3747585596355075 9.770360316086395
1054 0.06317314466572223 -0.3715011752620204 10.22511077027443
1055 -0.5310060234793302 0.992046326085379 13.41170313271232
1056 -0.4590313367498899 1.027601064841654 12.95740795517795
1057 -0.6005197105210174 0.951724491001852 13.8664071822127
1058 -0.3628639202054501 0.6564654145204399 13.63932850938171
1059 -0.6668646009017118 0.9064318229203432 14.32095953892632
1060 -0.1724200388103906 0.3357951352335495 13.86564077542959
1061 -0.148180130960309 0.3475060761778359 13.41104788276463
1062 -0.530773560881632 -0.9916331429313066 6.58823425748604
1063 -0.4587058386150972 -1.027039947753715 7.042817208889666
1064 -0.6002918152800758 -0.951442074457846 6.133739588713354
1065 -0.3622087477978364 -0.6554886257789098 6.360863406372481
1066 -0.6666610052221126 -0.9062064472625739 5.679135666694465
1067 -0.1718752859036769 -0.3350259528605212 6.134503010130414
1068 -0.1475782898914765 -0.3465162876470281 6.589160718869353
1069 1.060578654478029 -0.390544338293806 17.47209235738441
1070 1.085835121491275 -0.3162078425644622 17.91443340652284
1071 1.029461141160575 -0.4628498481010302 17.02802352928901
1072 0.7059883595503862 -0.2739928160072941 17.2225729006714
1073 0.9944603223741947 -0.5347401223046567 16.57713346205616
1074 0.3624651735898636 -0.1301029933293225 16.97721397929509
1075 0.370148675044255 -0.1056213877486131 17.4011537429829
1076 -0.9816353680620004 0.5507028790606145 17.02815504766169
1077 -0.9409731682164798 0.6184593039682409 16.5810998415492
1078 -1.018099593322782 0.4814216562548921 17.47076694817968
1079 -0.6543728388724218 0.3601791199359878 17.22322079609639
1080 -1.049266963848046 0.4097871634820085 17.91234388314759
1081 -0.3191518224263621 0.1924975090978019 17.40146640594516
1082 -0.3071593502559013 0.2140148686837064 16.97869988896496
1083 0.6818955247482347 0.8953433750092985 6.139259692893308
1084 0.7441653482452988 0.8445098008148919 5.68445504796603
1085 0.6163752240735072 0.9418476531445118 6.593768803856964
1086 0.4466597024708741 0.603272583197402 6.367034015938449
1087 0.5475544668204753 0.9832906884190998 7.048289660220092
1088 0.2343158036048394 0.2972339931558068 6.593533098487613
1089 0.2550138747347306 0.2798776539393522 6.138855294190451
1090 0.6818490231634715 -0.8952597815075319 13.86079410961807
1091 0.7440398674925295 -0.8443934219913514 14.31540581387986
1092 0.6161449646792025 -0.9413434361685922 13.40656515911816
1093 0.4466793003759152 -0.6033183518043138 13.63289605024187
1094 0.5474657521042638 -0.9831034396918363 12.95173450322226
1095 0.2338954383698982 -0.2965177712395515 13.40652727402271
1096 0.2545775435003351 -0.279274690519898 13.86089393654569
1097 0.08960728641821825 1.122146849572625 9.775568175943443
1098 0.169462295002911 1.113110080071055 9.320981898449144
1099 0.009338366302382497 1.125599942816077 10.23005965624556
1100 0.04965026692283546 0.7489474508990989 10.00297285572207
1101 -0.07094870105102979 1.123143631659372 10.68455647090175
1102 0.03645065006159078 0.3766768099652224 10.22944658220407
1103 0.06323155221337665 0.3733478866986827 9.775006799197934
1104 -0.9816315009213603 -0.5507007424281889 2.971845807772469
1105 -0.9409602962584823 -0.618453361097698 3.418910319767608
1106 -1.018097910381053 -0.4814208776367954 2.529233367820495
1107 -0.6543703755318553 -0.3601776854283451 2.776779173085059
1108 -1.049266494415524 -0.4097872520322279 2.087656168149916
1109 -0.31915140774237 -0.1924971563833004 2.598533675369278
1110 -0.3071579397481852 -0.2140137564777537 3.021299783561424
1111 0.4021305283527489 1.051466798595916 7.957380772391463
1112 0.4761687771638921 1.020178962646642 7.502733480310929
1113 0.3261525856951243 1.077680753766918 8.4118984202146
1114 0.2587925265312968 0.7051302496948578 8.184778687564304
1115 0.2484659921214233 1.098241851647513 8.866342807512579
1116 0.1412097412284379 0.3515941882863193 8.411263136704335
1117 0.1659670049602291 0.3407134745730872 7.956635628381676
1118 -0.2300860519079595 1.101628542912446 11.59373491819639
1119 -0.1509198624291978 1.115440499785119 11.13903507299452
1120 -0.3081292597613624 1.082532534917731 12.04827256430631
1121 -0.1633266326925663 0.7324870905757336 11.82111752031225
1122 -0.3845518911996683 1.057805283265376 12.50269001841153
1123 -0.07103306854827299 0.3713549944981095 12.04756591433123
1124 -0.04440963654099335 0.3757000701627973 11.59289665897532
1125 0.9077351630636219 -0.6686497066960142 15.67581142197558
1126 0.9532959206112317 -0.6030304368063082 16.12701119195224
1127 0.8568340487937275 -0.7300759937313922 15.22457562467109
1128 0.5997102300627162 -0.4549954334035295 15.44491869204664
1129 0.8027831824650377 -0.7895670076042431 14.77005379992948
1130 0.3082913868193088 -0.2190861106429503 15.22264451065039
1131 0.3249041354345247 -0.1986973176816213 15.6675434010789
1132 0.907754720520321 0.6686624687253917 4.324175423087071
1133 0.9533043638772276 0.6030353100257917 3.872983223803019
1134 0.8568660116152453 0.7300992930044514 4.77539850920085
1135 0.5997507266887143 0.4550256480930949 4.555050384307206
1136 0.8027484974823477 0.7895639650732693 5.230079476066275
1137 0.3083244211918063 0.2191143281934247 4.77732634085916
1138 0.3249251228485446 0.1987130487726082 4.332440602854064
1139 0.3560382192091358 -0.6601814074813879 12.72399292900218
1140 0.1892418950242748 -0.3265543609251847 12.4977828594572
1141 0.212060123686672 -0.3122614283313451 12.95209309859769
1142 0.04670375319979757 0.01785872241923825 12.27267440418539
1143 0.04382267295317688 0.02407477426611155 13.1815558422149
1144 -0.09730615845047888 0.3652232128060415 12.50228303187898
1145 -0.2659079189324428 0.7017385803273493 12.7303817534038
1146 -0.1230905810842379 0.3573281023450496 12.95666217978192
1147 0.1154445390341389 -0.3589572877147331 11.13425622941266
1148 0.04869440821180585 0.01137723244873395 11.36352737616985
1149 0.1555737606796079 -0.7331871018986972 10.90608485093564
1150 0.08952900501164103 -0.3662699358849965 10.67949450889241
1151 0.04980736569752187 0.004479003917014035 10.45449523217706
1152 -0.0967040552778673 -0.3638395940930846 7.498166933510577
1153 0.04733084170415736 -0.01617707196554546 7.727355916363472
1154 -0.26529327879464 -0.7004937133220939 7.269971095808029
1155 -0.1225180744147283 -0.3562049394201237 7.043489811417561
1156 0.04445108596405269 -0.0229235620011323 6.818542811009808
1157 -0.0572961726575576 -0.7473197216611279 9.087858764389793
1158 -0.01718256532740135 -0.3761852873435924 8.861646072604538
1159 0.009687518920031099 -0.3764411083340952 9.315993476795073
1160 0.04912950395440457 -0.009377209653828447 8.636453070965917
1161 0.04995512146589302 -0.002413531792397582 9.545443404740015
1162 -0.4520794658398536 -0.5975992849161151 5.451866192446272
1163 -0.2181319928796627 -0.3075459745539009 5.225869440050515
1164 -0.1955095587928264 -0.3221464862664956 5.680198666437405
1165 0.03586282530632637 -0.03484778341086941 5.001392095918479
1166 0.04064241185387097 -0.029141817455599 5.909690436147807
1167 -0.452719778110073 0.5982987387980192 14.54834865850144
1168 -0.2184468370110266 0.3078675600264636 14.77431735020138
1169 -0.1959733561481518 0.322716287829203 14.31985642088497
1170 0.03566716718287699 0.03504322814680487 14.99858426061332
1171 0.0401275329980554 0.02982954185001301 14.09027266015381
1172 0.3562950093165114 0.6606910058701416 7.275817350612146
1173 0.189854101015637 0.3280756042445447 7.50248569163017
1174 0.2126757362083607 0.3134686533921366 7.047724275988317
1175 -0.05741009403988295 0.7482318040752663 10.9119920472042
1176 -0.01755200594859075 0.3781209892253045 11.13867968950983
1177 0.009488591794290057 0.378352278145531 10.68388396134602
1178 0.1157518322071316 0.360735892924029 8.865961709213616
1179 0.1557749712189686 0.7346717272915761 9.094012716459451
1180 0.08972661318177497 0.3680317198193694 9.320357306148198
1181 0.2920640668485287 0.2406276671163132 5.230803290403262
1182 0.5286521237296864 0.5344904046157478 5.458689361193827
1183 0.2743266739893558 0.2609950127723299 5.684603667048552
1184 0.2918449219158677 -0.2403999999090119 14.76910827258128
1185 0.5285460225643691 -0.5343890619849643 14.54119430412394
1186 0.2740007671718466 -0.2606050856248799 14.3152410196391
1187 0.6607903504224335 -0.3686581409703344 16.33931475703776
1188 0.3394712846752696 -0.1767261405959942 16.1102230804679
1189 0.3518729806526393 -0.15353118522783 16.5492994062836
1190 0.03225591626228751 0.03830042999661457 15.88923358816904
1191 0.0295060569839437 0.04077360411681508 16.74111347444953
1192 0.6608040681200964 0.368666234297035 3.660677547752329
1193 0.3394831844777262 0.1767340684379194 3.889768690363718
1194 0.3518773484080631 0.1535339595661326 3.450697553344863
1195 0.03225949792802641 -0.03829765323971493 4.110763226916216
1196 0.02950627738262024 -0.04077309694150831 3.258885929630774
1197 -0.2770386181780198 0.2545797081168523 16.11731484231031
1198 -0.6001542841570148 0.4474077398408781 16.34730977709118
1199 -0.2929182447053847 0.2344890467094795 16.55329336176242
1200 -0.2770309976240902 -0.2545741238045852 3.882684300612175
1201 -0.6001405328040753 -0.4473984834689009 3.652689724298124
1202 -0.2929159539515094 -0.234487267542465 3.446706025783956
1203 -0.3319541922664691 0.1723303923684727 17.8052046114156
1204 0.02598641043974199 0.04342727884924764 17.55533055685037
1205 -0.6997270078960496 0.2711419910499701 18.07102072063683
1206 -0.3443855586558175 0.1520351473959653 18.20139705236713
1207 0.01915489423835704 0.04664157029700054 18.34339427026596
1208 -0.331953959702325 -0.1723304582092154 2.194795444496774
1209 0.02598637705446908 -0.04342722698600992 2.444669482522407
1210 -0.6997269050752511 -0.2711423346729623 1.928979286159739
1211 -0.3443853486983515 -0.1520355610105844 1.798602972657371
1212 0.01915504764232518 -0.04664208430158579 1.656605774497993
1213 0.7369052357567034 0.1773344616610084 1.923695859859488
1214 0.3767877119308018 0.08191069828854193 2.190607660870717
1215 0.3819732186602336 0.05869652442124437 1.796660564478006
1216 0.7369051476628997 -0.1773348132442648 18.07630418033276
1217 0.3767874144104107 -0.08191075382918646 17.80939218136982
1218 0.3819729869545107 -0.05869693541436297 18.2033394131001
$EndNodes
$Elements
2432
1 2 2 1 1 19 242 244
2 2 2 1 1 242 243 244
3 2 2 1 1 242 237 243
4 2 2 1 1 244 243 239
5 2 2 1 1 237 245 243
6 2 2 1 1 245 246 243
7 2 2 1 1 245 238 246
8 2 2 1 1 243 246 239
9 2 2 1 1 237 247 245
10 2 2 1 1 247 248 245
11 2 2 1 1 247 33 248
12 2 2 1 1 245 248 238
13 2 2 1 1 239 246 250
14 2 2 1 1 246 249 250
15 2 2 1 1 246 238 249
16 2 2 1 1 250 249 12
17 2 2 1 1 26 251 253
18 2 2 1 1 251 252 253
19 2 2 1 1 251 240 252
20 2 2 1 1 253 252 241
21 2 2 1 1 240 254 252
22 2 2 1 1 254 255 252
23 2 2 1 1 254 237 255
24 2 2 1 1 252 255 241
25 2 2 1 1 240 256 254
26 2 2 1 1 256 247 254
27 2 2 1 1 256 33 247
28 2 2 1 1 254 247 237
29 2 2 1 1 241 255 257
30 2 2 1 1 255 242 257
31 2 2 1 1 255 237 242
32 2 2 1 1 257 242 19
33 2 2 1 1 33 34 248
34 2 2 1 1 34 258 248
35 2 2 1 1 34 35 258
36 2 2 1 1 248 258 238
37 2 2 1 1 35 259 258
38 2 2 1 1 259 260 258
39 2 2 1 1 259 10 260
40 2 2 1 1 258 260 238
41 2 2 1 1 35 36 259
42 2 2 1 1 36 9 259
43 2 2 1 1 36 1 9
44 2 2 1 1 259 9 10
45 2 2 1 1 238 260 249
46 2 2 1 1 260 11 249
47 2 2 1 1 260 10 11
48 2 2 1 1 249 11 12
49 2 2 1 1 12 13 250
50 2 2 1 1 13 261 250
51 2 2 1 1 13 14 261
52 2 2 1 1 250 261 239
53 2 2 1 1 14 262 261
54 2 2 1 1 262 263 261
55 2 2 1 1 262 17 263
56 2 2 1 1 261 263 239
57 2 2 1 1 14 15 262
58 2 2 1 1 15 16 262
59 2 2 1 1 15 2 16
60 2 2 1 1 262 16 17
61 2 2 1 1 239 263 244
62 2 2 1 1 263 18 244
63 2 2 1 1 263 17 18
64 2 2 1 1 244 18 19
65 2 2 1 1 19 20 257
66 2 2 1 1 20 264 257
67 2 2 1 1 20 21 264
68 2 2 1 1 257 264 241
69 2 2 1 1 21 265 264
70 2 2 1 1 265 266 264
71 2 2 1 1 265 24 266
72 2 2 1 1 264 266 241
73 2 2 1 1 21 22 265
74 2 2 1 1 22 23 265
75 2 2 1 1 22 3 23
76 2 2 1 1 265 23 24
77 2 2 1 1 241 266 253
78 2 2 1 1 266 25 253
79 2 2 1 1 266 24 25
80 2 2 1 1 253 25 26
81 2 2 1 1 4 30 29
82 2 2 1 1 30 267 29
83 2 2 1 1 30 31 267
84 2 2 1 1 29 267 28
85 2 2 1 1 31 268 267
86 2 2 1 1 268 269 267
87 2 2 1 1 268 240 269
88 2 2 1 1 267 269 28
89 2 2 1 1 31 32 268
90 2 2 1 1 32 256 268
91 2 2 1 1 32 33 256
92 2 2 1 1 268 256 240
93 2 2 1 1 28 269 27
94 2 2 1 1 269 251 27
95 2 2 1 1 269 240 251
96 2 2 1 1 27 251 26
97 2 2 1 2 83 295 293
98 2 2 1 2 293 295 294
99 2 2 1 2 293 294 270
100 2 2 1 2 295 271 294
101 2 2 1 2 270 294 296
102 2 2 1 2 296 294 297
103 2 2 1 2 296 297 10
104 2 2 1 2 294 271 297
105 2 2 1 2 270 296 298
106 2 2 1 2 298 296 11
107 2 2 1 2 298 11 12
108 2 2 1 2 296 10 11
109 2 2 1 2 271 299 297
110 2 2 1 2 297 299 9
111 2 2 1 2 297 9 10
112 2 2 1 2 299 1 9
113 2 2 1 2 83 301 295
114 2 2 1 2 295 301 300
115 2 2 1 2 295 300 271
116 2 2 1 2 301 272 300
117 2 2 1 2 271 300 302
118 2 2 1 2 302 300 303
119 2 2 1 2 302 303 38
120 2 2 1 2 300 272 303
121 2 2 1 2 271 302 299
122 2 2 1 2 299 302 37
123 2 2 1 2 299 37 1
124 2 2 1 2 302 38 37
125 2 2 1 2 272 304 303
126 2 2 1 2 303 304 39
127 2 2 1 2 303 39 38
128 2 2 1 2 304 40 39
129 2 2 1 2 12 13 298
130 2 2 1 2 298 13 305
131 2 2 1 2 298 305 270
132 2 2 1 2 13 14 305
133 2 2 1 2 270 305 306
134 2 2 1 2 306 305 307
135 2 2 1 2 306 307 81
136 2 2 1 2 305 14 307
137 2 2 1 2 270 306 293
138 2 2 1 2 293 306 82
139 2 2 1 2 293 82 83
140 2 2 1 2 306 81 82
141 2 2 1 2 14 15 307
142 2 2 1 2 307 15 80
143 2 2 1 2 307 80 81
144 2 2 1 2 15 2 80
145 2 2 1 2 126 125 308
146 2 2 1 2 308 125 309
147 2 2 1 2 308 309 273
148 2 2 1 2 125 124 309
149 2 2 1 2 273 309 310
150 2 2 1 2 310 309 311
151 2 2 1 2 310 311 78
152 2 2 1 2 309 124 311
153 2 2 1 2 273 310 312
154 2 2 1 2 312 310 77
155 2 2 1 2 312 77 76
156 2 2 1 2 310 78 77
157 2 2 1 2 124 123 311
158 2 2 1 2 311 123 79
159 2 2 1 2 311 79 78
160 2 2 1 2 123 5 79
161 2 2 1 2 6 314 122
162 2 2 1 2 122 314 313
163 2 2 1 2 122 313 121
164 2 2 1 2 314 275 313
165 2 2 1 2 121 313 315
166 2 2 1 2 315 313 316
167 2 2 1 2 315 316 274
168 2 2 1 2 313 275 316
169 2 2 1 2 121 315 120
170 2 2 1 2 120 315 317
171 2 2 1 2 120 317 119
172 2 2 1 2 315 274 317
173 2 2 1 2 275 319 316
174 2 2 1 2 316 319 318
175 2 2 1 2 316 318 274
176 2 2 1 2 319 76 318
177 2 2 1 2 126 308 127
178 2 2 1 2 127 308 320
179 2 2 1 2 127 320 128
180 2 2 1 2 308 273 320
181 2 2 1 2 128 320 321
182 2 2 1 2 321 320 322
183 2 2 1 2 321 322 275
184 2 2 1 2 320 273 322
185 2 2 1 2 128 321 129
186 2 2 1 2 129 321 314
187 2 2 1 2 129 314 6
188 2 2 1 2 321 275 314
189 2 2 1 2 273 312 322
190 2 2 1 2 322 312 319
191 2 2 1 2 322 319 275
192 2 2 1 2 312 76 319
193 2 2 1 2 40 324 41
194 2 2 1 2 41 324 323
195 2 2 1 2 41 323 42
196 2 2 1 2 324 277 323
197 2 2 1 2 42 323 325
198 2 2 1 2 325 323 326
199 2 2 1 2 325 326 276
200 2 2 1 2 323 277 326
201 2 2 1 2 42 325 43
202 2 2 1 2 43 325 327
203 2 2 1 2 43 327 44
204 2 2 1 2 325 276 327
205 2 2 1 2 277 329 326
206 2 2 1 2 326 329 328
207 2 2 1 2 326 328 276
208 2 2 1 2 329 87 328
209 2 2 1 2 83 84 301
210 2 2 1 2 301 84 330
211 2 2 1 2 301 330 272
212 2 2 1 2 84 85 330
213 2 2 1 2 272 330 331
214 2 2 1 2 331 330 332
215 2 2 1 2 331 332 277
216 2 2 1 2 330 85 332
217 2 2 1 2 272 331 304
218 2 2 1 2 304 331 324
219 2 2 1 2 304 324 40
220 2 2 1 2 331 277 324
221 2 2 1 2 85 86 332
222 2 2 1 2 332 86 329
223 2 2 1 2 332 329 277
224 2 2 1 2 86 87 329
225 2 2 1 2 44 334 45
226 2 2 1 2 45 334 333
227 2 2 1 2 45 333 46
228 2 2 1 2 334 279 333
229 2 2 1 2 46 333 335
230 2 2 1 2 335 333 336
231 2 2 1 2 335 336 278
232 2 2 1 2 333 279 336
233 2 2 1 2 46 335 47
234 2 2 1 2 47 335 337
235 2 2 1 2 47 337 48
236 2 2 1 2 335 278 337
237 2 2 1 2 279 339 336
238 2 2 1 2 336 339 338
239 2 2 1 2 336 338 278
240 2 2 1 2 339 91 338
241 2 2 1 2 87 88 328
242 2 2 1 2 328 88 340
243 2 2 1 2 328 340 276
244 2 2 1 2 88 89 340
245 2 2 1 2 276 340 341
246 2 2 1 2 341 340 342
247 2 2 1 2 341 342 279
248 2 2 1 2 340 89 342
249 2 2 1 2 276 341 327
250 2 2 1 2 327 341 334
251 2 2 1 2 327 334 44
252 2 2 1 2 341 279 334
253 2 2 1 2 89 90 342
254 2 2 1 2 342 90 339
255 2 2 1 2 342 339 279
256 2 2 1 2 90 91 339
257 2 2 1 2 95 345 343
258 2 2 1 2 343 345 344
259 2 2 1 2 343 344 280
260 2 2 1 2 345 281 344
261 2 2 1 2 280 344 346
262 2 2 1 2 346 344 347
263 2 2 1 2 346 347 50
264 2 2 1 2 344 281 347
265 2 2 1 2 280 346 348
266 2 2 1 2 348 346 49
267 2 2 1 2 348 49 48
268 2 2 1 2 346 50 49
269 2 2 1 2 281 349 347
270 2 2 1 2 347 349 51
271 2 2 1 2 347 51 50
272 2 2 1 2 349 52 51
273 2 2 1 2 95 343 94
274 2 2 1 2 94 343 350
275 2 2 1 2 94 350 93
276 2 2 1 2 343 280 350
277 2 2 1 2 93 350 351
278 2 2 1 2 351 350 352
279 2 2 1 2 351 352 278
280 2 2 1 2 350 280 352
281 2 2 1 2 93 351 92
282 2 2 1 2 92 351 338
283 2 2 1 2 92 338 91
284 2 2 1 2 351 278 338
285 2 2 1 2 280 348 352
286 2 2 1 2 352 348 337
287 2 2 1 2 352 337 278
288 2 2 1 2 348 48 337
289 2 2 1 2 52 354 53
290 2 2 1 2 53 354 353
291 2 2 1 2 53 353 54
292 2 2 1 2 354 283 353
293 2 2 1 2 54 353 355
294 2 2 1 2 355 353 356
295 2 2 1 2 355 356 282
296 2 2 1 2 353 283 356
297 2 2 1 2 54 355 55
298 2 2 1 2 55 355 357
299 2 2 1 2 55 357 56
300 2 2 1 2 355 282 357
301 2 2 1 2 283 359 356
302 2 2 1 2 356 359 358
303 2 2 1 2 356 358 282
304 2 2 1 2 359 99 358
305 2 2 1 2 95 96 345
306 2 2 1 2 345 96 360
307 2 2 1 2 345 360 281
308 2 2 1 2 96 97 360
309 2 2 1 2 281 360 361
310 2 2 1 2 361 360 362
311 2 2 1 2 361 362 283
312 2 2 1 2 360 97 362
313 2 2 1 2 281 361 349
314 2 2 1 2 349 361 354
315 2 2 1 2 349 354 52
316 2 2 1 2 361 283 354
317 2 2 1 2 97 98 362
318 2 2 1 2 362 98 359
319 2 2 1 2 362 359 283
320 2 2 1 2 98 99 359
321 2 2 1 2 56 364 57
322 2 2 1 2 57 364 363
323 2 2 1 2 57 363 58
324 2 2 1 2 364 285 363
325 2 2 1 2 58 363 365
326 2 2 1 2 365 363 366
327 2 2 1 2 365 366 284
328 2 2 1 2 363 285 366
329 2 2 1 2 58 365 59
330 2 2 1 2 59 365 367
331 2 2 1 2 59 367 60
332 2 2 1 2 365 284 367
333 2 2 1 2 285 369 366
334 2 2 1 2 366 369 368
335 2 2 1 2 366 368 284
336 2 2 1 2 369 103 368
337 2 2 1 2 56 357 364
338 2 2 1 2 364 357 370
339 2 2 1 2 364 370 285
340 2 2 1 2 357 282 370
341 2 2 1 2 285 370 371
342 2 2 1 2 371 370 372
343 2 2 1 2 371 372 101
344 2 2 1 2 370 282 372
345 2 2 1 2 285 371 369
346 2 2 1 2 369 371 102
347 2 2 1 2 369 102 103
348 2 2 1 2 371 101 102
349 2 2 1 2 282 358 372
350 2 2 1 2 372 358 100
351 2 2 1 2 372 100 101
352 2 2 1 2 358 99 100
353 2 2 1 2 64 63 373
354 2 2 1 2 373 63 374
355 2 2 1 2 373 374 286
356 2 2 1 2 63 62 374
357 2 2 1 2 286 374 375
358 2 2 1 2 375 374 376
359 2 2 1 2 375 376 287
360 2 2 1 2 374 62 376
361 2 2 1 2 286 375 377
362 2 2 1 2 377 375 378
363 2 2 1 2 377 378 107
364 2 2 1 2 375 287 378
365 2 2 1 2 62 61 376
366 2 2 1 2 376 61 379
367 2 2 1 2 376 379 287
368 2 2 1 2 61 60 379
369 2 2 1 2 60 367 379
370 2 2 1 2 379 367 380
371 2 2 1 2 379 380 287
372 2 2 1 2 367 284 380
373 2 2 1 2 287 380 381
374 2 2 1 2 381 380 382
375 2 2 1 2 381 382 105
376 2 2 1 2 380 284 382
377 2 2 1 2 287 381 378
378 2 2 1 2 378 381 106
379 2 2 1 2 378 106 107
380 2 2 1 2 381 105 106
381 2 2 1 2 284 368 382
382 2 2 1 2 382 368 104
383 2 2 1 2 382 104 105
384 2 2 1 2 368 103 104
385 2 2 1 2 64 384 65
386 2 2 1 2 65 384 383
387 2 2 1 2 65 383 66
388 2 2 1 2 384 289 383
389 2 2 1 2 66 383 385
390 2 2 1 2 385 383 386
391 2 2 1 2 385 386 288
392 2 2 1 2 383 289 386
393 2 2 1 2 66 385 67
394 2 2 1 2 67 385 387
395 2 2 1 2 67 387 68
396 2 2 1 2 385 288 387
397 2 2 1 2 289 389 386
398 2 2 1 2 386 389 388
399 2 2 1 2 386 388 288
400 2 2 1 2 389 111 388
401 2 2 1 2 107 108 377
402 2 2 1 2 377 108 390
403 2 2 1 2 377 390 286
404 2 2 1 2 108 109 390
405 2 2 1 2 286 390 391
406 2 2 1 2 391 390 392
407 2 2 1 2 391 392 289
408 2 2 1 2 390 109 392
409 2 2 1 2 286 391 373
410 2 2 1 2 373 391 384
411 2 2 1 2 373 384 64
412 2 2 1 2 391 289 384
413 2 2 1 2 109 110 392
414 2 2 1 2 392 110 389
415 2 2 1 2 392 389 289
416 2 2 1 2 110 111 389
417 2 2 1 2 72 71 393
418 2 2 1 2 393 71 394
419 2 2 1 2 393 394 290
420 2 2 1 2 71 70 394
421 2 2 1 2 290 394 395
422 2 2 1 2 395 394 396
423 2 2 1 2 395 396 291
424 2 2 1 2 394 70 396
425 2 2 1 2 290 395 397
426 2 2 1 2 397 395 398
427 2 2 1 2 397 398 115
428 2 2 1 2 395 291 398
429 2 2 1 2 70 69 396
430 2 2 1 2 396 69 399
431 2 2 1 2 396 399 291
432 2 2 1 2 69 68 399
433 2 2 1 2 115 398 114
434 2 2 1 2 114 398 400
435 2 2 1 2 114 400 113
436 2 2 1 2 398 291 400
437 2 2 1 2 113 400 401
438 2 2 1 2 401 400 402
439 2 2 1 2 401 402 288
440 2 2 1 2 400 291 402
441 2 2 1 2 113 401 112
442 2 2 1 2 112 401 388
443 2 2 1 2 112 388 111
444 2 2 1 2 401 288 388
445 2 2 1 2 291 399 402
446 2 2 1 2 402 399 387
447 2 2 1 2 402 387 288
448 2 2 1 2 399 68 387
449 2 2 1 2 72 404 73
450 2 2 1 2 73 404 403
451 2 2 1 2 73 403 74
452 2 2 1 2 404 292 403
453 2 2 1 2 74 403 405
454 2 2 1 2 405 403 406
455 2 2 1 2 405 406 274
456 2 2 1 2 403 292 406
457 2 2 1 2 74 405 75
458 2 2 1 2 75 405 318
459 2 2 1 2 75 318 76
460 2 2 1 2 405 274 318
461 2 2 1 2 292 407 406
462 2 2 1 2 406 407 317
463 2 2 1 2 406 317 274
464 2 2 1 2 407 119 317
465 2 2 1 2 115 116 397
466 2 2 1 2 397 116 408
467 2 2 1 2 397 408 290
468 2 2 1 2 116 117 408
469 2 2 1 2 290 408 409
470 2 2 1 2 409 408 410
471 2 2 1 2 409 410 292
472 2 2 1 2 408 117 410
473 2 2 1 2 290 409 393
474 2 2 1 2 393 409 404
475 2 2 1 2 393 404 72
476 2 2 1 2 409 292 404
477 2 2 1 2 117 118 410
478 2 2 1 2 410 118 407
479 2 2 1 2 410 407 292
480 2 2 1 2 118 119 407
481 2 2 1 3 147 418 416
482 2 2 1 3 416 418 417
483 2 2 1 3 416 417 411
484 2 2 1 3 418 413 417
485 2 2 1 3 411 417 419
486 2 2 1 3 419 417 420
487 2 2 1 3 419 420 412
488 2 2 1 3 417 413 420
489 2 2 1 3 411 419 421
490 2 2 1 3 421 419 422
491 2 2 1 3 421 422 140
492 2 2 1 3 419 412 422
493 2 2 1 3 413 424 420
494 2 2 1 3 420 424 423
495 2 2 1 3 420 423 412
496 2 2 1 3 424 133 423
497 2 2 1 3 147 426 418
498 2 2 1 3 418 426 425
499 2 2 1 3 418 425 413
500 2 2 1 3 426 415 425
501 2 2 1 3 413 425 427
502 2 2 1 3 427 425 428
503 2 2 1 3 427 428 414
504 2 2 1 3 425 415 428
505 2 2 1 3 413 427 424
506 2 2 1 3 424 427 429
507 2 2 1 3 424 429 133
508 2 2 1 3 427 414 429
509 2 2 1 3 415 431 428
510 2 2 1 3 428 431 430
511 2 2 1 3 428 430 414
512 2 2 1 3 431 126 430
513 2 2 1 3 147 148 426
514 2 2 1 3 426 148 432
515 2 2 1 3 426 432 415
516 2 2 1 3 148 149 432
517 2 2 1 3 415 432 433
518 2 2 1 3 433 432 434
519 2 2 1 3 433 434 124
520 2 2 1 3 432 149 434
521 2 2 1 3 415 433 431
522 2 2 1 3 431 433 125
523 2 2 1 3 431 125 126
524 2 2 1 3 433 124 125
525 2 2 1 3 149 150 434
526 2 2 1 3 434 150 123
527 2 2 1 3 434 123 124
528 2 2 1 3 150 5 123
529 2 2 1 3 126 127 430
530 2 2 1 3 430 127 435
531 2 2 1 3 430 435 414
532 2 2 1 3 127 128 435
533 2 2 1 3 414 435 436
534 2 2 1 3 436 435 437
535 2 2 1 3 436 437 131
536 2 2 1 3 435 128 437
537 2 2 1 3 414 436 429
538 2 2 1 3 429 436 132
539 2 2 1 3 429 132 133
540 2 2 1 3 436 131 132
541 2 2 1 3 128 129 437
542 2 2 1 3 437 129 130
543 2 2 1 3 437 130 131
544 2 2 1 3 129 6 130
545 2 2 1 3 133 134 423
546 2 2 1 3 423 134 438
547 2 2 1 3 423 438 412
548 2 2 1 3 134 135 438
549 2 2 1 3 412 438 439
550 2 2 1 3 439 438 440
551 2 2 1 3 439 440 138
552 2 2 1 3 438 135 440
553 2 2 1 3 412 439 422
554 2 2 1 3 422 439 139
555 2 2 1 3 422 139 140
556 2 2 1 3 439 138 139
557 2 2 1 3 135 136 440
558 2 2 1 3 440 136 137
559 2 2 1 3 440 137 138
560 2 2 1 3 136 7 137
561 2 2 1 3 140 141 421
562 2 2 1 3 421 141 441
563 2 2 1 3 421 441 411
564 2 2 1 3 141 142 441
565 2 2 1 3 411 441 442
566 2 2 1 3 442 441 443
567 2 2 1 3 442 443 145
568 2 2 1 3 441 142 443
569 2 2 1 3 411 442 416
570 2 2 1 3 416 442 146
571 2 2 1 3 416 146 147
572 2 2 1 3 442 145 146
573 2 2 1 3 142 143 443
574 2 2 1 3 443 143 144
575 2 2 1 3 443 144 145
576 2 2 1 3 143 8 144
577 2 2 1 4 6 512 130
578 2 2 1 4 130 512 511
579 2 2 1 4 130 511 131
580 2 2 1 4 512 456 511
581 2 2 1 4 131 511 513
582 2 2 1 4 513 511 514
583 2 2 1 4 513 514 455
584 2 2 1 4 511 456 514
585 2 2 1 4 131 513 132
586 2 2 1 4 132 513 515
587 2 2 1 4 132 515 133
588 2 2 1 4 513 455 515
589 2 2 1 4 456 517 514
590 2 2 1 4 514 517 516
591 2 2 1 4 514 516 455
592 2 2 1 4 517 453 516
593 2 2 1 4 3 519 22
594 2 2 1 4 22 519 518
595 2 2 1 4 22 518 21
596 2 2 1 4 519 458 518
597 2 2 1 4 21 518 520
598 2 2 1 4 520 518 521
599 2 2 1 4 520 521 457
600 2 2 1 4 518 458 521
601 2 2 1 4 21 520 20
602 2 2 1 4 20 520 522
603 2 2 1 4 20 522 19
604 2 2 1 4 520 457 522
605 2 2 1 4 458 524 521
606 2 2 1 4 521 524 523
607 2 2 1 4 521 523 457
608 2 2 1 4 524 454 523
609 2 2 1 4 119 526 120
610 2 2 1 4 120 526 525
611 2 2 1 4 120 525 121
612 2 2 1 4 526 459 525
613 2 2 1 4 121 525 527
614 2 2 1 4 527 525 528
615 2 2 1 4 527 528 456
616 2 2 1 4 525 459 528
617 2 2 1 4 121 527 122
618 2 2 1 4 122 527 512
619 2 2 1 4 122 512 6
620 2 2 1 4 527 456 512
621 2 2 1 4 459 529 528
622 2 2 1 4 528 529 517
623 2 2 1 4 528 517 456
624 2 2 1 4 529 453 517
625 2 2 1 4 154 531 153
626 2 2 1 4 153 531 530
627 2 2 1 4 153 530 152
628 2 2 1 4 531 460 530
629 2 2 1 4 152 530 532
630 2 2 1 4 532 530 533
631 2 2 1 4 532 533 458
632 2 2 1 4 530 460 533
633 2 2 1 4 152 532 151
634 2 2 1 4 151 532 519
635 2 2 1 4 151 519 3
636 2 2 1 4 532 458 519
637 2 2 1 4 460 534 533
638 2 2 1 4 533 534 524
639 2 2 1 4 533 524 458
640 2 2 1 4 534 454 524
641 2 2 1 4 19 522 18
642 2 2 1 4 18 522 535
643 2 2 1 4 18 535 17
644 2 2 1 4 522 457 535
645 2 2 1 4 17 535 536
646 2 2 1 4 536 535 537
647 2 2 1 4 536 537 461
648 2 2 1 4 535 457 537
649 2 2 1 4 17 536 16
650 2 2 1 4 16 536 538
651 2 2 1 4 16 538 2
652 2 2 1 4 536 461 538
653 2 2 1 4 457 523 537
654 2 2 1 4 537 523 539
655 2 2 1 4 537 539 461
656 2 2 1 4 523 454 539
657 2 2 1 4 133 515 134
658 2 2 1 4 134 515 540
659 2 2 1 4 134 540 135
660 2 2 1 4 515 455 540
661 2 2 1 4 135 540 541
662 2 2 1 4 541 540 542
663 2 2 1 4 541 542 462
664 2 2 1 4 540 455 542
665 2 2 1 4 135 541 136
666 2 2 1 4 136 541 543
667 2 2 1 4 136 543 7
668 2 2 1 4 541 462 543
669 2 2 1 4 455 516 542
670 2 2 1 4 542 516 544
671 2 2 1 4 542 544 462
672 2 2 1 4 516 453 544
673 2 2 1 4 2 538 80
674 2 2 1 4 80 538 545
675 2 2 1 4 80 545 81
676 2 2 1 4 538 461 545
677 2 2 1 4 81 545 546
678 2 2 1 4 546 545 547
679 2 2 1 4 546 547 463
680 2 2 1 4 545 461 547
681 2 2 1 4 81 546 82
682 2 2 1 4 82 546 548
683 2 2 1 4 82 548 83
684 2 2 1 4 546 463 548
685 2 2 1 4 461 539 547
686 2 2 1 4 547 539 549
687 2 2 1 4 547 549 463
688 2 2 1 4 539 454 549
689 2 2 1 4 7 543 193
690 2 2 1 4 193 543 550
691 2 2 1 4 193 550 192
692 2 2 1 4 543 462 550
693 2 2 1 4 192 550 551
694 2 2 1 4 551 550 552
695 2 2 1 4 551 552 464
696 2 2 1 4 550 462 552
697 2 2 1 4 192 551 191
698 2 2 1 4 191 551 553
699 2 2 1 4 191 553 190
700 2 2 1 4 551 464 553
701 2 2 1 4 462 544 552
702 2 2 1 4 552 544 554
703 2 2 1 4 552 554 464
704 2 2 1 4 544 453 554
705 2 2 1 4 158 556 157
706 2 2 1 4 157 556 555
707 2 2 1 4 157 555 156
708 2 2 1 4 556 466 555
709 2 2 1 4 156 555 557
710 2 2 1 4 557 555 558
711 2 2 1 4 557 558 465
712 2 2 1 4 555 466 558
713 2 2 1 4 156 557 155
714 2 2 1 4 155 557 559
715 2 2 1 4 155 559 154
716 2 2 1 4 557 465 559
717 2 2 1 4 466 561 558
718 2 2 1 4 558 561 560
719 2 2 1 4 558 560 465
720 2 2 1 4 561 444 560
721 2 2 1 4 115 563 116
722 2 2 1 4 116 563 562
723 2 2 1 4 116 562 117
724 2 2 1 4 563 468 562
725 2 2 1 4 117 562 564
726 2 2 1 4 564 562 565
727 2 2 1 4 564 565 467
728 2 2 1 4 562 468 565
729 2 2 1 4 117 564 118
730 2 2 1 4 118 564 566
731 2 2 1 4 118 566 119
732 2 2 1 4 564 467 566
733 2 2 1 4 468 568 565
734 2 2 1 4 565 568 567
735 2 2 1 4 565 567 467
736 2 2 1 4 568 445 567
737 2 2 1 4 166 570 165
738 2 2 1 4 165 570 569
739 2 2 1 4 165 569 164
740 2 2 1 4 570 470 569
741 2 2 1 4 164 569 571
742 2 2 1 4 571 569 572
743 2 2 1 4 571 572 469
744 2 2 1 4 569 470 572
745 2 2 1 4 164 571 163
746 2 2 1 4 163 571 573
747 2 2 1 4 163 573 162
748 2 2 1 4 571 469 573
749 2 2 1 4 470 575 572
750 2 2 1 4 572 575 574
751 2 2 1 4 572 574 469
752 2 2 1 4 575 447 574
753 2 2 1 4 107 577 108
754 2 2 1 4 108 577 576
755 2 2 1 4 108 576 109
756 2 2 1 4 577 472 576
757 2 2 1 4 109 576 578
758 2 2 1 4 578 576 579
759 2 2 1 4 578 579 471
760 2 2 1 4 576 472 579
761 2 2 1 4 109 578 110
762 2 2 1 4 110 578 580
763 2 2 1 4 110 580 111
764 2 2 1 4 578 471 580
765 2 2 1 4 472 582 579
766 2 2 1 4 579 582 581
767 2 2 1 4 579 581 471
768 2 2 1 4 582 446 581
769 2 2 1 4 99 584 100
770 2 2 1 4 100 584 583
771 2 2 1 4 100 583 101
772 2 2 1 4 584 474 583
773 2 2 1 4 101 583 585
774 2 2 1 4 585 583 586
775 2 2 1 4 585 586 473
776 2 2 1 4 583 474 586
777 2 2 1 4 101 585 102
778 2 2 1 4 102 585 587
779 2 2 1 4 102 587 103
780 2 2 1 4 585 473 587
781 2 2 1 4 474 589 586
782 2 2 1 4 586 589 588
783 2 2 1 4 586 588 473
784 2 2 1 4 589 448 588
785 2 2 1 4 95 591 96
786 2 2 1 4 96 591 590
787 2 2 1 4 96 590 97
788 2 2 1 4 591 476 590
789 2 2 1 4 97 590 592
790 2 2 1 4 592 590 593
791 2 2 1 4 592 593 475
792 2 2 1 4 590 476 593
793 2 2 1 4 97 592 98
794 2 2 1 4 98 592 594
795 2 2 1 4 98 594 99
796 2 2 1 4 592 475 594
797 2 2 1 4 476 596 593
798 2 2 1 4 593 596 595
799 2 2 1 4 593 595 475
800 2 2 1 4 596 449 595
801 2 2 1 4 103 598 104
802 2 2 1 4 104 598 597
803 2 2 1 4 104 597 105
804 2 2 1 4 598 478 597
805 2 2 1 4 105 597 599
806 2 2 1 4 599 597 600
807 2 2 1 4 599 600 477
808 2 2 1 4 597 478 600
809 2 2 1 4 105 599 106
810 2 2 1 4 106 599 601
811 2 2 1 4 106 601 107
812 2 2 1 4 599 477 601
813 2 2 1 4 478 603 600
814 2 2 1 4 600 603 602
815 2 2 1 4 600 602 477
816 2 2 1 4 603 450 602
817 2 2 1 4 111 605 112
818 2 2 1 4 112 605 604
819 2 2 1 4 112 604 113
820 2 2 1 4 605 480 604
821 2 2 1 4 113 604 606
822 2 2 1 4 606 604 607
823 2 2 1 4 606 607 479
824 2 2 1 4 604 480 607
825 2 2 1 4 113 606 114
826 2 2 1 4 114 606 608
827 2 2 1 4 114 608 115
828 2 2 1 4 606 479 608
829 2 2 1 4 480 610 607
830 2 2 1 4 607 610 609
831 2 2 1 4 607 609 479
832 2 2 1 4 610 451 609
833 2 2 1 4 162 612 161
834 2 2 1 4 161 612 611
835 2 2 1 4 161 611 160
836 2 2 1 4 612 482 611
837 2 2 1 4 160 611 613
838 2 2 1 4 613 611 614
839 2 2 1 4 613 614 481
840 2 2 1 4 611 482 614
841 2 2 1 4 160 613 159
842 2 2 1 4 159 613 615
843 2 2 1 4 159 615 158
844 2 2 1 4 613 481 615
845 2 2 1 4 482 617 614
846 2 2 1 4 614 617 616
847 2 2 1 4 614 616 481
848 2 2 1 4 617 452 616
849 2 2 1 4 87 619 88
850 2 2 1 4 88 619 618
851 2 2 1 4 88 618 89
852 2 2 1 4 619 484 618
853 2 2 1 4 89 618 620
854 2 2 1 4 620 618 621
855 2 2 1 4 620 621 483
856 2 2 1 4 618 484 621
857 2 2 1 4 89 620 90
858 2 2 1 4 90 620 622
859 2 2 1 4 90 622 91
860 2 2 1 4 620 483 622
861 2 2 1 4 484 624 621
862 2 2 1 4 621 624 623
863 2 2 1 4 621 623 483
864 2 2 1 4 624 452 623
865 2 2 1 4 186 626 185
866 2 2 1 4 185 626 625
867 2 2 1 4 185 625 184
868 2 2 1 4 626 486 625
869 2 2 1 4 184 625 627
870 2 2 1 4 627 625 628
871 2 2 1 4 627 628 485
872 2 2 1 4 625 486 628
873 2 2 1 4 184 627 183
874 2 2 1 4 183 627 629
875 2 2 1 4 183 629 182
876 2 2 1 4 627 485 629
877 2 2 1 4 486 631 628
878 2 2 1 4 628 631 630
879 2 2 1 4 628 630 485
880 2 2 1 4 631 451 630
881 2 2 1 4 178 633 177
882 2 2 1 4 177 633 632
883 2 2 1 4 177 632 176
884 2 2 1 4 633 488 632
885 2 2 1 4 176 632 634
886 2 2 1 4 634 632 635
887 2 2 1 4 634 635 487
888 2 2 1 4 632 488 635
889 2 2 1 4 176 634 175
890 2 2 1 4 175 634 636
891 2 2 1 4 175 636 174
892 2 2 1 4 634 487 636
893 2 2 1 4 488 638 635
894 2 2 1 4 635 638 637
895 2 2 1 4 635 637 487
896 2 2 1 4 638 450 637
897 2 2 1 4 170 640 169
898 2 2 1 4 169 640 639
899 2 2 1 4 169 639 168
900 2 2 1 4 640 490 639
901 2 2 1 4 168 639 641
902 2 2 1 4 641 639 642
903 2 2 1 4 641 642 489
904 2 2 1 4 639 490 642
905 2 2 1 4 168 641 167
906 2 2 1 4 167 641 643
907 2 2 1 4 167 643 166
908 2 2 1 4 641 489 643
909 2 2 1 4 490 645 642
910 2 2 1 4 642 645 644
911 2 2 1 4 642 644 489
912 2 2 1 4 645 449 644
913 2 2 1 4 174 647 173
914 2 2 1 4 173 647 646
915 2 2 1 4 173 646 172
916 2 2 1 4 647 492 646
917 2 2 1 4 172 646 648
918 2 2 1 4 648 646 649
919 2 2 1 4 648 649 491
920 2 2 1 4 646 492 649
921 2 2 1 4 172 648 171
922 2 2 1 4 171 648 650
923 2 2 1 4 171 650 170
924 2 2 1 4 648 491 650
925 2 2 1 4 492 652 649
926 2 2 1 4 649 652 651
927 2 2 1 4 649 651 491
928 2 2 1 4 652 448 651
929 2 2 1 4 182 654 181
930 2 2 1 4 181 654 653
931 2 2 1 4 181 653 180
932 2 2 1 4 654 494 653
933 2 2 1 4 180 653 655
934 2 2 1 4 655 653 656
935 2 2 1 4 655 656 493
936 2 2 1 4 653 494 656
937 2 2 1 4 180 655 179
938 2 2 1 4 179 655 657
939 2 2 1 4 179 657 178
940 2 2 1 4 655 493 657
941 2 2 1 4 494 659 656
942 2 2 1 4 656 659 658
943 2 2 1 4 656 658 493
944 2 2 1 4 659 446 658
945 2 2 1 4 91 661 92
946 2 2 1 4 92 661 660
947 2 2 1 4 92 660 93
948 2 2 1 4 661 496 660
949 2 2 1 4 93 660 662
950 2 2 1 4 662 660 663
951 2 2 1 4 662 663 495
952 2 2 1 4 660 496 663
953 2 2 1 4 93 662 94
954 2 2 1 4 94 662 664
955 2 2 1 4 94 664 95
956 2 2 1 4 662 495 664
957 2 2 1 4 496 666 663
958 2 2 1 4 663 666 665
959 2 2 1 4 663 665 495
960 2 2 1 4 666 447 665
961 2 2 1 4 190 668 189
962 2 2 1 4 189 668 667
963 2 2 1 4 189 667 188
964 2 2 1 4 668 498 667
965 2 2 1 4 188 667 669
966 2 2 1 4 669 667 670
967 2 2 1 4 669 670 497
968 2 2 1 4 667 498 670
969 2 2 1 4 188 669 187
970 2 2 1 4 187 669 671
971 2 2 1 4 187 671 186
972 2 2 1 4 669 497 671
973 2 2 1 4 498 673 670
974 2 2 1 4 670 673 672
975 2 2 1 4 670 672 497
976 2 2 1 4 673 445 672
977 2 2 1 4 83 675 84
978 2 2 1 4 84 675 674
979 2 2 1 4 84 674 85
980 2 2 1 4 675 500 674
981 2 2 1 4 85 674 676
982 2 2 1 4 676 674 677
983 2 2 1 4 676 677 499
984 2 2 1 4 674 500 677
985 2 2 1 4 85 676 86
986 2 2 1 4 86 676 678
987 2 2 1 4 86 678 87
988 2 2 1 4 676 499 678
989 2 2 1 4 500 680 677
990 2 2 1 4 677 680 679
991 2 2 1 4 677 679 499
992 2 2 1 4 680 444 679
993 2 2 1 4 166 643 570
994 2 2 1 4 570 643 681
995 2 2 1 4 570 681 470
996 2 2 1 4 643 489 681
997 2 2 1 4 470 681 682
998 2 2 1 4 682 681 683
999 2 2 1 4 682 683 501
1000 2 2 1 4 681 489 683
1001 2 2 1 4 470 682 575
1002 2 2 1 4 575 682 684
1003 2 2 1 4 575 684 447
1004 2 2 1 4 682 501 684
1005 2 2 1 4 489 644 683
1006 2 2 1 4 683 644 685
1007 2 2 1 4 683 685 501
1008 2 2 1 4 644 449 685
1009 2 2 1 4 447 684 665
1010 2 2 1 4 665 684 686
1011 2 2 1 4 665 686 495
1012 2 2 1 4 684 501 686
1013 2 2 1 4 495 686 687
1014 2 2 1 4 687 686 688
1015 2 2 1 4 687 688 476
1016 2 2 1 4 686 501 688
1017 2 2 1 4 495 687 664
1018 2 2 1 4 664 687 591
1019 2 2 1 4 664 591 95
1020 2 2 1 4 687 476 591
1021 2 2 1 4 501 685 688
1022 2 2 1 4 688 685 596
1023 2 2 1 4 688 596 476
1024 2 2 1 4 685 449 596
1025 2 2 1 4 446 690 581
1026 2 2 1 4 581 690 689
1027 2 2 1 4 581 689 471
1028 2 2 1 4 690 502 689
1029 2 2 1 4 471 689 691
1030 2 2 1 4 691 689 692
1031 2 2 1 4 691 692 480
1032 2 2 1 4 689 502 692
1033 2 2 1 4 471 691 580
1034 2 2 1 4 580 691 605
1035 2 2 1 4 580 605 111
1036 2 2 1 4 691 480 605
1037 2 2 1 4 502 693 692
1038 2 2 1 4 692 693 610
1039 2 2 1 4 692 610 480
1040 2 2 1 4 693 451 610
1041 2 2 1 4 447 695 574
1042 2 2 1 4 574 695 694
1043 2 2 1 4 574 694 469
1044 2 2 1 4 695 503 694
1045 2 2 1 4 469 694 696
1046 2 2 1 4 696 694 697
1047 2 2 1 4 696 697 482
1048 2 2 1 4 694 503 697
1049 2 2 1 4 469 696 573
1050 2 2 1 4 573 696 612
1051 2 2 1 4 573 612 162
1052 2 2 1 4 696 482 612
1053 2 2 1 4 503 698 697
1054 2 2 1 4 697 698 617
1055 2 2 1 4 697 617 482
1056 2 2 1 4 698 452 617
1057 2 2 1 4 448 700 588
1058 2 2 1 4 588 700 699
1059 2 2 1 4 588 699 473
1060 2 2 1 4 700 504 699
1061 2 2 1 4 473 699 701
1062 2 2 1 4 701 699 702
1063 2 2 1 4 701 702 478
1064 2 2 1 4 699 504 702
1065 2 2 1 4 473 701 587
1066 2 2 1 4 587 701 598
1067 2 2 1 4 587 598 103
1068 2 2 1 4 701 478 598
1069 2 2 1 4 504 703 702
1070 2 2 1 4 702 703 603
1071 2 2 1 4 702 603 478
1072 2 2 1 4 703 450 603
1073 2 2 1 4 99 594 584
1074 2 2 1 4 584 594 704
1075 2 2 1 4 584 704 474
1076 2 2 1 4 594 475 704
1077 2 2 1 4 474 704 705
1078 2 2 1 4 705 704 706
1079 2 2 1 4 705 706 505
1080 2 2 1 4 704 475 706
1081 2 2 1 4 474 705 589
1082 2 2 1 4 589 705 707
1083 2 2 1 4 589 707 448
1084 2 2 1 4 705 505 707
1085 2 2 1 4 475 595 706
1086 2 2 1 4 706 595 708
1087 2 2 1 4 706 708 505
1088 2 2 1 4 595 449 708
1089 2 2 1 4 107 601 577
1090 2 2 1 4 577 601 709
1091 2 2 1 4 577 709 472
1092 2 2 1 4 601 477 709
1093 2 2 1 4 472 709 710
1094 2 2 1 4 710 709 711
1095 2 2 1 4 710 711 506
1096 2 2 1 4 709 477 711
1097 2 2 1 4 472 710 582
1098 2 2 1 4 582 710 712
1099 2 2 1 4 582 712 446
1100 2 2 1 4 710 506 712
1101 2 2 1 4 477 602 711
1102 2 2 1 4 711 602 713
1103 2 2 1 4 711 713 506
1104 2 2 1 4 602 450 713
1105 2 2 1 4 158 615 556
1106 2 2 1 4 556 615 714
1107 2 2 1 4 556 714 466
1108 2 2 1 4 615 481 714
1109 2 2 1 4 466 714 715
1110 2 2 1 4 715 714 716
1111 2 2 1 4 715 716 507
1112 2 2 1 4 714 481 716
1113 2 2 1 4 466 715 561
1114 2 2 1 4 561 715 717
1115 2 2 1 4 561 717 444
1116 2 2 1 4 715 507 717
1117 2 2 1 4 481 616 716
1118 2 2 1 4 716 616 718
1119 2 2 1 4 716 718 507
1120 2 2 1 4 616 452 718
1121 2 2 1 4 115 608 563
1122 2 2 1 4 563 608 719
1123 2 2 1 4 563 719 468
1124 2 2 1 4 608 479 719
1125 2 2 1 4 468 719 720
1126 2 2 1 4 720 719 721
1127 2 2 1 4 720 721 508
1128 2 2 1 4 719 479 721
1129 2 2 1 4 468 720 568
1130 2 2 1 4 568 720 722
1131 2 2 1 4 568 722 445
1132 2 2 1 4 720 508 722
1133 2 2 1 4 479 609 721
1134 2 2 1 4 721 609 723
1135 2 2 1 4 721 723 508
1136 2 2 1 4 609 451 723
1137 2 2 1 4 182 629 654
1138 2 2 1 4 654 629 724
1139 2 2 1 4 654 724 494
1140 2 2 1 4 629 485 724
1141 2 2 1 4 494 724 725
1142 2 2 1 4 725 724 726
1143 2 2 1 4 725 726 502
1144 2 2 1 4 724 485 726
1145 2 2 1 4 494 725 659
1146 2 2 1 4 659 725 690
1147 2 2 1 4 659 690 446
1148 2 2 1 4 725 502 690
1149 2 2 1 4 485 630 726
1150 2 2 1 4 726 630 693
1151 2 2 1 4 726 693 502
1152 2 2 1 4 630 451 693
1153 2 2 1 4 91 622 661
1154 2 2 1 4 661 622 727
1155 2 2 1 4 661 727 496
1156 2 2 1 4 622 483 727
1157 2 2 1 4 496 727 728
1158 2 2 1 4 728 727 729
1159 2 2 1 4 728 729 503
1160 2 2 1 4 727 483 729
1161 2 2 1 4 496 728 666
1162 2 2 1 4 666 728 695
1163 2 2 1 4 666 695 447
1164 2 2 1 4 728 503 695
1165 2 2 1 4 483 623 729
1166 2 2 1 4 729 623 698
1167 2 2 1 4 729 698 503
1168 2 2 1 4 623 452 698
1169 2 2 1 4 174 636 647
1170 2 2 1 4 647 636 730
1171 2 2 1 4 647 730 492
1172 2 2 1 4 636 487 730
1173 2 2 1 4 492 730 731
1174 2 2 1 4 731 730 732
1175 2 2 1 4 731 732 504
1176 2 2 1 4 730 487 732
1177 2 2 1 4 492 731 652
1178 2 2 1 4 652 731 700
1179 2 2 1 4 652 700 448
1180 2 2 1 4 731 504 700
1181 2 2 1 4 487 637 732
1182 2 2 1 4 732 637 703
1183 2 2 1 4 732 703 504
1184 2 2 1 4 637 450 703
1185 2 2 1 4 448 707 651
1186 2 2 1 4 651 707 733
1187 2 2 1 4 651 733 491
1188 2 2 1 4 707 505 733
1189 2 2 1 4 491 733 734
1190 2 2 1 4 734 733 735
1191 2 2 1 4 734 735 490
1192 2 2 1 4 733 505 735
1193 2 2 1 4 491 734 650
1194 2 2 1 4 650 734 640
1195 2 2 1 4 650 640 170
1196 2 2 1 4 734 490 640
1197 2 2 1 4 505 708 735
1198 2 2 1 4 735 708 645
1199 2 2 1 4 735 645 490
1200 2 2 1 4 708 449 645
1201 2 2 1 4 446 712 658
1202 2 2 1 4 658 712 736
1203 2 2 1 4 658 736 493
1204 2 2 1 4 712 506 736
1205 2 2 1 4 493 736 737
1206 2 2 1 4 737 736 738
1207 2 2 1 4 737 738 488
1208 2 2 1 4 736 506 738
1209 2 2 1 4 493 737 657
1210 2 2 1 4 657 737 633
1211 2 2 1 4 657 633 178
1212 2 2 1 4 737 488 633
1213 2 2 1 4 506 713 738
1214 2 2 1 4 738 713 638
1215 2 2 1 4 738 638 488
1216 2 2 1 4 713 450 638
1217 2 2 1 4 444 717 679
1218 2 2 1 4 679 717 739
1219 2 2 1 4 679 739 499
1220 2 2 1 4 717 507 739
1221 2 2 1 4 499 739 740
1222 2 2 1 4 740 739 741
1223 2 2 1 4 740 741 484
1224 2 2 1 4 739 507 741
1225 2 2 1 4 499 740 678
1226 2 2 1 4 678 740 619
1227 2 2 1 4 678 619 87
1228 2 2 1 4 740 484 619
1229 2 2 1 4 507 718 741
1230 2 2 1 4 741 718 624
1231 2 2 1 4 741 624 484
1232 2 2 1 4 718 452 624
1233 2 2 1 4 445 722 672
1234 2 2 1 4 672 722 742
1235 2 2 1 4 672 742 497
1236 2 2 1 4 722 508 742
1237 2 2 1 4 497 742 743
1238 2 2 1 4 743 742 744
1239 2 2 1 4 743 744 486
1240 2 2 1 4 742 508 744
1241 2 2 1 4 497 743 671
1242 2 2 1 4 671 743 626
1243 2 2 1 4 671 626 186
1244 2 2 1 4 743 486 626
1245 2 2 1 4 508 723 744
1246 2 2 1 4 744 723 631
1247 2 2 1 4 744 631 486
1248 2 2 1 4 723 451 631
1249 2 2 1 4 444 746 560
1250 2 2 1 4 560 746 745
1251 2 2 1 4 560 745 465
1252 2 2 1 4 746 509 745
1253 2 2 1 4 465 745 747
1254 2 2 1 4 747 745 748
1255 2 2 1 4 747 748 460
1256 2 2 1 4 745 509 748
1257 2 2 1 4 465 747 559
1258 2 2 1 4 559 747 531
1259 2 2 1 4 559 531 154
1260 2 2 1 4 747 460 531
1261 2 2 1 4 509 749 748
1262 2 2 1 4 748 749 534
1263 2 2 1 4 748 534 460
1264 2 2 1 4 749 454 534
1265 2 2 1 4 445 751 567
1266 2 2 1 4 567 751 750
1267 2 2 1 4 567 750 467
1268 2 2 1 4 751 510 750
1269 2 2 1 4 467 750 752
1270 2 2 1 4 752 750 753
1271 2 2 1 4 752 753 459
1272 2 2 1 4 750 510 753
1273 2 2 1 4 467 752 566
1274 2 2 1 4 566 752 526
1275 2 2 1 4 566 526 119
1276 2 2 1 4 752 459 526
1277 2 2 1 4 510 754 753
1278 2 2 1 4 753 754 529
1279 2 2 1 4 753 529 459
1280 2 2 1 4 754 453 529
1281 2 2 1 4 190 553 668
1282 2 2 1 4 668 553 755
1283 2 2 1 4 668 755 498
1284 2 2 1 4 553 464 755
1285 2 2 1 4 498 755 756
1286 2 2 1 4 756 755 757
1287 2 2 1 4 756 757 510
1288 2 2 1 4 755 464 757
1289 2 2 1 4 498 756 673
1290 2 2 1 4 673 756 751
1291 2 2 1 4 673 751 445
1292 2 2 1 4 756 510 751
1293 2 2 1 4 464 554 757
1294 2 2 1 4 757 554 754
1295 2 2 1 4 757 754 510
1296 2 2 1 4 554 453 754
1297 2 2 1 4 83 548 675
1298 2 2 1 4 675 548 758
1299 2 2 1 4 675 758 500
1300 2 2 1 4 548 463 758
1301 2 2 1 4 500 758 759
1302 2 2 1 4 759 758 760
1303 2 2 1 4 759 760 509
1304 2 2 1 4 758 463 760
1305 2 2 1 4 500 759 680
1306 2 2 1 4 680 759 746
1307 2 2 1 4 680 746 444
1308 2 2 1 4 759 509 746
1309 2 2 1 4 463 549 760
1310 2 2 1 4 760 549 749
1311 2 2 1 4 760 749 509
1312 2 2 1 4 549 454 749
1313 2 2 1 5 197 786 784
1314 2 2 1 5 784 786 785
1315 2 2 1 5 784 785 761
1316 2 2 1 5 786 762 785
1317 2 2 1 5 761 785 787
1318 2 2 1 5 787 785 788
1319 2 2 1 5 787 788 24
1320 2 2 1 5 785 762 788
1321 2 2 1 5 761 787 789
1322 2 2 1 5 789 787 25
1323 2 2 1 5 789 25 26
1324 2 2 1 5 787 24 25
1325 2 2 1 5 762 790 788
1326 2 2 1 5 788 790 23
1327 2 2 1 5 788 23 24
1328 2 2 1 5 790 3 23
1329 2 2 1 5 197 792 786
1330 2 2 1 5 786 792 791
1331 2 2 1 5 786 791 762
1332 2 2 1 5 792 763 791
1333 2 2 1 5 762 791 793
1334 2 2 1 5 793 791 794
1335 2 2 1 5 793 794 152
1336 2 2 1 5 791 763 794
1337 2 2 1 5 762 793 790
1338 2 2 1 5 790 793 151
1339 2 2 1 5 790 151 3
1340 2 2 1 5 793 152 151
1341 2 2 1 5 763 795 794
1342 2 2 1 5 794 795 153
1343 2 2 1 5 794 153 152
1344 2 2 1 5 795 154 153
1345 2 2 1 5 197 784 196
1346 2 2 1 5 196 784 796
1347 2 2 1 5 196 796 195
1348 2 2 1 5 784 761 796
1349 2 2 1 5 195 796 797
1350 2 2 1 5 797 796 798
1351 2 2 1 5 797 798 28
1352 2 2 1 5 796 761 798
1353 2 2 1 5 195 797 194
1354 2 2 1 5 194 797 29
1355 2 2 1 5 194 29 4
1356 2 2 1 5 797 28 29
1357 2 2 1 5 761 789 798
1358 2 2 1 5 798 789 27
1359 2 2 1 5 798 27 28
1360 2 2 1 5 789 26 27
1361 2 2 1 5 7 193 137
1362 2 2 1 5 137 193 799
1363 2 2 1 5 137 799 138
1364 2 2 1 5 193 192 799
1365 2 2 1 5 138 799 800
1366 2 2 1 5 800 799 801
1367 2 2 1 5 800 801 764
1368 2 2 1 5 799 192 801
1369 2 2 1 5 138 800 139
1370 2 2 1 5 139 800 802
1371 2 2 1 5 139 802 140
1372 2 2 1 5 800 764 802
1373 2 2 1 5 192 191 801
1374 2 2 1 5 801 191 803
1375 2 2 1 5 801 803 764
1376 2 2 1 5 191 190 803
1377 2 2 1 5 190 805 803
1378 2 2 1 5 803 805 804
1379 2 2 1 5 803 804 764
1380 2 2 1 5 805 765 804
1381 2 2 1 5 764 804 806
1382 2 2 1 5 806 804 807
1383 2 2 1 5 806 807 142
1384 2 2 1 5 804 765 807
1385 2 2 1 5 764 806 802
1386 2 2 1 5 802 806 141
1387 2 2 1 5 802 141 140
1388 2 2 1 5 806 142 141
1389 2 2 1 5 765 808 807
1390 2 2 1 5 807 808 143
1391 2 2 1 5 807 143 142
1392 2 2 1 5 808 8 143
1393 2 2 1 5 190 810 805
1394 2 2 1 5 805 810 809
1395 2 2 1 5 805 809 765
1396 2 2 1 5 810 766 809
1397 2 2 1 5 765 809 811
1398 2 2 1 5 811 809 812
1399 2 2 1 5 811 812 235
1400 2 2 1 5 809 766 812
1401 2 2 1 5 765 811 808
1402 2 2 1 5 808 811 236
1403 2 2 1 5 808 236 8
1404 2 2 1 5 811 235 236
1405 2 2 1 5 766 813 812
1406 2 2 1 5 812 813 234
1407 2 2 1 5 812 234 235
1408 2 2 1 5 813 233 234
1409 2 2 1 5 154 815 155
1410 2 2 1 5 155 815 814
1411 2 2 1 5 155 814 156
1412 2 2 1 5 815 768 814
1413 2 2 1 5 156 814 816
1414 2 2 1 5 816 814 817
1415 2 2 1 5 816 817 767
1416 2 2 1 5 814 768 817
1417 2 2 1 5 156 816 157
1418 2 2 1 5 157 816 818
1419 2 2 1 5 157 818 158
1420 2 2 1 5 816 767 818
1421 2 2 1 5 768 820 817
1422 2 2 1 5 817 820 819
1423 2 2 1 5 817 819 767
1424 2 2 1 5 820 201 819
1425 2 2 1 5 154 795 815
1426 2 2 1 5 815 795 821
1427 2 2 1 5 815 821 768
1428 2 2 1 5 795 763 821
1429 2 2 1 5 768 821 822
1430 2 2 1 5 822 821 823
1431 2 2 1 5 822 823 199
1432 2 2 1 5 821 763 823
1433 2 2 1 5 768 822 820
1434 2 2 1 5 820 822 200
1435 2 2 1 5 820 200 201
1436 2 2 1 5 822 199 200
1437 2 2 1 5 763 792 823
1438 2 2 1 5 823 792 198
1439 2 2 1 5 823 198 199
1440 2 2 1 5 792 197 198
1441 2 2 1 5 158 825 159
1442 2 2 1 5 159 825 824
1443 2 2 1 5 159 824 160
1444 2 2 1 5 825 770 824
1445 2 2 1 5 160 824 826
1446 2 2 1 5 826 824 827
1447 2 2 1 5 826 827 769
1448 2 2 1 5 824 770 827
1449 2 2 1 5 160 826 161
1450 2 2 1 5 161 826 828
1451 2 2 1 5 161 828 162
1452 2 2 1 5 826 769 828
1453 2 2 1 5 770 830 827
1454 2 2 1 5 827 830 829
1455 2 2 1 5 827 829 769
1456 2 2 1 5 830 205 829
1457 2 2 1 5 201 202 819
1458 2 2 1 5 819 202 831
1459 2 2 1 5 819 831 767
1460 2 2 1 5 202 203 831
1461 2 2 1 5 767 831 832
1462 2 2 1 5 832 831 833
1463 2 2 1 5 832 833 770
1464 2 2 1 5 831 203 833
1465 2 2 1 5 767 832 818
1466 2 2 1 5 818 832 825
1467 2 2 1 5 818 825 158
1468 2 2 1 5 832 770 825
1469 2 2 1 5 203 204 833
1470 2 2 1 5 833 204 830
1471 2 2 1 5 833 830 770
1472 2 2 1 5 204 205 830
1473 2 2 1 5 162 835 163
1474 2 2 1 5 163 835 834
1475 2 2 1 5 163 834 164
1476 2 2 1 5 835 772 834
1477 2 2 1 5 164 834 836
1478 2 2 1 5 836 834 837
1479 2 2 1 5 836 837 771
1480 2 2 1 5 834 772 837
1481 2 2 1 5 164 836 165
1482 2 2 1 5 165 836 838
1483 2 2 1 5 165 838 166
1484 2 2 1 5 836 771 838
1485 2 2 1 5 772 840 837
1486 2 2 1 5 837 840 839
1487 2 2 1 5 837 839 771
1488 2 2 1 5 840 209 839
1489 2 2 1 5 205 206 829
1490 2 2 1 5 829 206 841
1491 2 2 1 5 829 841 769
1492 2 2 1 5 206 207 841
1493 2 2 1 5 769 841 842
1494 2 2 1 5 842 841 843
1495 2 2 1 5 842 843 772
1496 2 2 1 5 841 207 843
1497 2 2 1 5 769 842 828
1498 2 2 1 5 828 842 835
1499 2 2 1 5 828 835 162
1500 2 2 1 5 842 772 835
1501 2 2 1 5 207 208 843
1502 2 2 1 5 843 208 840
1503 2 2 1 5 843 840 772
1504 2 2 1 5 208 209 840
1505 2 2 1 5 170 169 844
1506 2 2 1 5 844 169 845
1507 2 2 1 5 844 845 773
1508 2 2 1 5 169 168 845
1509 2 2 1 5 773 845 846
1510 2 2 1 5 846 845 847
1511 2 2 1 5 846 847 774
1512 2 2 1 5 845 168 847
1513 2 2 1 5 773 846 848
1514 2 2 1 5 848 846 849
1515 2 2 1 5 848 849 213
1516 2 2 1 5 846 774 849
1517 2 2 1 5 168 167 847
1518 2 2 1 5 847 167 850
1519 2 2 1 5 847 850 774
1520 2 2 1 5 167 166 850
1521 2 2 1 5 213 849 212
1522 2 2 1 5 212 849 851
1523 2 2 1 5 212 851 211
1524 2 2 1 5 849 774 851
1525 2 2 1 5 211 851 852
1526 2 2 1 5 852 851 853
1527 2 2 1 5 852 853 771
1528 2 2 1 5 851 774 853
1529 2 2 1 5 211 852 210
1530 2 2 1 5 210 852 839
1531 2 2 1 5 210 839 209
1532 2 2 1 5 852 771 839
1533 2 2 1 5 774 850 853
1534 2 2 1 5 853 850 838
1535 2 2 1 5 853 838 771
1536 2 2 1 5 850 166 838
1537 2 2 1 5 174 173 854
1538 2 2 1 5 854 173 855
1539 2 2 1 5 854 855 775
1540 2 2 1 5 173 172 855
1541 2 2 1 5 775 855 856
1542 2 2 1 5 856 855 857
1543 2 2 1 5 856 857 776
1544 2 2 1 5 855 172 857
1545 2 2 1 5 775 856 858
1546 2 2 1 5 858 856 859
1547 2 2 1 5 858 859 217
1548 2 2 1 5 856 776 859
1549 2 2 1 5 172 171 857
1550 2 2 1 5 857 171 860
1551 2 2 1 5 857 860 776
1552 2 2 1 5 171 170 860
1553 2 2 1 5 217 859 216
1554 2 2 1 5 216 859 861
1555 2 2 1 5 216 861 215
1556 2 2 1 5 859 776 861
1557 2 2 1 5 215 861 862
1558 2 2 1 5 862 861 863
1559 2 2 1 5 862 863 773
1560 2 2 1 5 861 776 863
1561 2 2 1 5 215 862 214
1562 2 2 1 5 214 862 848
1563 2 2 1 5 214 848 213
1564 2 2 1 5 862 773 848
1565 2 2 1 5 776 860 863
1566 2 2 1 5 863 860 844
1567 2 2 1 5 863 844 773
1568 2 2 1 5 860 170 844
1569 2 2 1 5 174 865 175
1570 2 2 1 5 175 865 864
1571 2 2 1 5 175 864 176
1572 2 2 1 5 865 778 864
1573 2 2 1 5 176 864 866
1574 2 2 1 5 866 864 867
1575 2 2 1 5 866 867 777
1576 2 2 1 5 864 778 867
1577 2 2 1 5 176 866 177
1578 2 2 1 5 177 866 868
1579 2 2 1 5 177 868 178
1580 2 2 1 5 866 777 868
1581 2 2 1 5 778 870 867
1582 2 2 1 5 867 870 869
1583 2 2 1 5 867 869 777
1584 2 2 1 5 870 221 869
1585 2 2 1 5 174 854 865
1586 2 2 1 5 865 854 871
1587 2 2 1 5 865 871 778
1588 2 2 1 5 854 775 871
1589 2 2 1 5 778 871 872
1590 2 2 1 5 872 871 873
1591 2 2 1 5 872 873 219
1592 2 2 1 5 871 775 873
1593 2 2 1 5 778 872 870
1594 2 2 1 5 870 872 220
1595 2 2 1 5 870 220 221
1596 2 2 1 5 872 219 220
1597 2 2 1 5 775 858 873
1598 2 2 1 5 873 858 218
1599 2 2 1 5 873 218 219
1600 2 2 1 5 858 217 218
1601 2 2 1 5 182 181 874
1602 2 2 1 5 874 181 875
1603 2 2 1 5 874 875 779
1604 2 2 1 5 181 180 875
1605 2 2 1 5 779 875 876
1606 2 2 1 5 876 875 877
1607 2 2 1 5 876 877 780
1608 2 2 1 5 875 180 877
1609 2 2 1 5 779 876 878
1610 2 2 1 5 878 876 879
1611 2 2 1 5 878 879 225
1612 2 2 1 5 876 780 879
1613 2 2 1 5 180 179 877
1614 2 2 1 5 877 179 880
1615 2 2 1 5 877 880 780
1616 2 2 1 5 179 178 880
1617 2 2 1 5 178 868 880
1618 2 2 1 5 880 868 881
1619 2 2 1 5 880 881 780
1620 2 2 1 5 868 777 881
1621 2 2 1 5 780 881 882
1622 2 2 1 5 882 881 883
1623 2 2 1 5 882 883 223
1624 2 2 1 5 881 777 883
1625 2 2 1 5 780 882 879
1626 2 2 1 5 879 882 224
1627 2 2 1 5 879 224 225
1628 2 2 1 5 882 223 224
1629 2 2 1 5 777 869 883
1630 2 2 1 5 883 869 222
1631 2 2 1 5 883 222 223
1632 2 2 1 5 869 221 222
1633 2 2 1 5 182 885 183
1634 2 2 1 5 183 885 884
1635 2 2 1 5 183 884 184
1636 2 2 1 5 885 782 884
1637 2 2 1 5 184 884 886
1638 2 2 1 5 886 884 887
1639 2 2 1 5 886 887 781
1640 2 2 1 5 884 782 887
1641 2 2 1 5 184 886 185
1642 2 2 1 5 185 886 888
1643 2 2 1 5 185 888 186
1644 2 2 1 5 886 781 888
1645 2 2 1 5 782 890 887
1646 2 2 1 5 887 890 889
1647 2 2 1 5 887 889 781
1648 2 2 1 5 890 229 889
1649 2 2 1 5 225 226 878
1650 2 2 1 5 878 226 891
1651 2 2 1 5 878 891 779
1652 2 2 1 5 226 227 891
1653 2 2 1 5 779 891 892
1654 2 2 1 5 892 891 893
1655 2 2 1 5 892 893 782
1656 2 2 1 5 891 227 893
1657 2 2 1 5 779 892 874
1658 2 2 1 5 874 892 885
1659 2 2 1 5 874 885 182
1660 2 2 1 5 892 782 885
1661 2 2 1 5 227 228 893
1662 2 2 1 5 893 228 890
1663 2 2 1 5 893 890 782
1664 2 2 1 5 228 229 890
1665 2 2 1 5 190 189 810
1666 2 2 1 5 810 189 894
1667 2 2 1 5 810 894 766
1668 2 2 1 5 189 188 894
1669 2 2 1 5 766 894 895
1670 2 2 1 5 895 894 896
1671 2 2 1 5 895 896 783
1672 2 2 1 5 894 188 896
1673 2 2 1 5 766 895 813
1674 2 2 1 5 813 895 897
1675 2 2 1 5 813 897 233
1676 2 2 1 5 895 783 897
1677 2 2 1 5 188 187 896
1678 2 2 1 5 896 187 898
1679 2 2 1 5 896 898 783
1680 2 2 1 5 187 186 898
1681 2 2 1 5 233 897 232
1682 2 2 1 5 232 897 899
1683 2 2 1 5 232 899 231
1684 2 2 1 5 897 783 899
1685 2 2 1 5 231 899 900
1686 2 2 1 5 900 899 901
1687 2 2 1 5 900 901 781
1688 2 2 1 5 899 783 901
1689 2 2 1 5 231 900 230
1690 2 2 1 5 230 900 889
1691 2 2 1 5 230 889 229
1692 2 2 1 5 900 781 889
1693 2 2 1 5 783 898 901
1694 2 2 1 5 901 898 888
1695 2 2 1 5 901 888 781
1696 2 2 1 5 898 186 888
1697 2 2 1 6 1 970 36
1698 2 2 1 6 36 970 969
1699 2 2 1 6 36 969 35
1700 2 2 1 6 970 914 969
1701 2 2 1 6 35 969 971
1702 2 2 1 6 971 969 972
1703 2 2 1 6 971 972 913
1704 2 2 1 6 969 914 972
1705 2 2 1 6 35 971 34
1706 2 2 1 6 34 971 973
1707 2 2 1 6 34 973 33
1708 2 2 1 6 971 913 973
1709 2 2 1 6 914 975 972
1710 2 2 1 6 972 975 974
1711 2 2 1 6 972 974 913
1712 2 2 1 6 975 911 974
1713 2 2 1 6 8 977 144
1714 2 2 1 6 144 977 976
1715 2 2 1 6 144 976 145
1716 2 2 1 6 977 916 976
1717 2 2 1 6 145 976 978
1718 2 2 1 6 978 976 979
1719 2 2 1 6 978 979 915
1720 2 2 1 6 976 916 979
1721 2 2 1 6 145 978 146
1722 2 2 1 6 146 978 980
1723 2 2 1 6 146 980 147
1724 2 2 1 6 978 915 980
1725 2 2 1 6 916 982 979
1726 2 2 1 6 979 982 981
1727 2 2 1 6 979 981 915
1728 2 2 1 6 982 912 981
1729 2 2 1 6 40 984 39
1730 2 2 1 6 39 984 983
1731 2 2 1 6 39 983 38
1732 2 2 1 6 984 917 983
1733 2 2 1 6 38 983 985
1734 2 2 1 6 985 983 986
1735 2 2 1 6 985 986 914
1736 2 2 1 6 983 917 986
1737 2 2 1 6 38 985 37
1738 2 2 1 6 37 985 970
1739 2 2 1 6 37 970 1
1740 2 2 1 6 985 914 970
1741 2 2 1 6 917 987 986
1742 2 2 1 6 986 987 975
1743 2 2 1 6 986 975 914
1744 2 2 1 6 987 911 975
1745 2 2 1 6 233 989 234
1746 2 2 1 6 234 989 988
1747 2 2 1 6 234 988 235
1748 2 2 1 6 989 918 988
1749 2 2 1 6 235 988 990
1750 2 2 1 6 990 988 991
1751 2 2 1 6 990 991 916
1752 2 2 1 6 988 918 991
1753 2 2 1 6 235 990 236
1754 2 2 1 6 236 990 977
1755 2 2 1 6 236 977 8
1756 2 2 1 6 990 916 977
1757 2 2 1 6 918 992 991
1758 2 2 1 6 991 992 982
1759 2 2 1 6 991 982 916
1760 2 2 1 6 992 912 982
1761 2 2 1 6 147 980 148
1762 2 2 1 6 148 980 993
1763 2 2 1 6 148 993 149
1764 2 2 1 6 980 915 993
1765 2 2 1 6 149 993 994
1766 2 2 1 6 994 993 995
1767 2 2 1 6 994 995 919
1768 2 2 1 6 993 915 995
1769 2 2 1 6 149 994 150
1770 2 2 1 6 150 994 996
1771 2 2 1 6 150 996 5
1772 2 2 1 6 994 919 996
1773 2 2 1 6 915 981 995
1774 2 2 1 6 995 981 997
1775 2 2 1 6 995 997 919
1776 2 2 1 6 981 912 997
1777 2 2 1 6 33 973 32
1778 2 2 1 6 32 973 998
1779 2 2 1 6 32 998 31
1780 2 2 1 6 973 913 998
1781 2 2 1 6 31 998 999
1782 2 2 1 6 999 998 1000
1783 2 2 1 6 999 1000 920
1784 2 2 1 6 998 913 1000
1785 2 2 1 6 31 999 30
1786 2 2 1 6 30 999 1001
1787 2 2 1 6 30 1001 4
1788 2 2 1 6 999 920 1001
1789 2 2 1 6 913 974 1000
1790 2 2 1 6 1000 974 1002
1791 2 2 1 6 1000 1002 920
1792 2 2 1 6 974 911 1002
1793 2 2 1 6 5 996 79
1794 2 2 1 6 79 996 1003
1795 2 2 1 6 79 1003 78
1796 2 2 1 6 996 919 1003
1797 2 2 1 6 78 1003 1004
1798 2 2 1 6 1004 1003 1005
1799 2 2 1 6 1004 1005 921
1800 2 2 1 6 1003 919 1005
1801 2 2 1 6 78 1004 77
1802 2 2 1 6 77 1004 1006
1803 2 2 1 6 77 1006 76
1804 2 2 1 6 1004 921 1006
1805 2 2 1 6 919 997 1005
1806 2 2 1 6 1005 997 1007
1807 2 2 1 6 1005 1007 921
1808 2 2 1 6 997 912 1007
1809 2 2 1 6 4 1001 194
1810 2 2 1 6 194 1001 1008
1811 2 2 1 6 194 1008 195
1812 2 2 1 6 1001 920 1008
1813 2 2 1 6 195 1008 1009
1814 2 2 1 6 1009 1008 1010
1815 2 2 1 6 1009 1010 922
1816 2 2 1 6 1008 920 1010
1817 2 2 1 6 195 1009 196
1818 2 2 1 6 196 1009 1011
1819 2 2 1 6 196 1011 197
1820 2 2 1 6 1009 922 1011
1821 2 2 1 6 920 1002 1010
1822 2 2 1 6 1010 1002 1012
1823 2 2 1 6 1010 1012 922
1824 2 2 1 6 1002 911 1012
1825 2 2 1 6 48 1014 47
1826 2 2 1 6 47 1014 1013
1827 2 2 1 6 47 1013 46
1828 2 2 1 6 1014 924 1013
1829 2 2 1 6 46 1013 1015
1830 2 2 1 6 1015 1013 1016
1831 2 2 1 6 1015 1016 923
1832 2 2 1 6 1013 924 1016
1833 2 2 1 6 46 1015 45
1834 2 2 1 6 45 1015 1017
1835 2 2 1 6 45 1017 44
1836 2 2 1 6 1015 923 1017
1837 2 2 1 6 924 1019 1016
1838 2 2 1 6 1016 1019 1018
1839 2 2 1 6 1016 1018 923
1840 2 2 1 6 1019 902 1018
1841 2 2 1 6 225 1021 226
1842 2 2 1 6 226 1021 1020
1843 2 2 1 6 226 1020 227
1844 2 2 1 6 1021 926 1020
1845 2 2 1 6 227 1020 1022
1846 2 2 1 6 1022 1020 1023
1847 2 2 1 6 1022 1023 925
1848 2 2 1 6 1020 926 1023
1849 2 2 1 6 227 1022 228
1850 2 2 1 6 228 1022 1024
1851 2 2 1 6 228 1024 229
1852 2 2 1 6 1022 925 1024
1853 2 2 1 6 926 1026 1023
1854 2 2 1 6 1023 1026 1025
1855 2 2 1 6 1023 1025 925
1856 2 2 1 6 1026 903 1025
1857 2 2 1 6 64 1028 63
1858 2 2 1 6 63 1028 1027
1859 2 2 1 6 63 1027 62
1860 2 2 1 6 1028 928 1027
1861 2 2 1 6 62 1027 1029
1862 2 2 1 6 1029 1027 1030
1863 2 2 1 6 1029 1030 927
1864 2 2 1 6 1027 928 1030
1865 2 2 1 6 62 1029 61
1866 2 2 1 6 61 1029 1031
1867 2 2 1 6 61 1031 60
1868 2 2 1 6 1029 927 1031
1869 2 2 1 6 928 1033 1030
1870 2 2 1 6 1030 1033 1032
1871 2 2 1 6 1030 1032 927
1872 2 2 1 6 1033 904 1032
1873 2 2 1 6 56 1035 55
1874 2 2 1 6 55 1035 1034
1875 2 2 1 6 55 1034 54
1876 2 2 1 6 1035 930 1034
1877 2 2 1 6 54 1034 1036
1878 2 2 1 6 1036 1034 1037
1879 2 2 1 6 1036 1037 929
1880 2 2 1 6 1034 930 1037
1881 2 2 1 6 54 1036 53
1882 2 2 1 6 53 1036 1038
1883 2 2 1 6 53 1038 52
1884 2 2 1 6 1036 929 1038
1885 2 2 1 6 930 1040 1037
1886 2 2 1 6 1037 1040 1039
1887 2 2 1 6 1037 1039 929
1888 2 2 1 6 1040 905 1039
1889 2 2 1 6 197 1042 198
1890 2 2 1 6 198 1042 1041
1891 2 2 1 6 198 1041 199
1892 2 2 1 6 1042 932 1041
1893 2 2 1 6 199 1041 1043
1894 2 2 1 6 1043 1041 1044
1895 2 2 1 6 1043 1044 931
1896 2 2 1 6 1041 932 1044
1897 2 2 1 6 199 1043 200
1898 2 2 1 6 200 1043 1045
1899 2 2 1 6 200 1045 201
1900 2 2 1 6 1043 931 1045
1901 2 2 1 6 932 1047 1044
1902 2 2 1 6 1044 1047 1046
1903 2 2 1 6 1044 1046 931
1904 2 2 1 6 1047 910 1046
1905 2 2 1 6 60 1049 59
1906 2 2 1 6 59 1049 1048
1907 2 2 1 6 59 1048 58
1908 2 2 1 6 1049 934 1048
1909 2 2 1 6 58 1048 1050
1910 2 2 1 6 1050 1048 1051
1911 2 2 1 6 1050 1051 933
1912 2 2 1 6 1048 934 1051
1913 2 2 1 6 58 1050 57
1914 2 2 1 6 57 1050 1052
1915 2 2 1 6 57 1052 56
1916 2 2 1 6 1050 933 1052
1917 2 2 1 6 934 1054 1051
1918 2 2 1 6 1051 1054 1053
1919 2 2 1 6 1051 1053 933
1920 2 2 1 6 1054 906 1053
1921 2 2 1 6 221 1056 222
1922 2 2 1 6 222 1056 1055
1923 2 2 1 6 222 1055 223
1924 2 2 1 6 1056 936 1055
1925 2 2 1 6 223 1055 1057
1926 2 2 1 6 1057 1055 1058
1927 2 2 1 6 1057 1058 935
1928 2 2 1 6 1055 936 1058
1929 2 2 1 6 223 1057 224
1930 2 2 1 6 224 1057 1059
1931 2 2 1 6 224 1059 225
1932 2 2 1 6 1057 935 1059
1933 2 2 1 6 936 1061 1058
1934 2 2 1 6 1058 1061 1060
1935 2 2 1 6 1058 1060 935
1936 2 2 1 6 1061 908 1060
1937 2 2 1 6 52 1063 51
1938 2 2 1 6 51 1063 1062
1939 2 2 1 6 51 1062 50
1940 2 2 1 6 1063 938 1062
1941 2 2 1 6 50 1062 1064
1942 2 2 1 6 1064 1062 1065
1943 2 2 1 6 1064 1065 937
1944 2 2 1 6 1062 938 1065
1945 2 2 1 6 50 1064 49
1946 2 2 1 6 49 1064 1066
1947 2 2 1 6 49 1066 48
1948 2 2 1 6 1064 937 1066
1949 2 2 1 6 938 1068 1065
1950 2 2 1 6 1065 1068 1067
1951 2 2 1 6 1065 1067 937
1952 2 2 1 6 1068 907 1067
1953 2 2 1 6 76 1070 75
1954 2 2 1 6 75 1070 1069
1955 2 2 1 6 75 1069 74
1956 2 2 1 6 1070 940 1069
1957 2 2 1 6 74 1069 1071
1958 2 2 1 6 1071 1069 1072
1959 2 2 1 6 1071 1072 939
1960 2 2 1 6 1069 940 1072
1961 2 2 1 6 74 1071 73
1962 2 2 1 6 73 1071 1073
1963 2 2 1 6 73 1073 72
1964 2 2 1 6 1071 939 1073
1965 2 2 1 6 940 1075 1072
1966 2 2 1 6 1072 1075 1074
1967 2 2 1 6 1072 1074 939
1968 2 2 1 6 1075 909 1074
1969 2 2 1 6 229 1077 230
1970 2 2 1 6 230 1077 1076
1971 2 2 1 6 230 1076 231
1972 2 2 1 6 1077 942 1076
1973 2 2 1 6 231 1076 1078
1974 2 2 1 6 1078 1076 1079
1975 2 2 1 6 1078 1079 941
1976 2 2 1 6 1076 942 1079
1977 2 2 1 6 231 1078 232
1978 2 2 1 6 232 1078 1080
1979 2 2 1 6 232 1080 233
1980 2 2 1 6 1078 941 1080
1981 2 2 1 6 942 1082 1079
1982 2 2 1 6 1079 1082 1081
1983 2 2 1 6 1079 1081 941
1984 2 2 1 6 1082 909 1081
1985 2 2 1 6 205 1084 206
1986 2 2 1 6 206 1084 1083
1987 2 2 1 6 206 1083 207
1988 2 2 1 6 1084 944 1083
1989 2 2 1 6 207 1083 1085
1990 2 2 1 6 1085 1083 1086
1991 2 2 1 6 1085 1086 943
1992 2 2 1 6 1083 944 1086
1993 2 2 1 6 207 1085 208
1994 2 2 1 6 208 1085 1087
1995 2 2 1 6 208 1087 209
1996 2 2 1 6 1085 943 1087
1997 2 2 1 6 944 1089 1086
1998 2 2 1 6 1086 1089 1088
1999 2 2 1 6 1086 1088 943
2000 2 2 1 6 1089 907 1088
2001 2 2 1 6 68 1091 67
2002 2 2 1 6 67 1091 1090
2003 2 2 1 6 67 1090 66
2004 2 2 1 6 1091 946 1090
2005 2 2 1 6 66 1090 1092
2006 2 2 1 6 1092 1090 1093
2007 2 2 1 6 1092 1093 945
2008 2 2 1 6 1090 946 1093
2009 2 2 1 6 66 1092 65
2010 2 2 1 6 65 1092 1094
2011 2 2 1 6 65 1094 64
2012 2 2 1 6 1092 945 1094
2013 2 2 1 6 946 1096 1093
2014 2 2 1 6 1093 1096 1095
2015 2 2 1 6 1093 1095 945
2016 2 2 1 6 1096 908 1095
2017 2 2 1 6 213 1098 214
2018 2 2 1 6 214 1098 1097
2019 2 2 1 6 214 1097 215
2020 2 2 1 6 1098 948 1097
2021 2 2 1 6 215 1097 1099
2022 2 2 1 6 1099 1097 1100
2023 2 2 1 6 1099 1100 947
2024 2 2 1 6 1097 948 1100
2025 2 2 1 6 215 1099 216
2026 2 2 1 6 216 1099 1101
2027 2 2 1 6 216 1101 217
2028 2 2 1 6 1099 947 1101
2029 2 2 1 6 948 1103 1100
2030 2 2 1 6 1100 1103 1102
2031 2 2 1 6 1100 1102 947
2032 2 2 1 6 1103 906 1102
2033 2 2 1 6 44 1105 43
2034 2 2 1 6 43 1105 1104
2035 2 2 1 6 43 1104 42
2036 2 2 1 6 1105 950 1104
2037 2 2 1 6 42 1104 1106
2038 2 2 1 6 1106 1104 1107
2039 2 2 1 6 1106 1107 949
2040 2 2 1 6 1104 950 1107
2041 2 2 1 6 42 1106 41
2042 2 2 1 6 41 1106 1108
2043 2 2 1 6 41 1108 40
2044 2 2 1 6 1106 949 1108
2045 2 2 1 6 950 1110 1107
2046 2 2 1 6 1107 1110 1109
2047 2 2 1 6 1107 1109 949
2048 2 2 1 6 1110 910 1109
2049 2 2 1 6 209 1112 210
2050 2 2 1 6 210 1112 1111
2051 2 2 1 6 210 1111 211
2052 2 2 1 6 1112 952 1111
2053 2 2 1 6 211 1111 1113
2054 2 2 1 6 1113 1111 1114
2055 2 2 1 6 1113 1114 951
2056 2 2 1 6 1111 952 1114
2057 2 2 1 6 211 1113 212
2058 2 2 1 6 212 1113 1115
2059 2 2 1 6 212 1115 213
2060 2 2 1 6 1113 951 1115
2061 2 2 1 6 952 1117 1114
2062 2 2 1 6 1114 1117 1116
2063 2 2 1 6 1114 1116 951
2064 2 2 1 6 1117 905 1116
2065 2 2 1 6 217 1119 218
2066 2 2 1 6 218 1119 1118
2067 2 2 1 6 218 1118 219
2068 2 2 1 6 1119 954 1118
2069 2 2 1 6 219 1118 1120
2070 2 2 1 6 1120 1118 1121
2071 2 2 1 6 1120 1121 953
2072 2 2 1 6 1118 954 1121
2073 2 2 1 6 219 1120 220
2074 2 2 1 6 220 1120 1122
2075 2 2 1 6 220 1122 221
2076 2 2 1 6 1120 953 1122
2077 2 2 1 6 954 1124 1121
2078 2 2 1 6 1121 1124 1123
2079 2 2 1 6 1121 1123 953
2080 2 2 1 6 1124 904 1123
2081 2 2 1 6 72 1126 71
2082 2 2 1 6 71 1126 1125
2083 2 2 1 6 71 1125 70
2084 2 2 1 6 1126 956 1125
2085 2 2 1 6 70 1125 1127
2086 2 2 1 6 1127 1125 1128
2087 2 2 1 6 1127 1128 955
2088 2 2 1 6 1125 956 1128
2089 2 2 1 6 70 1127 69
2090 2 2 1 6 69 1127 1129
2091 2 2 1 6 69 1129 68
2092 2 2 1 6 1127 955 1129
2093 2 2 1 6 956 1131 1128
2094 2 2 1 6 1128 1131 1130
2095 2 2 1 6 1128 1130 955
2096 2 2 1 6 1131 903 1130
2097 2 2 1 6 201 1133 202
2098 2 2 1 6 202 1133 1132
2099 2 2 1 6 202 1132 203
2100 2 2 1 6 1133 958 1132
2101 2 2 1 6 203 1132 1134
2102 2 2 1 6 1134 1132 1135
2103 2 2 1 6 1134 1135 957
2104 2 2 1 6 1132 958 1135
2105 2 2 1 6 203 1134 204
2106 2 2 1 6 204 1134 1136
2107 2 2 1 6 204 1136 205
2108 2 2 1 6 1134 957 1136
2109 2 2 1 6 958 1138 1135
2110 2 2 1 6 1135 1138 1137
2111 2 2 1 6 1135 1137 957
2112 2 2 1 6 1138 902 1137
2113 2 2 1 6 64 1094 1028
2114 2 2 1 6 1028 1094 1139
2115 2 2 1 6 1028 1139 928
2116 2 2 1 6 1094 945 1139
2117 2 2 1 6 928 1139 1140
2118 2 2 1 6 1140 1139 1141
2119 2 2 1 6 1140 1141 959
2120 2 2 1 6 1139 945 1141
2121 2 2 1 6 928 1140 1033
2122 2 2 1 6 1033 1140 1142
2123 2 2 1 6 1033 1142 904
2124 2 2 1 6 1140 959 1142
2125 2 2 1 6 945 1095 1141
2126 2 2 1 6 1141 1095 1143
2127 2 2 1 6 1141 1143 959
2128 2 2 1 6 1095 908 1143
2129 2 2 1 6 904 1142 1123
2130 2 2 1 6 1123 1142 1144
2131 2 2 1 6 1123 1144 953
2132 2 2 1 6 1142 959 1144
2133 2 2 1 6 953 1144 1145
2134 2 2 1 6 1145 1144 1146
2135 2 2 1 6 1145 1146 936
2136 2 2 1 6 1144 959 1146
2137 2 2 1 6 953 1145 1122
2138 2 2 1 6 1122 1145 1056
2139 2 2 1 6 1122 1056 221
2140 2 2 1 6 1145 936 1056
2141 2 2 1 6 959 1143 1146
2142 2 2 1 6 1146 1143 1061
2143 2 2 1 6 1146 1061 936
2144 2 2 1 6 1143 908 1061
2145 2 2 1 6 904 1148 1032
2146 2 2 1 6 1032 1148 1147
2147 2 2 1 6 1032 1147 927
2148 2 2 1 6 1148 960 1147
2149 2 2 1 6 927 1147 1149
2150 2 2 1 6 1149 1147 1150
2151 2 2 1 6 1149 1150 934
2152 2 2 1 6 1147 960 1150
2153 2 2 1 6 927 1149 1031
2154 2 2 1 6 1031 1149 1049
2155 2 2 1 6 1031 1049 60
2156 2 2 1 6 1149 934 1049
2157 2 2 1 6 960 1151 1150
2158 2 2 1 6 1150 1151 1054
2159 2 2 1 6 1150 1054 934
2160 2 2 1 6 1151 906 1054
2161 2 2 1 6 905 1153 1039
2162 2 2 1 6 1039 1153 1152
2163 2 2 1 6 1039 1152 929
2164 2 2 1 6 1153 961 1152
2165 2 2 1 6 929 1152 1154
2166 2 2 1 6 1154 1152 1155
2167 2 2 1 6 1154 1155 938
2168 2 2 1 6 1152 961 1155
2169 2 2 1 6 929 1154 1038
2170 2 2 1 6 1038 1154 1063
2171 2 2 1 6 1038 1063 52
2172 2 2 1 6 1154 938 1063
2173 2 2 1 6 961 1156 1155
2174 2 2 1 6 1155 1156 1068
2175 2 2 1 6 1155 1068 938
2176 2 2 1 6 1156 907 1068
2177 2 2 1 6 56 1052 1035
2178 2 2 1 6 1035 1052 1157
2179 2 2 1 6 1035 1157 930
2180 2 2 1 6 1052 933 1157
2181 2 2 1 6 930 1157 1158
2182 2 2 1 6 1158 1157 1159
2183 2 2 1 6 1158 1159 962
2184 2 2 1 6 1157 933 1159
2185 2 2 1 6 930 1158 1040
2186 2 2 1 6 1040 1158 1160
2187 2 2 1 6 1040 1160 905
2188 2 2 1 6 1158 962 1160
2189 2 2 1 6 933 1053 1159
2190 2 2 1 6 1159 1053 1161
2191 2 2 1 6 1159 1161 962
2192 2 2 1 6 1053 906 1161
2193 2 2 1 6 48 1066 1014
2194 2 2 1 6 1014 1066 1162
2195 2 2 1 6 1014 1162 924
2196 2 2 1 6 1066 937 1162
2197 2 2 1 6 924 1162 1163
2198 2 2 1 6 1163 1162 1164
2199 2 2 1 6 1163 1164 963
2200 2 2 1 6 1162 937 1164
2201 2 2 1 6 924 1163 1019
2202 2 2 1 6 1019 1163 1165
2203 2 2 1 6 1019 1165 902
2204 2 2 1 6 1163 963 1165
2205 2 2 1 6 937 1067 1164
2206 2 2 1 6 1164 1067 1166
2207 2 2 1 6 1164 1166 963
2208 2 2 1 6 1067 907 1166
2209 2 2 1 6 225 1059 1021
2210 2 2 1 6 1021 1059 1167
2211 2 2 1 6 1021 1167 926
2212 2 2 1 6 1059 935 1167
2213 2 2 1 6 926 1167 1168
2214 2 2 1 6 1168 1167 1169
2215 2 2 1 6 1168 1169 964
2216 2 2 1 6 1167 935 1169
2217 2 2 1 6 926 1168 1026
2218 2 2 1 6 1026 1168 1170
2219 2 2 1 6 1026 1170 903
2220 2 2 1 6 1168 964 1170
2221 2 2 1 6 935 1060 1169
2222 2 2 1 6 1169 1060 1171
2223 2 2 1 6 1169 1171 964
2224 2 2 1 6 1060 908 1171
2225 2 2 1 6 209 1087 1112
2226 2 2 1 6 1112 1087 1172
2227 2 2 1 6 1112 1172 952
2228 2 2 1 6 1087 943 1172
2229 2 2 1 6 952 1172 1173
2230 2 2 1 6 1173 1172 1174
2231 2 2 1 6 1173 1174 961
2232 2 2 1 6 1172 943 1174
2233 2 2 1 6 952 1173 1117
2234 2 2 1 6 1117 1173 1153
2235 2 2 1 6 1117 1153 905
2236 2 2 1 6 1173 961 1153
2237 2 2 1 6 943 1088 1174
2238 2 2 1 6 1174 1088 1156
2239 2 2 1 6 1174 1156 961
2240 2 2 1 6 1088 907 1156
2241 2 2 1 6 217 1101 1119
2242 2 2 1 6 1119 1101 1175
2243 2 2 1 6 1119 1175 954
2244 2 2 1 6 1101 947 1175
2245 2 2 1 6 954 1175 1176
2246 2 2 1 6 1176 1175 1177
2247 2 2 1 6 1176 1177 960
2248 2 2 1 6 1175 947 1177
2249 2 2 1 6 954 1176 1124
2250 2 2 1 6 1124 1176 1148
2251 2 2 1 6 1124 1148 904
2252 2 2 1 6 1176 960 1148
2253 2 2 1 6 947 1102 1177
2254 2 2 1 6 1177 1102 1151
2255 2 2 1 6 1177 1151 960
2256 2 2 1 6 1102 906 1151
2257 2 2 1 6 905 1160 1116
2258 2 2 1 6 1116 1160 1178
2259 2 2 1 6 1116 1178 951
2260 2 2 1 6 1160 962 1178
2261 2 2 1 6 951 1178 1179
2262 2 2 1 6 1179 1178 1180
2263 2 2 1 6 1179 1180 948
2264 2 2 1 6 1178 962 1180
2265 2 2 1 6 951 1179 1115
2266 2 2 1 6 1115 1179 1098
2267 2 2 1 6 1115 1098 213
2268 2 2 1 6 1179 948 1098
2269 2 2 1 6 962 1161 1180
2270 2 2 1 6 1180 1161 1103
2271 2 2 1 6 1180 1103 948
2272 2 2 1 6 1161 906 1103
2273 2 2 1 6 902 1165 1137
2274 2 2 1 6 1137 1165 1181
2275 2 2 1 6 1137 1181 957
2276 2 2 1 6 1165 963 1181
2277 2 2 1 6 957 1181 1182
2278 2 2 1 6 1182 1181 1183
2279 2 2 1 6 1182 1183 944
2280 2 2 1 6 1181 963 1183
2281 2 2 1 6 957 1182 1136
2282 2 2 1 6 1136 1182 1084
2283 2 2 1 6 1136 1084 205
2284 2 2 1 6 1182 944 1084
2285 2 2 1 6 963 1166 1183
2286 2 2 1 6 1183 1166 1089
2287 2 2 1 6 1183 1089 944
2288 2 2 1 6 1166 907 1089
2289 2 2 1 6 903 1170 1130
2290 2 2 1 6 1130 1170 1184
2291 2 2 1 6 1130 1184 955
2292 2 2 1 6 1170 964 1184
2293 2 2 1 6 955 1184 1185
2294 2 2 1 6 1185 1184 1186
2295 2 2 1 6 1185 1186 946
2296 2 2 1 6 1184 964 1186
2297 2 2 1 6 955 1185 1129
2298 2 2 1 6 1129 1185 1091
2299 2 2 1 6 1129 1091 68
2300 2 2 1 6 1185 946 1091
2301 2 2 1 6 964 1171 1186
2302 2 2 1 6 1186 1171 1096
2303 2 2 1 6 1186 1096 946
2304 2 2 1 6 1171 908 1096
2305 2 2 1 6 72 1073 1126
2306 2 2 1 6 1126 1073 1187
2307 2 2 1 6 1126 1187 956
2308 2 2 1 6 1073 939 1187
2309 2 2 1 6 956 1187 1188
2310 2 2 1 6 1188 1187 1189
2311 2 2 1 6 1188 1189 965
2312 2 2 1 6 1187 939 1189
2313 2 2 1 6 956 1188 1131
2314 2 2 1 6 1131 1188 1190
2315 2 2 1 6 1131 1190 903
2316 2 2 1 6 1188 965 1190
2317 2 2 1 6 939 1074 1189
2318 2 2 1 6 1189 1074 1191
2319 2 2 1 6 1189 1191 965
2320 2 2 1 6 1074 909 1191
2321 2 2 1 6 201 1045 1133
2322 2 2 1 6 1133 1045 1192
2323 2 2 1 6 1133 1192 958
2324 2 2 1 6 1045 931 1192
2325 2 2 1 6 958 1192 1193
2326 2 2 1 6 1193 1192 1194
2327 2 2 1 6 1193 1194 966
2328 2 2 1 6 1192 931 1194
2329 2 2 1 6 958 1193 1138
2330 2 2 1 6 1138 1193 1195
2331 2 2 1 6 1138 1195 902
2332 2 2 1 6 1193 966 1195
2333 2 2 1 6 931 1046 1194
2334 2 2 1 6 1194 1046 1196
2335 2 2 1 6 1194 1196 966
2336 2 2 1 6 1046 910 1196
2337 2 2 1 6 903 1190 1025
2338 2 2 1 6 1025 1190 1197
2339 2 2 1 6 1025 1197 925
2340 2 2 1 6 1190 965 1197
2341 2 2 1 6 925 1197 1198
2342 2 2 1 6 1198 1197 1199
2343 2 2 1 6 1198 1199 942
2344 2 2 1 6 1197 965 1199
2345 2 2 1 6 925 1198 1024
2346 2 2 1 6 1024 1198 1077
2347 2 2 1 6 1024 1077 229
2348 2 2 1 6 1198 942 1077
2349 2 2 1 6 965 1191 1199
2350 2 2 1 6 1199 1191 1082
2351 2 2 1 6 1199 1082 942
2352 2 2 1 6 1191 909 1082
2353 2 2 1 6 902 1195 1018
2354 2 2 1 6 1018 1195 1200
2355 2 2 1 6 1018 1200 923
2356 2 2 1 6 1195 966 1200
2357 2 2 1 6 923 1200 1201
2358 2 2 1 6 1201 1200 1202
2359 2 2 1 6 1201 1202 950
2360 2 2 1 6 1200 966 1202
2361 2 2 1 6 923 1201 1017
2362 2 2 1 6 1017 1201 1105
2363 2 2 1 6 1017 1105 44
2364 2 2 1 6 1201 950 1105
2365 2 2 1 6 966 1196 1202
2366 2 2 1 6 1202 1196 1110
2367 2 2 1 6 1202 1110 950
2368 2 2 1 6 1196 910 1110
2369 2 2 1 6 909 1204 1081
2370 2 2 1 6 1081 1204 1203
2371 2 2 1 6 1081 1203 941
2372 2 2 1 6 1204 967 1203
2373 2 2 1 6 941 1203 1205
2374 2 2 1 6 1205 1203 1206
2375 2 2 1 6 1205 1206 918
2376 2 2 1 6 1203 967 1206
2377 2 2 1 6 941 1205 1080
2378 2 2 1 6 1080 1205 989
2379 2 2 1 6 1080 989 233
2380 2 2 1 6 1205 918 989
2381 2 2 1 6 967 1207 1206
2382 2 2 1 6 1206 1207 992
2383 2 2 1 6 1206 992 918
2384 2 2 1 6 1207 912 992
2385 2 2 1 6 910 1209 1109
2386 2 2 1 6 1109 1209 1208
2387 2 2 1 6 1109 1208 949
2388 2 2 1 6 1209 968 1208
2389 2 2 1 6 949 1208 1210
2390 2 2 1 6 1210 1208 1211
2391 2 2 1 6 1210 1211 917
2392 2 2 1 6 1208 968 1211
2393 2 2 1 6 949 1210 1108
2394 2 2 1 6 1108 1210 984
2395 2 2 1 6 1108 984 40
2396 2 2 1 6 1210 917 984
2397 2 2 1 6 968 1212 1211
2398 2 2 1 6 1211 1212 987
2399 2 2 1 6 1211 987 917
2400 2 2 1 6 1212 911 987
2401 2 2 1 6 197 1011 1042
2402 2 2 1 6 1042 1011 1213
2403 2 2 1 6 1042 1213 932
2404 2 2 1 6 1011 922 1213
2405 2 2 1 6 932 1213 1214
2406 2 2 1 6 1214 1213 1215
2407 2 2 1 6 1214 1215 968
2408 2 2 1 6 1213 922 1215
2409 2 2 1 6 932 1214 1047
2410 2 2 1 6 1047 1214 1209
2411 2 2 1 6 1047 1209 910
2412 2 2 1 6 1214 968 1209
2413 2 2 1 6 922 1012 1215
2414 2 2 1 6 1215 1012 1212
2415 2 2 1 6 1215 1212 968
2416 2 2 1 6 1012 911 1212
2417 2 2 1 6 76 1006 1070
2418 2 2 1 6 1070 1006 1216
2419 2 2 1 6 1070 1216 940
2420 2 2 1 6 1006 921 1216
2421 2 2 1 6 940 1216 1217
2422 2 2 1 6 1217 1216 1218
2423 2 2 1 6 1217 1218 967
2424 2 2 1 6 1216 921 1218
2425 2 2 1 6 940 1217 1075
2426 2 2 1 6 1075 1217 1204
2427 2 2 1 6 1075 1204 909
2428 2 2 1 6 1217 967 1204
2429 2 2 1 6 921 1007 1218
2430 2 2 1 6 1218 1007 1207
2431 2 2 1 6 1218 1207 967
2432 2 2 1 6 1007 912 1207
$EndElements
